Launch_ID,City,Store_ID,Planned_Launch_Date,Owner,Onboarding_Status,Tech_Setup_Status,Testing_Status,Inventory_Readiness,Staffing_Readiness,SOP_Checklist,Expected_Daily_Orders,Planned_Capacity,Readiness_%,Capacity_Utilization_%,Primary_Blocker,Launch_Status,Days_to_or_Past_Launch
LCH10001,Mumbai,ST275,2025-04-13,Ops-E,Complete,Complete,Passed,Ready,Ready,Complete,794,1272,100,62.4,None,Go-Live Ready,-464
LCH10002,Kolkata,ST931,2026-03-12,Ops-D,Complete,Pending,Passed,Ready,Ready,Complete,461,1344,83,34.3,Tech Setup,Delayed,-131
LCH10003,Pune,ST688,2025-09-28,Ops-D,Complete,Complete,Passed,Ready,Ready,Complete,276,1472,100,18.8,None,Go-Live Ready,-296
LCH10004,Mumbai,ST595,2025-04-17,Ops-D,Complete,Complete,Pending,Ready,Ready,Complete,526,1032,83,51.0,Testing,Delayed,-460
LCH10005,Ahmedabad,ST214,2025-03-13,Ops-E,Complete,Complete,Passed,Ready,Ready,Complete,1518,1053,100,144.2,Capacity,Go-Live Ready,-495
LCH10006,Bengaluru,ST211,2025-01-21,Ops-C,Pending,Complete,Passed,Ready,Ready,Complete,374,357,83,104.8,Onboarding,Delayed,-546
LCH10007,Bengaluru,ST861,2025-05-02,Ops-B,Complete,Complete,Passed,Ready,Ready,Complete,1190,439,100,271.1,Capacity,Go-Live Ready,-445
LCH10008,Pune,ST539,2026-04-12,Ops-C,Complete,Complete,Passed,Pending,Ready,Complete,646,1346,83,48.0,Inventory,Delayed,-100
LCH10009,Hyderabad,ST815,2025-08-03,Ops-E,Complete,Complete,Passed,Ready,Ready,Complete,622,1200,100,51.8,None,Go-Live Ready,-352
LCH10010,Kochi,ST247,2025-11-27,Ops-D,Complete,Complete,Passed,Ready,Ready,Complete,1484,677,100,219.2,Capacity,Go-Live Ready,-236
LCH10011,Chennai,ST135,2026-04-04,Ops-B,Complete,Complete,Passed,Pending,Ready,Complete,1310,1221,83,107.3,Inventory,Delayed,-108
LCH10012,Hyderabad,ST409,2025-03-29,Ops-A,Complete,Complete,Passed,Ready,Ready,Complete,624,672,100,92.9,None,Go-Live Ready,-479
LCH10013,Bengaluru,ST638,2026-01-08,Ops-A,Complete,Complete,Passed,Ready,Ready,Complete,366,1386,100,26.4,None,Go-Live Ready,-194
LCH10014,Bengaluru,ST850,2025-04-10,Ops-C,Complete,Complete,Passed,Ready,Ready,Complete,345,1077,100,32.0,None,Go-Live Ready,-467
LCH10015,Delhi NCR,ST114,2025-05-11,Ops-D,Complete,Complete,Passed,Ready,Ready,Complete,350,466,100,75.1,None,Go-Live Ready,-436
LCH10016,Mumbai,ST474,2025-11-05,Ops-A,Complete,Complete,Pending,Ready,Ready,Complete,515,1474,83,34.9,Testing,Delayed,-258
LCH10017,Ahmedabad,ST657,2025-12-10,Ops-C,Complete,Complete,Passed,Ready,Ready,Complete,868,822,100,105.6,Capacity,Go-Live Ready,-223
LCH10018,Chennai,ST528,2026-05-07,Ops-E,Complete,Complete,Passed,Ready,Ready,Complete,549,883,100,62.2,None,Go-Live Ready,-75
LCH10019,Pune,ST828,2026-02-18,Ops-C,Complete,Complete,Passed,Ready,Ready,Pending,739,800,83,92.4,SOP,Delayed,-153
LCH10020,Ahmedabad,ST333,2026-01-21,Ops-C,Complete,Complete,Pending,Ready,Ready,Pending,363,1195,67,30.4,Testing,Delayed,-181
LCH10021,Delhi NCR,ST805,2025-07-11,Ops-C,Complete,Complete,Passed,Ready,Ready,Complete,490,1298,100,37.8,None,Go-Live Ready,-375
LCH10022,Bengaluru,ST663,2025-10-04,Ops-B,Complete,Complete,Passed,Ready,Pending,Complete,1502,859,83,174.9,Staffing,Delayed,-290
LCH10023,Pune,ST987,2025-06-10,Ops-C,Complete,Complete,Passed,Ready,Ready,Complete,1108,1311,100,84.5,None,Go-Live Ready,-406
LCH10024,Bengaluru,ST826,2026-04-05,Ops-C,Complete,Pending,Passed,Ready,Pending,Complete,268,532,67,50.4,Tech Setup,Delayed,-107
LCH10025,Chennai,ST763,2025-11-10,Ops-B,Complete,Complete,Passed,Ready,Ready,Complete,1598,859,100,186.0,Capacity,Go-Live Ready,-253
LCH10026,Mumbai,ST540,2025-01-22,Ops-B,Complete,Complete,Pending,Ready,Ready,Complete,985,1220,83,80.7,Testing,Delayed,-545
LCH10027,Ahmedabad,ST602,2025-09-10,Ops-E,Complete,Pending,Pending,Ready,Ready,Complete,991,1160,67,85.4,Tech Setup,Delayed,-314
LCH10028,Ahmedabad,ST375,2026-04-20,Ops-D,Complete,Complete,Passed,Ready,Ready,Pending,1016,1171,83,86.8,SOP,Delayed,-92
LCH10029,Hyderabad,ST950,2025-02-28,Ops-A,Complete,Complete,Passed,Ready,Ready,Complete,1546,380,100,406.8,Capacity,Go-Live Ready,-508
LCH10030,Pune,ST176,2026-05-26,Ops-A,Complete,Complete,Passed,Ready,Ready,Complete,1352,913,100,148.1,Capacity,Go-Live Ready,-56
LCH10031,Kochi,ST539,2026-04-21,Ops-C,Complete,Complete,Passed,Ready,Pending,Complete,1094,1002,83,109.2,Staffing,Delayed,-91
LCH10032,Delhi NCR,ST832,2025-07-09,Ops-E,Complete,Complete,Pending,Ready,Ready,Complete,551,840,83,65.6,Testing,Delayed,-377
LCH10033,Kochi,ST960,2025-09-01,Ops-C,Complete,Complete,Passed,Pending,Ready,Complete,1567,1064,83,147.3,Inventory,Delayed,-323
LCH10034,Hyderabad,ST799,2026-05-20,Ops-A,Complete,Complete,Passed,Ready,Ready,Pending,1032,1037,83,99.5,SOP,Delayed,-62
LCH10035,Chennai,ST389,2025-05-11,Ops-B,Complete,Complete,Passed,Ready,Pending,Complete,715,905,83,79.0,Staffing,Delayed,-436
LCH10036,Delhi NCR,ST640,2026-04-30,Ops-D,Complete,Complete,Passed,Ready,Ready,Complete,1252,1409,100,88.9,None,Go-Live Ready,-82
LCH10037,Mumbai,ST991,2025-01-21,Ops-E,Complete,Complete,Passed,Pending,Ready,Complete,573,921,83,62.2,Inventory,Delayed,-546
LCH10038,Kochi,ST792,2025-06-16,Ops-B,Complete,Complete,Passed,Ready,Ready,Complete,267,1321,100,20.2,None,Go-Live Ready,-400
LCH10039,Mumbai,ST353,2025-10-01,Ops-D,Complete,Complete,Passed,Ready,Ready,Complete,517,495,100,104.4,Capacity,Go-Live Ready,-293
LCH10040,Kochi,ST226,2026-01-23,Ops-E,Complete,Pending,Passed,Ready,Pending,Pending,1279,1294,50,98.8,Tech Setup,Delayed,-179
LCH10041,Mumbai,ST277,2025-11-12,Ops-E,Complete,Pending,Failed,Ready,Ready,Complete,1278,1245,67,102.7,Tech Setup,Delayed,-251
LCH10042,Kochi,ST137,2025-01-14,Ops-A,Complete,Pending,Passed,Ready,Ready,Complete,1476,343,83,430.3,Tech Setup,Delayed,-553
LCH10043,Mumbai,ST510,2025-08-30,Ops-B,Complete,Complete,Passed,Ready,Ready,Pending,779,692,83,112.6,SOP,Delayed,-325
LCH10044,Hyderabad,ST711,2025-12-12,Ops-E,Complete,Complete,Passed,Ready,Ready,Complete,297,1413,100,21.0,None,Go-Live Ready,-221
LCH10045,Kolkata,ST710,2025-12-06,Ops-E,Pending,Complete,Passed,Ready,Ready,Complete,299,454,83,65.9,Onboarding,Delayed,-227
LCH10046,Delhi NCR,ST227,2025-04-02,Ops-D,Complete,Complete,Passed,Ready,Ready,Pending,965,1277,83,75.6,SOP,Delayed,-475
LCH10047,Pune,ST583,2026-01-02,Ops-A,Complete,Complete,Passed,Ready,Ready,Complete,405,358,100,113.1,Capacity,Go-Live Ready,-200
LCH10048,Chennai,ST268,2026-03-31,Ops-C,Complete,Complete,Passed,Ready,Ready,Complete,231,409,100,56.5,None,Go-Live Ready,-112
LCH10049,Jaipur,ST692,2026-03-04,Ops-A,Complete,Complete,Passed,Ready,Ready,Complete,165,778,100,21.2,None,Go-Live Ready,-139
LCH10050,Bengaluru,ST394,2026-05-24,Ops-C,Complete,Complete,Passed,Ready,Ready,Complete,1050,917,100,114.5,Capacity,Go-Live Ready,-58
LCH10051,Pune,ST945,2025-02-04,Ops-B,Complete,Pending,Pending,Ready,Pending,Complete,342,1083,50,31.6,Tech Setup,Delayed,-532
LCH10052,Bengaluru,ST738,2025-07-25,Ops-B,Pending,Complete,Passed,Ready,Pending,Complete,872,1372,67,63.6,Onboarding,Delayed,-361
LCH10053,Delhi NCR,ST443,2025-03-22,Ops-E,Complete,Complete,Passed,Ready,Ready,Complete,1247,1355,100,92.0,None,Go-Live Ready,-486
LCH10054,Pune,ST410,2026-01-23,Ops-B,Complete,Pending,Failed,Ready,Ready,Complete,1450,900,67,161.1,Tech Setup,Delayed,-179
LCH10055,Mumbai,ST762,2025-01-02,Ops-E,Complete,Complete,Passed,Ready,Ready,Complete,1234,1239,100,99.6,None,Go-Live Ready,-565
LCH10056,Mumbai,ST628,2026-01-25,Ops-A,Complete,Complete,Passed,Ready,Ready,Complete,1122,1291,100,86.9,None,Go-Live Ready,-177
LCH10057,Jaipur,ST640,2025-04-16,Ops-B,Complete,Complete,Passed,Ready,Ready,Complete,1100,830,100,132.5,Capacity,Go-Live Ready,-461
LCH10058,Bengaluru,ST519,2026-04-22,Ops-A,Complete,Complete,Passed,Ready,Ready,Complete,685,1326,100,51.7,None,Go-Live Ready,-90
LCH10059,Chennai,ST544,2026-02-06,Ops-A,Complete,Complete,Passed,Ready,Ready,Complete,492,677,100,72.7,None,Go-Live Ready,-165
LCH10060,Delhi NCR,ST785,2025-06-11,Ops-B,Complete,Complete,Passed,Ready,Ready,Complete,544,871,100,62.5,None,Go-Live Ready,-405
LCH10061,Mumbai,ST658,2025-07-21,Ops-A,Complete,Complete,Passed,Ready,Ready,Complete,1092,886,100,123.3,Capacity,Go-Live Ready,-365
LCH10062,Kolkata,ST940,2025-09-27,Ops-B,Complete,Complete,Passed,Ready,Ready,Complete,407,656,100,62.0,None,Go-Live Ready,-297
LCH10063,Hyderabad,ST336,2025-09-28,Ops-B,Complete,Complete,Passed,Ready,Ready,Complete,1371,984,100,139.3,Capacity,Go-Live Ready,-296
LCH10064,Hyderabad,ST539,2026-04-01,Ops-B,Complete,Pending,Passed,Pending,Ready,Complete,202,1157,67,17.5,Tech Setup,Delayed,-111
LCH10065,Kochi,ST314,2026-04-07,Ops-C,Complete,Complete,Passed,Ready,Ready,Complete,800,958,100,83.5,None,Go-Live Ready,-105
LCH10066,Chennai,ST185,2025-09-09,Ops-A,Complete,Complete,Passed,Ready,Ready,Pending,420,334,83,125.7,SOP,Delayed,-315
LCH10067,Hyderabad,ST894,2025-10-23,Ops-D,Complete,Pending,Passed,Ready,Ready,Complete,350,1306,83,26.8,Tech Setup,Delayed,-271
LCH10068,Kochi,ST844,2025-12-04,Ops-B,Complete,Complete,Failed,Ready,Ready,Pending,545,760,67,71.7,Testing,Delayed,-229
LCH10069,Bengaluru,ST185,2025-02-22,Ops-A,Complete,Pending,Passed,Ready,Ready,Complete,527,1017,83,51.8,Tech Setup,Delayed,-514
LCH10070,Mumbai,ST589,2025-08-05,Ops-E,Complete,Pending,Passed,Ready,Ready,Complete,825,811,83,101.7,Tech Setup,Delayed,-350
LCH10071,Mumbai,ST165,2025-07-07,Ops-B,Complete,Complete,Passed,Ready,Ready,Complete,684,1371,100,49.9,None,Go-Live Ready,-379
LCH10072,Kolkata,ST746,2026-01-15,Ops-B,Complete,Complete,Passed,Ready,Pending,Complete,1072,790,83,135.7,Staffing,Delayed,-187
LCH10073,Pune,ST763,2026-05-08,Ops-D,Complete,Complete,Failed,Ready,Ready,Complete,1261,572,83,220.5,Testing,Delayed,-74
LCH10074,Hyderabad,ST727,2025-02-10,Ops-C,Complete,Complete,Passed,Pending,Ready,Complete,547,1312,83,41.7,Inventory,Delayed,-526
LCH10075,Bengaluru,ST164,2025-06-06,Ops-C,Complete,Complete,Passed,Ready,Ready,Complete,1355,826,100,164.0,Capacity,Go-Live Ready,-410
LCH10076,Ahmedabad,ST443,2025-01-15,Ops-B,Complete,Complete,Passed,Ready,Ready,Complete,1016,1451,100,70.0,None,Go-Live Ready,-552
LCH10077,Hyderabad,ST975,2025-03-06,Ops-A,Complete,Complete,Pending,Ready,Ready,Complete,1456,509,83,286.1,Testing,Delayed,-502
LCH10078,Chennai,ST452,2026-06-05,Ops-E,Complete,Complete,Pending,Ready,Ready,Complete,710,923,83,76.9,Testing,Delayed,-46
LCH10079,Pune,ST258,2025-12-10,Ops-E,Complete,Complete,Passed,Ready,Ready,Complete,339,1465,100,23.1,None,Go-Live Ready,-223
LCH10080,Hyderabad,ST689,2025-05-09,Ops-A,Complete,Complete,Pending,Ready,Ready,Complete,354,472,83,75.0,Testing,Delayed,-438
LCH10081,Bengaluru,ST591,2026-04-17,Ops-B,Complete,Complete,Passed,Ready,Ready,Complete,1117,746,100,149.7,Capacity,Go-Live Ready,-95
LCH10082,Hyderabad,ST758,2025-03-04,Ops-E,Complete,Complete,Passed,Ready,Pending,Pending,193,1442,67,13.4,Staffing,Delayed,-504
LCH10083,Chennai,ST955,2025-05-19,Ops-C,Complete,Complete,Pending,Ready,Ready,Complete,1153,310,83,371.9,Testing,Delayed,-428
LCH10084,Ahmedabad,ST563,2026-05-14,Ops-A,Complete,Pending,Pending,Pending,Ready,Complete,1473,1060,50,139.0,Tech Setup,Delayed,-68
LCH10085,Delhi NCR,ST325,2026-01-27,Ops-D,Pending,Complete,Passed,Ready,Pending,Complete,1168,1477,67,79.1,Onboarding,Delayed,-175
LCH10086,Jaipur,ST413,2026-02-23,Ops-B,Complete,Complete,Passed,Ready,Ready,Complete,789,622,100,126.8,Capacity,Go-Live Ready,-148
LCH10087,Ahmedabad,ST715,2025-10-16,Ops-A,Complete,Complete,Passed,Ready,Ready,Complete,1143,1276,100,89.6,None,Go-Live Ready,-278
LCH10088,Kochi,ST959,2026-01-14,Ops-E,Complete,Complete,Passed,Ready,Ready,Complete,850,744,100,114.2,Capacity,Go-Live Ready,-188
LCH10089,Hyderabad,ST913,2026-05-05,Ops-B,Complete,Complete,Pending,Ready,Ready,Complete,1452,641,83,226.5,Testing,Delayed,-77
LCH10090,Mumbai,ST566,2025-08-19,Ops-C,Complete,Complete,Passed,Ready,Ready,Complete,862,520,100,165.8,Capacity,Go-Live Ready,-336
LCH10091,Kolkata,ST188,2025-02-10,Ops-B,Complete,Complete,Failed,Ready,Ready,Complete,1558,409,83,380.9,Testing,Delayed,-526
LCH10092,Mumbai,ST983,2025-01-28,Ops-B,Complete,Complete,Failed,Ready,Ready,Complete,786,709,83,110.9,Testing,Delayed,-539
LCH10093,Ahmedabad,ST403,2025-05-15,Ops-C,Complete,Complete,Passed,Ready,Pending,Complete,953,804,83,118.5,Staffing,Delayed,-432
LCH10094,Mumbai,ST780,2025-07-20,Ops-C,Complete,Pending,Pending,Ready,Ready,Complete,460,339,67,135.7,Tech Setup,Delayed,-366
LCH10095,Bengaluru,ST535,2025-02-02,Ops-B,Complete,Complete,Passed,Ready,Ready,Complete,1027,562,100,182.7,Capacity,Go-Live Ready,-534
LCH10096,Mumbai,ST782,2025-02-17,Ops-C,Complete,Complete,Passed,Ready,Ready,Complete,1006,1441,100,69.8,None,Go-Live Ready,-519
LCH10097,Pune,ST235,2026-05-18,Ops-A,Complete,Complete,Passed,Ready,Ready,Pending,423,1007,83,42.0,SOP,Delayed,-64
LCH10098,Delhi NCR,ST150,2026-02-11,Ops-C,Complete,Complete,Passed,Ready,Ready,Complete,680,1122,100,60.6,None,Go-Live Ready,-160
LCH10099,Hyderabad,ST532,2025-04-09,Ops-C,Complete,Complete,Passed,Ready,Ready,Complete,166,760,100,21.8,None,Go-Live Ready,-468
LCH10100,Mumbai,ST440,2026-07-01,Ops-B,Complete,Complete,Pending,Ready,Ready,Complete,867,1441,83,60.2,Testing,Delayed,-20
LCH10101,Chennai,ST447,2026-04-07,Ops-A,Complete,Complete,Passed,Ready,Pending,Complete,1203,516,83,233.1,Staffing,Delayed,-105
LCH10102,Delhi NCR,ST746,2025-01-05,Ops-D,Complete,Complete,Passed,Ready,Ready,Complete,619,376,100,164.6,Capacity,Go-Live Ready,-562
LCH10103,Delhi NCR,ST447,2025-08-06,Ops-D,Complete,Complete,Pending,Ready,Ready,Complete,960,1191,83,80.6,Testing,Delayed,-349
LCH10104,Mumbai,ST749,2026-05-18,Ops-E,Pending,Complete,Passed,Pending,Ready,Pending,1477,1495,50,98.8,Onboarding,Delayed,-64
LCH10105,Delhi NCR,ST345,2026-02-02,Ops-C,Complete,Complete,Passed,Ready,Ready,Complete,704,689,100,102.2,Capacity,Go-Live Ready,-169
LCH10106,Kolkata,ST209,2026-01-28,Ops-C,Complete,Complete,Passed,Ready,Ready,Complete,242,1349,100,17.9,None,Go-Live Ready,-174
LCH10107,Mumbai,ST925,2025-07-26,Ops-A,Complete,Complete,Passed,Ready,Ready,Complete,1031,1451,100,71.1,None,Go-Live Ready,-360
LCH10108,Bengaluru,ST899,2025-01-15,Ops-D,Complete,Complete,Passed,Ready,Ready,Complete,727,673,100,108.0,Capacity,Go-Live Ready,-552
LCH10109,Ahmedabad,ST633,2026-04-06,Ops-E,Complete,Complete,Passed,Ready,Ready,Complete,780,953,100,81.8,None,Go-Live Ready,-106
LCH10110,Pune,ST190,2025-08-29,Ops-A,Complete,Complete,Passed,Ready,Ready,Complete,970,1203,100,80.6,None,Go-Live Ready,-326
LCH10111,Jaipur,ST396,2025-04-06,Ops-C,Complete,Complete,Passed,Pending,Ready,Complete,733,1347,83,54.4,Inventory,Delayed,-471
LCH10112,Kochi,ST212,2026-04-30,Ops-D,Complete,Complete,Passed,Ready,Ready,Complete,995,1043,100,95.4,None,Go-Live Ready,-82
LCH10113,Delhi NCR,ST913,2026-02-11,Ops-E,Complete,Complete,Passed,Ready,Ready,Complete,1335,722,100,184.9,Capacity,Go-Live Ready,-160
LCH10114,Bengaluru,ST689,2025-08-19,Ops-B,Complete,Pending,Passed,Ready,Ready,Complete,991,1152,83,86.0,Tech Setup,Delayed,-336
LCH10115,Hyderabad,ST277,2025-06-20,Ops-D,Complete,Complete,Passed,Ready,Ready,Complete,477,1130,100,42.2,None,Go-Live Ready,-396
LCH10116,Hyderabad,ST443,2026-06-25,Ops-E,Complete,Complete,Passed,Ready,Ready,Complete,879,1272,100,69.1,None,Go-Live Ready,-26
LCH10117,Kochi,ST760,2025-02-05,Ops-A,Complete,Complete,Passed,Ready,Ready,Complete,403,928,100,43.4,None,Go-Live Ready,-531
LCH10118,Pune,ST201,2026-06-09,Ops-B,Complete,Complete,Passed,Ready,Pending,Complete,720,869,83,82.9,Staffing,Delayed,-42
LCH10119,Delhi NCR,ST858,2025-06-09,Ops-E,Complete,Complete,Passed,Ready,Ready,Complete,693,421,100,164.6,Capacity,Go-Live Ready,-407
LCH10120,Kolkata,ST729,2025-08-31,Ops-E,Complete,Complete,Passed,Ready,Ready,Complete,1000,458,100,218.3,Capacity,Go-Live Ready,-324
LCH10121,Kochi,ST704,2025-03-27,Ops-C,Complete,Complete,Passed,Ready,Ready,Complete,269,606,100,44.4,None,Go-Live Ready,-481
LCH10122,Pune,ST501,2025-01-28,Ops-D,Complete,Complete,Passed,Ready,Ready,Complete,1124,1412,100,79.6,None,Go-Live Ready,-539
LCH10123,Delhi NCR,ST128,2025-12-06,Ops-C,Complete,Pending,Passed,Ready,Ready,Complete,971,1050,83,92.5,Tech Setup,Delayed,-227
LCH10124,Bengaluru,ST637,2025-11-27,Ops-B,Complete,Complete,Passed,Ready,Ready,Complete,663,1361,100,48.7,None,Go-Live Ready,-236
LCH10125,Ahmedabad,ST158,2026-05-21,Ops-E,Complete,Complete,Passed,Ready,Ready,Complete,1128,890,100,126.7,Capacity,Go-Live Ready,-61
LCH10126,Kolkata,ST598,2025-12-14,Ops-C,Complete,Complete,Passed,Ready,Ready,Complete,246,645,100,38.1,None,Go-Live Ready,-219
LCH10127,Jaipur,ST397,2026-04-18,Ops-D,Complete,Complete,Passed,Ready,Ready,Complete,1020,448,100,227.7,Capacity,Go-Live Ready,-94
LCH10128,Hyderabad,ST234,2025-08-19,Ops-B,Pending,Complete,Pending,Ready,Ready,Complete,1543,1339,67,115.2,Onboarding,Delayed,-336
LCH10129,Chennai,ST431,2025-07-09,Ops-A,Complete,Pending,Passed,Ready,Ready,Pending,1590,1134,67,140.2,Tech Setup,Delayed,-377
LCH10130,Bengaluru,ST349,2025-08-13,Ops-C,Pending,Complete,Passed,Ready,Ready,Complete,406,1080,83,37.6,Onboarding,Delayed,-342
LCH10131,Hyderabad,ST650,2026-01-20,Ops-B,Complete,Pending,Pending,Ready,Ready,Pending,277,417,50,66.4,Tech Setup,Delayed,-182
LCH10132,Mumbai,ST175,2026-01-12,Ops-A,Complete,Complete,Passed,Pending,Ready,Complete,1532,1003,83,152.7,Inventory,Delayed,-190
LCH10133,Chennai,ST754,2025-10-10,Ops-C,Complete,Pending,Passed,Ready,Ready,Complete,1329,616,83,215.7,Tech Setup,Delayed,-284
LCH10134,Hyderabad,ST934,2025-09-16,Ops-B,Complete,Complete,Passed,Ready,Ready,Complete,206,587,100,35.1,None,Go-Live Ready,-308
LCH10135,Pune,ST268,2025-12-25,Ops-B,Complete,Complete,Passed,Ready,Ready,Complete,731,1207,100,60.6,None,Go-Live Ready,-208
LCH10136,Kolkata,ST871,2026-04-01,Ops-C,Complete,Complete,Failed,Ready,Ready,Complete,705,596,83,118.3,Testing,Delayed,-111
LCH10137,Hyderabad,ST603,2026-02-15,Ops-B,Complete,Complete,Pending,Ready,Pending,Complete,873,742,67,117.7,Testing,Delayed,-156
LCH10138,Jaipur,ST985,2025-11-14,Ops-E,Complete,Complete,Passed,Ready,Ready,Complete,802,1200,100,66.8,None,Go-Live Ready,-249
LCH10139,Ahmedabad,ST455,2025-08-13,Ops-C,Complete,Complete,Failed,Ready,Pending,Complete,1249,600,67,208.2,Testing,Delayed,-342
LCH10140,Pune,ST325,2025-08-22,Ops-B,Complete,Complete,Passed,Ready,Ready,Complete,307,1197,100,25.6,None,Go-Live Ready,-333
LCH10141,Bengaluru,ST764,2026-01-09,Ops-A,Complete,Complete,Passed,Ready,Ready,Complete,234,725,100,32.3,None,Go-Live Ready,-193
LCH10142,Bengaluru,ST631,2026-04-17,Ops-A,Complete,Pending,Passed,Ready,Ready,Complete,471,549,83,85.8,Tech Setup,Delayed,-95
LCH10143,Bengaluru,ST246,2025-08-21,Ops-E,Complete,Pending,Passed,Ready,Ready,Complete,458,985,83,46.5,Tech Setup,Delayed,-334
LCH10144,Bengaluru,ST341,2025-04-23,Ops-C,Complete,Complete,Passed,Ready,Ready,Pending,433,1051,83,41.2,SOP,Delayed,-454
LCH10145,Ahmedabad,ST984,2026-05-12,Ops-B,Complete,Complete,Passed,Ready,Ready,Complete,1215,1297,100,93.7,None,Go-Live Ready,-70
LCH10146,Hyderabad,ST993,2026-03-18,Ops-B,Complete,Complete,Passed,Ready,Ready,Complete,1152,705,100,163.4,Capacity,Go-Live Ready,-125
LCH10147,Delhi NCR,ST444,2025-09-25,Ops-A,Complete,Complete,Passed,Ready,Ready,Complete,283,1100,100,25.7,None,Go-Live Ready,-299
LCH10148,Hyderabad,ST849,2026-05-25,Ops-E,Complete,Complete,Passed,Ready,Ready,Complete,763,543,100,140.5,Capacity,Go-Live Ready,-57
LCH10149,Mumbai,ST135,2026-01-21,Ops-A,Complete,Complete,Passed,Ready,Ready,Complete,798,666,100,119.8,Capacity,Go-Live Ready,-181
LCH10150,Kolkata,ST802,2026-01-22,Ops-A,Pending,Complete,Passed,Ready,Ready,Complete,1577,419,83,376.4,Onboarding,Delayed,-180
LCH10151,Chennai,ST101,2025-04-23,Ops-E,Complete,Complete,Pending,Ready,Ready,Complete,1395,1149,83,121.4,Testing,Delayed,-454
LCH10152,Delhi NCR,ST253,2025-03-22,Ops-C,Complete,Complete,Passed,Ready,Ready,Complete,378,732,100,51.6,None,Go-Live Ready,-486
LCH10153,Delhi NCR,ST529,2025-04-23,Ops-B,Complete,Complete,Passed,Ready,Ready,Complete,1147,482,100,238.0,Capacity,Go-Live Ready,-454
LCH10154,Hyderabad,ST608,2025-01-02,Ops-C,Complete,Complete,Failed,Ready,Ready,Complete,1479,1058,83,139.8,Testing,Delayed,-565
LCH10155,Delhi NCR,ST226,2025-08-08,Ops-D,Complete,Complete,Passed,Ready,Ready,Complete,268,1441,100,18.6,None,Go-Live Ready,-347
LCH10156,Kochi,ST591,2025-08-13,Ops-D,Pending,Complete,Passed,Ready,Ready,Complete,1087,330,83,329.4,Onboarding,Delayed,-342
LCH10157,Kochi,ST582,2026-01-20,Ops-D,Complete,Complete,Passed,Ready,Ready,Complete,473,1276,100,37.1,None,Go-Live Ready,-182
LCH10158,Mumbai,ST445,2026-02-07,Ops-E,Complete,Complete,Passed,Pending,Ready,Complete,1070,1472,83,72.7,Inventory,Delayed,-164
LCH10159,Chennai,ST838,2025-05-10,Ops-A,Complete,Complete,Passed,Ready,Ready,Complete,308,827,100,37.2,None,Go-Live Ready,-437
LCH10160,Jaipur,ST321,2025-02-22,Ops-C,Complete,Complete,Passed,Ready,Ready,Complete,388,1163,100,33.4,None,Go-Live Ready,-514
LCH10161,Ahmedabad,ST823,2026-02-20,Ops-B,Complete,Complete,Passed,Ready,Ready,Complete,545,401,100,135.9,Capacity,Go-Live Ready,-151
LCH10162,Hyderabad,ST125,2025-09-04,Ops-D,Complete,Complete,Passed,Ready,Ready,Complete,469,1395,100,33.6,None,Go-Live Ready,-320
LCH10163,Ahmedabad,ST628,2026-03-15,Ops-C,Complete,Complete,Pending,Ready,Ready,Complete,1362,922,83,147.7,Testing,Delayed,-128
LCH10164,Jaipur,ST282,2025-07-22,Ops-D,Complete,Complete,Passed,Ready,Ready,Complete,458,1104,100,41.5,None,Go-Live Ready,-364
LCH10165,Hyderabad,ST599,2025-07-03,Ops-D,Complete,Complete,Pending,Ready,Ready,Complete,398,707,83,56.3,Testing,Delayed,-383
LCH10166,Hyderabad,ST941,2025-05-03,Ops-B,Complete,Complete,Pending,Ready,Ready,Complete,687,1129,83,60.9,Testing,Delayed,-444
LCH10167,Chennai,ST741,2026-02-05,Ops-E,Complete,Pending,Passed,Ready,Ready,Complete,850,1088,83,78.1,Tech Setup,Delayed,-166
LCH10168,Ahmedabad,ST142,2025-10-21,Ops-A,Complete,Complete,Passed,Ready,Ready,Complete,543,917,100,59.2,None,Go-Live Ready,-273
LCH10169,Kochi,ST581,2025-10-07,Ops-E,Complete,Complete,Passed,Ready,Ready,Complete,801,848,100,94.5,None,Go-Live Ready,-287
LCH10170,Bengaluru,ST948,2025-07-17,Ops-C,Complete,Complete,Pending,Ready,Ready,Pending,1167,590,67,197.8,Testing,Delayed,-369
LCH10171,Ahmedabad,ST848,2026-05-26,Ops-E,Complete,Complete,Passed,Ready,Ready,Complete,555,721,100,77.0,None,Go-Live Ready,-56
LCH10172,Kolkata,ST972,2025-05-24,Ops-C,Complete,Complete,Passed,Ready,Ready,Complete,1149,480,100,239.4,Capacity,Go-Live Ready,-423
LCH10173,Kolkata,ST539,2025-07-20,Ops-C,Complete,Complete,Passed,Ready,Ready,Complete,1354,954,100,141.9,Capacity,Go-Live Ready,-366
LCH10174,Hyderabad,ST502,2025-05-04,Ops-A,Complete,Complete,Passed,Ready,Ready,Complete,170,413,100,41.2,None,Go-Live Ready,-443
LCH10175,Bengaluru,ST646,2025-07-06,Ops-B,Complete,Complete,Pending,Ready,Ready,Pending,304,1417,67,21.5,Testing,Delayed,-380
LCH10176,Pune,ST445,2025-11-22,Ops-A,Complete,Complete,Passed,Ready,Ready,Complete,1016,559,100,181.8,Capacity,Go-Live Ready,-241
LCH10177,Jaipur,ST993,2026-04-09,Ops-E,Complete,Complete,Pending,Ready,Ready,Complete,708,1430,83,49.5,Testing,Delayed,-103
LCH10178,Mumbai,ST145,2025-12-15,Ops-C,Complete,Complete,Passed,Ready,Ready,Complete,343,543,100,63.2,None,Go-Live Ready,-218
LCH10179,Bengaluru,ST746,2026-02-07,Ops-D,Complete,Complete,Passed,Ready,Ready,Complete,1397,722,100,193.5,Capacity,Go-Live Ready,-164
LCH10180,Mumbai,ST121,2025-12-12,Ops-D,Complete,Complete,Failed,Pending,Ready,Complete,548,634,67,86.4,Testing,Delayed,-221
LCH10181,Ahmedabad,ST734,2026-05-26,Ops-C,Complete,Complete,Passed,Ready,Ready,Complete,429,1346,100,31.9,None,Go-Live Ready,-56
LCH10182,Ahmedabad,ST170,2025-05-27,Ops-A,Complete,Complete,Pending,Ready,Ready,Complete,1129,570,83,198.1,Testing,Delayed,-420
LCH10183,Mumbai,ST964,2025-05-28,Ops-B,Pending,Complete,Passed,Pending,Ready,Complete,1183,1463,67,80.9,Onboarding,Delayed,-419
LCH10184,Jaipur,ST973,2026-05-04,Ops-A,Complete,Complete,Passed,Ready,Ready,Complete,1549,753,100,205.7,Capacity,Go-Live Ready,-78
LCH10185,Bengaluru,ST148,2025-12-04,Ops-C,Complete,Complete,Passed,Ready,Ready,Complete,621,893,100,69.5,None,Go-Live Ready,-229
LCH10186,Pune,ST591,2026-04-18,Ops-C,Complete,Complete,Failed,Ready,Ready,Complete,301,1309,83,23.0,Testing,Delayed,-94
LCH10187,Hyderabad,ST651,2025-05-31,Ops-B,Complete,Complete,Failed,Ready,Pending,Complete,1297,1155,67,112.3,Testing,Delayed,-416
LCH10188,Chennai,ST387,2026-02-19,Ops-E,Complete,Complete,Passed,Ready,Ready,Complete,951,1479,100,64.3,None,Go-Live Ready,-152
LCH10189,Ahmedabad,ST110,2025-10-25,Ops-E,Complete,Complete,Passed,Ready,Ready,Complete,702,431,100,162.9,Capacity,Go-Live Ready,-269
LCH10190,Kolkata,ST642,2025-09-20,Ops-B,Complete,Complete,Passed,Ready,Ready,Complete,1597,1067,100,149.7,Capacity,Go-Live Ready,-304
LCH10191,Jaipur,ST856,2025-05-24,Ops-E,Complete,Complete,Passed,Ready,Pending,Complete,879,800,83,109.9,Staffing,Delayed,-423
LCH10192,Chennai,ST374,2025-12-12,Ops-D,Complete,Complete,Passed,Ready,Ready,Pending,662,1463,83,45.2,SOP,Delayed,-221
LCH10193,Pune,ST700,2025-01-02,Ops-E,Complete,Complete,Passed,Ready,Ready,Complete,1162,434,100,267.7,Capacity,Go-Live Ready,-565
LCH10194,Delhi NCR,ST856,2025-10-31,Ops-E,Complete,Complete,Failed,Ready,Ready,Complete,320,1066,83,30.0,Testing,Delayed,-263
LCH10195,Hyderabad,ST481,2025-09-11,Ops-E,Complete,Complete,Passed,Ready,Ready,Complete,999,1111,100,89.9,None,Go-Live Ready,-313
LCH10196,Ahmedabad,ST429,2026-03-29,Ops-D,Complete,Complete,Pending,Ready,Ready,Complete,943,1069,83,88.2,Testing,Delayed,-114
LCH10197,Hyderabad,ST579,2025-02-06,Ops-E,Complete,Complete,Passed,Ready,Ready,Complete,274,393,100,69.7,None,Go-Live Ready,-530
LCH10198,Chennai,ST115,2025-06-09,Ops-D,Complete,Complete,Passed,Ready,Ready,Pending,324,464,83,69.8,SOP,Delayed,-407
LCH10199,Hyderabad,ST616,2025-01-09,Ops-B,Complete,Complete,Failed,Ready,Ready,Complete,653,624,83,104.6,Testing,Delayed,-558
LCH10200,Delhi NCR,ST291,2025-08-21,Ops-A,Complete,Complete,Passed,Ready,Ready,Complete,1558,1239,100,125.7,Capacity,Go-Live Ready,-334
LCH10201,Chennai,ST268,2025-04-09,Ops-B,Complete,Complete,Pending,Pending,Ready,Complete,860,919,67,93.6,Testing,Delayed,-468
LCH10202,Ahmedabad,ST621,2025-07-27,Ops-A,Complete,Complete,Failed,Ready,Ready,Complete,255,530,83,48.1,Testing,Delayed,-359
LCH10203,Bengaluru,ST721,2025-05-11,Ops-B,Complete,Complete,Passed,Ready,Pending,Complete,677,881,83,76.8,Staffing,Delayed,-436
LCH10204,Kolkata,ST237,2026-02-08,Ops-A,Complete,Complete,Passed,Ready,Ready,Complete,187,1032,100,18.1,None,Go-Live Ready,-163
LCH10205,Chennai,ST254,2025-06-01,Ops-A,Complete,Complete,Passed,Ready,Ready,Complete,544,1403,100,38.8,None,Go-Live Ready,-415
LCH10206,Kochi,ST488,2025-02-23,Ops-C,Complete,Complete,Passed,Ready,Ready,Pending,1070,970,83,110.3,SOP,Delayed,-513
LCH10207,Delhi NCR,ST309,2025-04-30,Ops-A,Complete,Complete,Passed,Ready,Ready,Pending,626,1484,83,42.2,SOP,Delayed,-447
LCH10208,Chennai,ST372,2026-02-24,Ops-A,Complete,Pending,Passed,Ready,Ready,Pending,871,702,67,124.1,Tech Setup,Delayed,-147
LCH10209,Chennai,ST243,2026-02-26,Ops-C,Complete,Complete,Passed,Ready,Ready,Complete,464,1355,100,34.2,None,Go-Live Ready,-145
LCH10210,Kochi,ST711,2025-04-14,Ops-E,Complete,Complete,Passed,Ready,Ready,Complete,1458,420,100,347.1,Capacity,Go-Live Ready,-463
LCH10211,Ahmedabad,ST989,2025-09-11,Ops-E,Complete,Complete,Passed,Ready,Ready,Complete,1437,1026,100,140.1,Capacity,Go-Live Ready,-313
LCH10212,Chennai,ST920,2025-08-15,Ops-C,Complete,Pending,Passed,Pending,Ready,Complete,514,684,67,75.1,Tech Setup,Delayed,-340
LCH10213,Kolkata,ST169,2025-04-22,Ops-D,Complete,Complete,Passed,Ready,Ready,Complete,330,775,100,42.6,None,Go-Live Ready,-455
LCH10214,Hyderabad,ST347,2026-05-25,Ops-A,Complete,Complete,Passed,Ready,Ready,Complete,883,859,100,102.8,Capacity,Go-Live Ready,-57
LCH10215,Ahmedabad,ST361,2026-04-18,Ops-A,Complete,Complete,Passed,Pending,Pending,Complete,1025,1490,67,68.8,Inventory,Delayed,-94
LCH10216,Kolkata,ST888,2025-04-09,Ops-C,Complete,Complete,Passed,Ready,Ready,Complete,1143,688,100,166.1,Capacity,Go-Live Ready,-468
LCH10217,Ahmedabad,ST179,2025-06-02,Ops-C,Complete,Complete,Passed,Ready,Ready,Complete,810,1089,100,74.4,None,Go-Live Ready,-414
LCH10218,Kolkata,ST758,2025-12-04,Ops-D,Complete,Complete,Passed,Ready,Ready,Complete,393,1052,100,37.4,None,Go-Live Ready,-229
LCH10219,Delhi NCR,ST723,2025-06-12,Ops-E,Pending,Complete,Passed,Ready,Ready,Complete,462,1003,83,46.1,Onboarding,Delayed,-404
LCH10220,Kolkata,ST870,2025-06-10,Ops-B,Pending,Complete,Passed,Ready,Ready,Complete,225,352,83,63.9,Onboarding,Delayed,-406
LCH10221,Mumbai,ST705,2026-02-02,Ops-E,Complete,Complete,Passed,Ready,Ready,Complete,411,866,100,47.5,None,Go-Live Ready,-169
LCH10222,Kolkata,ST625,2025-10-04,Ops-A,Complete,Complete,Failed,Ready,Ready,Pending,380,1120,67,33.9,Testing,Delayed,-290
LCH10223,Bengaluru,ST872,2026-05-19,Ops-C,Complete,Complete,Passed,Ready,Ready,Complete,852,1344,100,63.4,None,Go-Live Ready,-63
LCH10224,Bengaluru,ST721,2026-01-27,Ops-D,Complete,Pending,Passed,Ready,Ready,Complete,1553,1342,83,115.7,Tech Setup,Delayed,-175
LCH10225,Jaipur,ST430,2025-05-15,Ops-E,Complete,Complete,Passed,Ready,Ready,Complete,795,1161,100,68.5,None,Go-Live Ready,-432
LCH10226,Mumbai,ST289,2025-07-14,Ops-D,Complete,Pending,Passed,Ready,Ready,Complete,1482,621,83,238.6,Tech Setup,Delayed,-372
LCH10227,Mumbai,ST195,2026-02-05,Ops-E,Complete,Complete,Passed,Ready,Ready,Complete,1561,1126,100,138.6,Capacity,Go-Live Ready,-166
LCH10228,Hyderabad,ST717,2025-02-02,Ops-A,Complete,Complete,Failed,Ready,Ready,Complete,906,732,83,123.8,Testing,Delayed,-534
LCH10229,Mumbai,ST108,2026-04-05,Ops-B,Complete,Complete,Passed,Ready,Pending,Complete,1498,1382,83,108.4,Staffing,Delayed,-107
LCH10230,Hyderabad,ST167,2026-04-15,Ops-D,Complete,Complete,Pending,Ready,Ready,Complete,991,1474,83,67.2,Testing,Delayed,-97
LCH10231,Jaipur,ST596,2026-01-10,Ops-D,Complete,Complete,Passed,Ready,Ready,Complete,1028,357,100,288.0,Capacity,Go-Live Ready,-192
LCH10232,Jaipur,ST291,2025-01-22,Ops-B,Pending,Complete,Failed,Ready,Ready,Complete,1516,1317,67,115.1,Onboarding,Delayed,-545
LCH10233,Delhi NCR,ST466,2025-02-07,Ops-D,Complete,Complete,Passed,Ready,Ready,Complete,665,1050,100,63.3,None,Go-Live Ready,-529
LCH10234,Bengaluru,ST868,2025-08-18,Ops-D,Complete,Complete,Passed,Ready,Ready,Complete,591,481,100,122.9,Capacity,Go-Live Ready,-337
LCH10235,Kolkata,ST621,2025-12-31,Ops-E,Complete,Complete,Passed,Ready,Ready,Complete,732,906,100,80.8,None,Go-Live Ready,-202
LCH10236,Kolkata,ST217,2026-03-14,Ops-E,Complete,Complete,Passed,Pending,Ready,Complete,411,1401,83,29.3,Inventory,Delayed,-129
LCH10237,Kochi,ST367,2025-10-10,Ops-B,Complete,Complete,Passed,Ready,Ready,Complete,898,1260,100,71.3,None,Go-Live Ready,-284
LCH10238,Kochi,ST711,2025-01-27,Ops-A,Complete,Complete,Passed,Pending,Ready,Complete,968,404,83,239.6,Inventory,Delayed,-540
LCH10239,Pune,ST585,2025-08-14,Ops-D,Complete,Pending,Passed,Pending,Ready,Complete,1151,906,67,127.0,Tech Setup,Delayed,-341
LCH10240,Ahmedabad,ST609,2025-10-04,Ops-A,Complete,Complete,Passed,Ready,Ready,Complete,1016,1289,100,78.8,None,Go-Live Ready,-290
LCH10241,Delhi NCR,ST398,2025-10-11,Ops-B,Complete,Pending,Passed,Ready,Pending,Complete,757,783,67,96.7,Tech Setup,Delayed,-283
LCH10242,Pune,ST264,2026-04-26,Ops-B,Pending,Complete,Passed,Ready,Ready,Complete,1059,428,83,247.4,Onboarding,Delayed,-86
LCH10243,Pune,ST476,2026-03-29,Ops-E,Complete,Complete,Failed,Ready,Pending,Complete,1400,618,67,226.5,Testing,Delayed,-114
LCH10244,Chennai,ST753,2026-05-31,Ops-D,Pending,Complete,Passed,Ready,Ready,Complete,672,1006,83,66.8,Onboarding,Delayed,-51
LCH10245,Chennai,ST368,2026-07-01,Ops-C,Complete,Complete,Passed,Ready,Ready,Complete,1362,808,100,168.6,Capacity,Go-Live Ready,-20
LCH10246,Pune,ST649,2025-07-11,Ops-B,Complete,Complete,Passed,Ready,Ready,Complete,1382,319,100,433.2,Capacity,Go-Live Ready,-375
LCH10247,Mumbai,ST174,2025-02-18,Ops-D,Complete,Complete,Passed,Ready,Ready,Complete,1186,1051,100,112.8,Capacity,Go-Live Ready,-518
LCH10248,Ahmedabad,ST608,2026-05-27,Ops-A,Complete,Pending,Pending,Ready,Ready,Complete,311,534,67,58.2,Tech Setup,Delayed,-55
LCH10249,Delhi NCR,ST173,2025-01-17,Ops-E,Complete,Complete,Passed,Ready,Pending,Complete,154,905,83,17.0,Staffing,Delayed,-550
LCH10250,Pune,ST408,2025-06-21,Ops-A,Complete,Complete,Passed,Ready,Ready,Complete,351,853,100,41.1,None,Go-Live Ready,-395
LCH10251,Kolkata,ST299,2025-08-08,Ops-B,Complete,Complete,Pending,Ready,Pending,Complete,565,752,67,75.1,Testing,Delayed,-347
LCH10252,Ahmedabad,ST230,2025-06-07,Ops-B,Complete,Complete,Passed,Ready,Ready,Complete,1185,885,100,133.9,Capacity,Go-Live Ready,-409
LCH10253,Chennai,ST858,2026-04-22,Ops-A,Complete,Complete,Passed,Ready,Ready,Complete,1097,1283,100,85.5,None,Go-Live Ready,-90
LCH10254,Kolkata,ST924,2025-02-15,Ops-B,Complete,Pending,Failed,Ready,Ready,Pending,1570,722,50,217.5,Tech Setup,Delayed,-521
LCH10255,Chennai,ST672,2026-01-08,Ops-D,Complete,Pending,Passed,Ready,Ready,Complete,1514,1448,83,104.6,Tech Setup,Delayed,-194
LCH10256,Chennai,ST891,2026-06-02,Ops-B,Complete,Pending,Passed,Ready,Ready,Complete,901,305,83,295.4,Tech Setup,Delayed,-49
LCH10257,Ahmedabad,ST715,2025-04-09,Ops-E,Complete,Pending,Passed,Ready,Ready,Complete,1099,757,83,145.2,Tech Setup,Delayed,-468
LCH10258,Chennai,ST908,2025-02-06,Ops-D,Complete,Complete,Passed,Ready,Ready,Complete,522,853,100,61.2,None,Go-Live Ready,-530
LCH10259,Jaipur,ST932,2025-10-07,Ops-C,Complete,Complete,Pending,Ready,Ready,Complete,1551,821,83,188.9,Testing,Delayed,-287
LCH10260,Bengaluru,ST587,2025-12-15,Ops-B,Complete,Complete,Passed,Pending,Ready,Complete,1398,1412,83,99.0,Inventory,Delayed,-218
LCH10261,Jaipur,ST953,2026-05-12,Ops-B,Complete,Pending,Passed,Ready,Ready,Complete,1355,1145,83,118.3,Tech Setup,Delayed,-70
LCH10262,Bengaluru,ST251,2025-10-29,Ops-E,Complete,Complete,Passed,Ready,Ready,Complete,1470,1434,100,102.5,Capacity,Go-Live Ready,-265
LCH10263,Kochi,ST769,2025-06-30,Ops-E,Complete,Complete,Passed,Ready,Pending,Complete,1480,850,83,174.1,Staffing,Delayed,-386
LCH10264,Kochi,ST306,2025-04-09,Ops-A,Complete,Complete,Passed,Ready,Ready,Complete,580,310,100,187.1,Capacity,Go-Live Ready,-468
LCH10265,Chennai,ST279,2025-04-26,Ops-A,Complete,Complete,Passed,Ready,Ready,Complete,839,796,100,105.4,Capacity,Go-Live Ready,-451
LCH10266,Delhi NCR,ST297,2025-07-10,Ops-A,Pending,Complete,Passed,Ready,Ready,Complete,267,1339,83,19.9,Onboarding,Delayed,-376
LCH10267,Delhi NCR,ST835,2025-09-10,Ops-E,Complete,Pending,Failed,Ready,Ready,Complete,1525,1356,67,112.5,Tech Setup,Delayed,-314
LCH10268,Bengaluru,ST189,2025-06-10,Ops-A,Complete,Complete,Passed,Ready,Ready,Complete,737,1044,100,70.6,None,Go-Live Ready,-406
LCH10269,Kolkata,ST899,2025-09-13,Ops-A,Complete,Complete,Passed,Ready,Ready,Complete,1219,788,100,154.7,Capacity,Go-Live Ready,-311
LCH10270,Ahmedabad,ST534,2025-11-19,Ops-C,Complete,Complete,Passed,Ready,Pending,Complete,376,1035,83,36.3,Staffing,Delayed,-244
LCH10271,Chennai,ST888,2025-05-08,Ops-A,Complete,Complete,Passed,Ready,Ready,Complete,1529,757,100,202.0,Capacity,Go-Live Ready,-439
LCH10272,Ahmedabad,ST848,2025-01-18,Ops-B,Complete,Complete,Passed,Ready,Ready,Complete,1467,1374,100,106.8,Capacity,Go-Live Ready,-549
LCH10273,Jaipur,ST283,2025-11-19,Ops-E,Pending,Complete,Passed,Ready,Ready,Complete,1413,763,83,185.2,Onboarding,Delayed,-244
LCH10274,Delhi NCR,ST309,2025-10-15,Ops-D,Complete,Complete,Pending,Ready,Ready,Complete,497,342,83,145.3,Testing,Delayed,-279
LCH10275,Mumbai,ST593,2025-06-04,Ops-C,Complete,Complete,Failed,Ready,Ready,Complete,290,838,83,34.6,Testing,Delayed,-412
LCH10276,Jaipur,ST230,2026-05-05,Ops-E,Complete,Complete,Passed,Ready,Ready,Complete,353,867,100,40.7,None,Go-Live Ready,-77
LCH10277,Jaipur,ST765,2026-01-21,Ops-E,Complete,Complete,Passed,Ready,Pending,Complete,1153,420,83,274.5,Staffing,Delayed,-181
LCH10278,Bengaluru,ST113,2025-04-14,Ops-B,Complete,Complete,Passed,Ready,Ready,Pending,1010,924,83,109.3,SOP,Delayed,-463
LCH10279,Hyderabad,ST734,2026-01-28,Ops-A,Complete,Complete,Passed,Ready,Ready,Pending,994,615,83,161.6,SOP,Delayed,-174
LCH10280,Jaipur,ST971,2025-09-03,Ops-B,Complete,Complete,Passed,Ready,Ready,Complete,1144,1321,100,86.6,None,Go-Live Ready,-321
LCH10281,Chennai,ST832,2025-06-25,Ops-A,Pending,Complete,Passed,Pending,Ready,Complete,1442,1438,67,100.3,Onboarding,Delayed,-391
LCH10282,Pune,ST206,2025-02-08,Ops-A,Complete,Complete,Passed,Ready,Ready,Pending,462,920,83,50.2,SOP,Delayed,-528
LCH10283,Pune,ST475,2026-04-22,Ops-E,Complete,Pending,Passed,Ready,Ready,Complete,1591,753,83,211.3,Tech Setup,Delayed,-90
LCH10284,Chennai,ST682,2026-06-22,Ops-A,Complete,Complete,Passed,Ready,Ready,Complete,286,986,100,29.0,None,Go-Live Ready,-29
LCH10285,Hyderabad,ST807,2026-02-12,Ops-C,Complete,Complete,Passed,Ready,Ready,Complete,500,923,100,54.2,None,Go-Live Ready,-159
LCH10286,Hyderabad,ST798,2026-06-09,Ops-C,Complete,Complete,Passed,Ready,Ready,Complete,1334,911,100,146.4,Capacity,Go-Live Ready,-42
LCH10287,Bengaluru,ST199,2026-05-21,Ops-C,Complete,Complete,Pending,Ready,Ready,Complete,322,1258,83,25.6,Testing,Delayed,-61
LCH10288,Delhi NCR,ST694,2025-02-05,Ops-E,Complete,Complete,Failed,Ready,Ready,Complete,1303,946,83,137.7,Testing,Delayed,-531
LCH10289,Ahmedabad,ST687,2025-01-20,Ops-B,Complete,Complete,Passed,Ready,Ready,Complete,228,1062,100,21.5,None,Go-Live Ready,-547
LCH10290,Hyderabad,ST986,2025-11-17,Ops-D,Complete,Complete,Passed,Ready,Ready,Complete,1128,539,100,209.3,Capacity,Go-Live Ready,-246
LCH10291,Mumbai,ST952,2026-05-27,Ops-A,Complete,Complete,Passed,Ready,Ready,Complete,718,1033,100,69.5,None,Go-Live Ready,-55
LCH10292,Bengaluru,ST292,2026-02-04,Ops-D,Pending,Complete,Passed,Ready,Ready,Complete,1012,1468,83,68.9,Onboarding,Delayed,-167
LCH10293,Kochi,ST425,2026-04-16,Ops-B,Complete,Complete,Passed,Ready,Ready,Complete,206,676,100,30.5,None,Go-Live Ready,-96
LCH10294,Kolkata,ST826,2025-05-23,Ops-B,Complete,Complete,Passed,Ready,Ready,Complete,1573,303,100,519.1,Capacity,Go-Live Ready,-424
LCH10295,Kochi,ST927,2025-04-02,Ops-E,Complete,Complete,Passed,Ready,Ready,Complete,512,1093,100,46.8,None,Go-Live Ready,-475
LCH10296,Bengaluru,ST567,2025-12-20,Ops-C,Complete,Pending,Passed,Ready,Ready,Complete,1508,1145,83,131.7,Tech Setup,Delayed,-213
LCH10297,Jaipur,ST994,2025-02-20,Ops-C,Complete,Complete,Passed,Ready,Pending,Pending,283,496,67,57.1,Staffing,Delayed,-516
LCH10298,Ahmedabad,ST467,2025-07-09,Ops-B,Complete,Complete,Failed,Pending,Ready,Complete,163,688,67,23.7,Testing,Delayed,-377
LCH10299,Kolkata,ST418,2025-05-05,Ops-E,Complete,Complete,Passed,Ready,Ready,Complete,432,560,100,77.1,None,Go-Live Ready,-442
LCH10300,Kochi,ST244,2025-05-30,Ops-E,Complete,Complete,Passed,Ready,Ready,Complete,955,902,100,105.9,Capacity,Go-Live Ready,-417
LCH10301,Kolkata,ST484,2025-11-10,Ops-A,Complete,Complete,Passed,Ready,Pending,Complete,1594,393,83,405.6,Staffing,Delayed,-253
LCH10302,Mumbai,ST316,2025-12-08,Ops-C,Complete,Complete,Passed,Ready,Ready,Complete,276,435,100,63.4,None,Go-Live Ready,-225
LCH10303,Mumbai,ST461,2025-11-01,Ops-B,Complete,Pending,Passed,Ready,Ready,Complete,367,824,83,44.5,Tech Setup,Delayed,-262
LCH10304,Mumbai,ST424,2025-02-23,Ops-D,Complete,Pending,Passed,Ready,Ready,Complete,894,797,83,112.2,Tech Setup,Delayed,-513
LCH10305,Bengaluru,ST115,2026-03-20,Ops-C,Complete,Complete,Passed,Ready,Ready,Complete,829,411,100,201.7,Capacity,Go-Live Ready,-123
LCH10306,Ahmedabad,ST317,2025-09-21,Ops-A,Complete,Complete,Passed,Ready,Ready,Pending,1146,668,83,171.6,SOP,Delayed,-303
LCH10307,Bengaluru,ST592,2025-02-22,Ops-E,Pending,Complete,Passed,Ready,Pending,Pending,409,1235,50,33.1,Onboarding,Delayed,-514
LCH10308,Pune,ST647,2025-01-05,Ops-B,Complete,Complete,Passed,Ready,Ready,Pending,1391,1067,83,130.4,SOP,Delayed,-562
LCH10309,Jaipur,ST283,2025-04-13,Ops-C,Complete,Complete,Passed,Ready,Ready,Pending,248,885,83,28.0,SOP,Delayed,-464
LCH10310,Jaipur,ST370,2025-07-15,Ops-D,Complete,Complete,Passed,Ready,Ready,Complete,331,972,100,34.1,None,Go-Live Ready,-371
LCH10311,Mumbai,ST567,2025-12-16,Ops-A,Complete,Complete,Passed,Ready,Ready,Complete,318,810,100,39.3,None,Go-Live Ready,-217
LCH10312,Pune,ST970,2025-02-16,Ops-A,Pending,Complete,Passed,Pending,Ready,Complete,382,1012,67,37.7,Onboarding,Delayed,-520
LCH10313,Hyderabad,ST712,2025-09-26,Ops-C,Complete,Complete,Passed,Ready,Ready,Complete,1105,1119,100,98.7,None,Go-Live Ready,-298
LCH10314,Hyderabad,ST619,2026-01-05,Ops-D,Complete,Complete,Passed,Ready,Ready,Complete,1266,676,100,187.3,Capacity,Go-Live Ready,-197
LCH10315,Mumbai,ST642,2025-04-16,Ops-A,Complete,Pending,Failed,Ready,Ready,Complete,621,844,67,73.6,Tech Setup,Delayed,-461
LCH10316,Kochi,ST567,2025-04-30,Ops-B,Complete,Complete,Pending,Ready,Ready,Pending,1258,372,67,338.2,Testing,Delayed,-447
LCH10317,Bengaluru,ST405,2025-02-27,Ops-A,Pending,Complete,Passed,Ready,Ready,Complete,828,1273,83,65.0,Onboarding,Delayed,-509
LCH10318,Mumbai,ST244,2025-12-12,Ops-D,Complete,Complete,Pending,Ready,Ready,Complete,530,803,83,66.0,Testing,Delayed,-221
LCH10319,Delhi NCR,ST211,2026-04-19,Ops-E,Complete,Complete,Passed,Ready,Pending,Complete,1580,1104,83,143.1,Staffing,Delayed,-93
LCH10320,Kolkata,ST332,2025-04-27,Ops-E,Complete,Complete,Failed,Ready,Ready,Complete,1405,1009,83,139.2,Testing,Delayed,-450
LCH10321,Jaipur,ST791,2025-05-07,Ops-C,Complete,Pending,Passed,Ready,Ready,Complete,400,624,83,64.1,Tech Setup,Delayed,-440
LCH10322,Hyderabad,ST684,2026-01-28,Ops-D,Complete,Complete,Passed,Ready,Ready,Complete,1258,687,100,183.1,Capacity,Go-Live Ready,-174
LCH10323,Chennai,ST822,2025-02-27,Ops-A,Complete,Pending,Passed,Ready,Ready,Complete,468,1127,83,41.5,Tech Setup,Delayed,-509
LCH10324,Hyderabad,ST832,2026-05-28,Ops-A,Pending,Complete,Passed,Ready,Ready,Complete,342,539,83,63.5,Onboarding,Delayed,-54
LCH10325,Jaipur,ST692,2025-04-06,Ops-E,Complete,Complete,Passed,Pending,Ready,Complete,1086,1275,83,85.2,Inventory,Delayed,-471
LCH10326,Kolkata,ST600,2025-04-28,Ops-E,Complete,Pending,Pending,Ready,Ready,Complete,750,1397,67,53.7,Tech Setup,Delayed,-449
LCH10327,Jaipur,ST695,2026-05-03,Ops-B,Pending,Complete,Passed,Ready,Ready,Complete,756,330,83,229.1,Onboarding,Delayed,-79
LCH10328,Chennai,ST654,2025-08-25,Ops-E,Complete,Pending,Passed,Ready,Ready,Complete,1473,778,83,189.3,Tech Setup,Delayed,-330
LCH10329,Mumbai,ST373,2025-09-29,Ops-B,Complete,Complete,Passed,Ready,Ready,Complete,1531,1337,100,114.5,Capacity,Go-Live Ready,-295
LCH10330,Pune,ST803,2025-07-08,Ops-A,Complete,Pending,Passed,Ready,Ready,Complete,914,1016,83,90.0,Tech Setup,Delayed,-378
LCH10331,Chennai,ST273,2026-03-23,Ops-B,Complete,Complete,Passed,Ready,Pending,Complete,1034,367,83,281.7,Staffing,Delayed,-120
LCH10332,Jaipur,ST107,2025-09-04,Ops-B,Complete,Complete,Passed,Ready,Ready,Complete,1140,1305,100,87.4,None,Go-Live Ready,-320
LCH10333,Jaipur,ST255,2025-03-17,Ops-C,Pending,Complete,Passed,Ready,Ready,Complete,655,837,83,78.3,Onboarding,Delayed,-491
LCH10334,Delhi NCR,ST622,2025-06-03,Ops-E,Complete,Complete,Passed,Ready,Ready,Complete,214,590,100,36.3,None,Go-Live Ready,-413
LCH10335,Delhi NCR,ST646,2026-03-11,Ops-B,Complete,Pending,Passed,Ready,Ready,Complete,371,1274,83,29.1,Tech Setup,Delayed,-132
LCH10336,Ahmedabad,ST648,2025-03-27,Ops-A,Complete,Complete,Passed,Ready,Ready,Complete,615,323,100,190.4,Capacity,Go-Live Ready,-481
LCH10337,Delhi NCR,ST618,2025-10-12,Ops-D,Complete,Complete,Passed,Pending,Ready,Complete,221,714,83,31.0,Inventory,Delayed,-282
LCH10338,Bengaluru,ST315,2025-08-08,Ops-B,Complete,Complete,Pending,Ready,Ready,Complete,1037,1150,83,90.2,Testing,Delayed,-347
LCH10339,Pune,ST234,2025-03-10,Ops-E,Complete,Complete,Passed,Ready,Ready,Complete,623,1261,100,49.4,None,Go-Live Ready,-498
LCH10340,Kolkata,ST385,2025-02-16,Ops-C,Pending,Complete,Passed,Ready,Ready,Complete,804,980,83,82.0,Onboarding,Delayed,-520
LCH10341,Chennai,ST226,2025-04-04,Ops-A,Complete,Complete,Passed,Ready,Ready,Complete,168,1359,100,12.4,None,Go-Live Ready,-473
LCH10342,Jaipur,ST539,2026-03-29,Ops-C,Complete,Pending,Passed,Ready,Ready,Complete,671,400,83,167.8,Tech Setup,Delayed,-114
LCH10343,Ahmedabad,ST949,2025-07-23,Ops-D,Complete,Complete,Passed,Ready,Ready,Complete,933,845,100,110.4,Capacity,Go-Live Ready,-363
LCH10344,Ahmedabad,ST786,2025-08-06,Ops-B,Complete,Complete,Passed,Ready,Ready,Pending,564,338,83,166.9,SOP,Delayed,-349
LCH10345,Kolkata,ST252,2026-04-19,Ops-B,Complete,Complete,Passed,Ready,Ready,Complete,513,510,100,100.6,Capacity,Go-Live Ready,-93
LCH10346,Pune,ST431,2026-03-08,Ops-E,Complete,Complete,Passed,Ready,Pending,Complete,677,1041,83,65.0,Staffing,Delayed,-135
LCH10347,Chennai,ST638,2025-12-07,Ops-B,Complete,Complete,Passed,Ready,Ready,Complete,1253,891,100,140.6,Capacity,Go-Live Ready,-226
LCH10348,Hyderabad,ST483,2025-10-16,Ops-A,Complete,Complete,Passed,Ready,Ready,Complete,945,1049,100,90.1,None,Go-Live Ready,-278
LCH10349,Delhi NCR,ST215,2025-09-11,Ops-D,Complete,Complete,Passed,Ready,Ready,Complete,1363,471,100,289.4,Capacity,Go-Live Ready,-313
LCH10350,Mumbai,ST994,2025-12-23,Ops-C,Complete,Pending,Passed,Ready,Ready,Complete,1321,1137,83,116.2,Tech Setup,Delayed,-210
LCH10351,Ahmedabad,ST582,2025-01-23,Ops-D,Complete,Complete,Passed,Ready,Pending,Complete,592,741,83,79.9,Staffing,Delayed,-544
LCH10352,Delhi NCR,ST384,2026-06-06,Ops-B,Complete,Complete,Passed,Ready,Ready,Complete,414,1382,100,30.0,None,Go-Live Ready,-45
LCH10353,Delhi NCR,ST175,2025-04-10,Ops-C,Complete,Complete,Pending,Ready,Ready,Complete,799,833,83,95.9,Testing,Delayed,-467
LCH10354,Bengaluru,ST266,2025-06-29,Ops-E,Complete,Complete,Passed,Pending,Ready,Complete,658,664,83,99.1,Inventory,Delayed,-387
LCH10355,Pune,ST289,2025-08-11,Ops-D,Complete,Complete,Passed,Ready,Pending,Complete,1474,666,83,221.3,Staffing,Delayed,-344
LCH10356,Mumbai,ST178,2026-03-18,Ops-C,Complete,Complete,Passed,Ready,Ready,Complete,615,595,100,103.4,Capacity,Go-Live Ready,-125
LCH10357,Hyderabad,ST702,2025-11-21,Ops-C,Complete,Complete,Passed,Ready,Ready,Complete,514,905,100,56.8,None,Go-Live Ready,-242
LCH10358,Jaipur,ST788,2026-05-31,Ops-C,Complete,Complete,Passed,Pending,Ready,Complete,1572,1055,83,149.0,Inventory,Delayed,-51
LCH10359,Bengaluru,ST121,2025-01-16,Ops-A,Complete,Complete,Passed,Ready,Ready,Complete,642,822,100,78.1,None,Go-Live Ready,-551
LCH10360,Delhi NCR,ST666,2025-12-02,Ops-D,Complete,Complete,Passed,Ready,Ready,Complete,691,564,100,122.5,Capacity,Go-Live Ready,-231
LCH10361,Delhi NCR,ST284,2025-09-15,Ops-C,Complete,Pending,Passed,Ready,Ready,Complete,1341,1361,83,98.5,Tech Setup,Delayed,-309
LCH10362,Kochi,ST971,2026-05-12,Ops-D,Complete,Complete,Passed,Ready,Ready,Complete,1264,1454,100,86.9,None,Go-Live Ready,-70
LCH10363,Mumbai,ST322,2025-06-09,Ops-C,Pending,Complete,Passed,Ready,Ready,Complete,872,681,83,128.0,Onboarding,Delayed,-407
LCH10364,Mumbai,ST927,2026-04-20,Ops-E,Complete,Complete,Passed,Ready,Ready,Complete,991,1466,100,67.6,None,Go-Live Ready,-92
LCH10365,Kochi,ST428,2026-01-15,Ops-E,Complete,Complete,Pending,Ready,Ready,Complete,449,730,83,61.5,Testing,Delayed,-187
LCH10366,Mumbai,ST279,2026-06-29,Ops-E,Complete,Complete,Passed,Pending,Ready,Complete,323,688,83,46.9,Inventory,Delayed,-22
LCH10367,Delhi NCR,ST888,2026-03-03,Ops-B,Pending,Complete,Pending,Ready,Ready,Complete,795,353,67,225.2,Onboarding,Delayed,-140
LCH10368,Ahmedabad,ST212,2025-09-25,Ops-C,Complete,Complete,Failed,Ready,Ready,Complete,1546,323,83,478.6,Testing,Delayed,-299
LCH10369,Chennai,ST836,2026-02-21,Ops-B,Complete,Complete,Failed,Pending,Pending,Complete,173,694,50,24.9,Testing,Delayed,-150
LCH10370,Delhi NCR,ST826,2025-06-17,Ops-D,Complete,Complete,Passed,Ready,Ready,Complete,1374,932,100,147.4,Capacity,Go-Live Ready,-399
LCH10371,Bengaluru,ST159,2025-02-12,Ops-B,Complete,Complete,Passed,Ready,Ready,Pending,880,418,83,210.5,SOP,Delayed,-524
LCH10372,Pune,ST427,2025-10-12,Ops-D,Complete,Pending,Passed,Ready,Ready,Complete,156,1282,83,12.2,Tech Setup,Delayed,-282
LCH10373,Kochi,ST721,2026-02-01,Ops-D,Complete,Complete,Passed,Ready,Ready,Pending,1179,491,83,240.1,SOP,Delayed,-170
LCH10374,Hyderabad,ST997,2025-01-12,Ops-D,Complete,Pending,Passed,Ready,Ready,Complete,1334,786,83,169.7,Tech Setup,Delayed,-555
LCH10375,Jaipur,ST769,2025-10-29,Ops-B,Complete,Complete,Pending,Ready,Ready,Complete,1027,932,83,110.2,Testing,Delayed,-265
LCH10376,Hyderabad,ST291,2025-09-10,Ops-C,Complete,Pending,Failed,Ready,Ready,Complete,1421,1020,67,139.3,Tech Setup,Delayed,-314
LCH10377,Delhi NCR,ST300,2026-05-14,Ops-B,Complete,Complete,Passed,Ready,Ready,Complete,315,683,100,46.1,None,Go-Live Ready,-68
LCH10378,Bengaluru,ST412,2025-02-04,Ops-C,Complete,Complete,Passed,Ready,Ready,Pending,577,1111,83,51.9,SOP,Delayed,-532
LCH10379,Delhi NCR,ST808,2025-03-31,Ops-C,Complete,Complete,Passed,Ready,Ready,Complete,294,645,100,45.6,None,Go-Live Ready,-477
LCH10380,Pune,ST135,2026-02-22,Ops-D,Complete,Complete,Passed,Ready,Pending,Complete,1082,772,83,140.2,Staffing,Delayed,-149
LCH10381,Ahmedabad,ST479,2025-04-25,Ops-B,Complete,Complete,Passed,Ready,Ready,Complete,658,975,100,67.5,None,Go-Live Ready,-452
LCH10382,Jaipur,ST487,2025-07-15,Ops-C,Pending,Complete,Passed,Ready,Pending,Complete,1056,302,67,349.7,Onboarding,Delayed,-371
LCH10383,Pune,ST858,2026-05-16,Ops-E,Complete,Pending,Passed,Ready,Ready,Complete,1393,1373,83,101.5,Tech Setup,Delayed,-66
LCH10384,Kochi,ST337,2026-05-08,Ops-C,Complete,Complete,Passed,Ready,Ready,Complete,794,1224,100,64.9,None,Go-Live Ready,-74
LCH10385,Kochi,ST716,2025-03-16,Ops-E,Complete,Complete,Pending,Ready,Ready,Pending,225,1175,67,19.1,Testing,Delayed,-492
LCH10386,Delhi NCR,ST619,2026-02-17,Ops-B,Complete,Complete,Passed,Ready,Ready,Complete,973,1283,100,75.8,None,Go-Live Ready,-154
LCH10387,Bengaluru,ST383,2026-01-11,Ops-B,Complete,Complete,Pending,Ready,Ready,Complete,1492,1272,83,117.3,Testing,Delayed,-191
LCH10388,Pune,ST101,2026-02-24,Ops-B,Complete,Complete,Passed,Ready,Ready,Complete,1211,678,100,178.6,Capacity,Go-Live Ready,-147
LCH10389,Kolkata,ST831,2025-10-04,Ops-C,Complete,Complete,Pending,Ready,Ready,Complete,715,437,83,163.6,Testing,Delayed,-290
LCH10390,Bengaluru,ST564,2026-01-29,Ops-A,Complete,Complete,Passed,Ready,Ready,Complete,1419,424,100,334.7,Capacity,Go-Live Ready,-173
LCH10391,Ahmedabad,ST330,2026-04-02,Ops-C,Complete,Complete,Passed,Pending,Ready,Complete,1313,1233,83,106.5,Inventory,Delayed,-110
LCH10392,Kochi,ST272,2025-07-11,Ops-C,Complete,Pending,Passed,Ready,Ready,Complete,1431,779,83,183.7,Tech Setup,Delayed,-375
LCH10393,Delhi NCR,ST187,2025-04-09,Ops-D,Complete,Complete,Pending,Ready,Ready,Complete,766,869,83,88.1,Testing,Delayed,-468
LCH10394,Mumbai,ST653,2026-07-02,Ops-D,Complete,Pending,Passed,Ready,Ready,Complete,530,365,83,145.2,Tech Setup,Delayed,-19
LCH10395,Kochi,ST223,2025-04-06,Ops-C,Complete,Complete,Passed,Ready,Ready,Complete,997,1151,100,86.6,None,Go-Live Ready,-471
LCH10396,Jaipur,ST943,2025-07-09,Ops-E,Complete,Complete,Passed,Ready,Ready,Complete,1358,731,100,185.8,Capacity,Go-Live Ready,-377
LCH10397,Chennai,ST398,2025-02-06,Ops-D,Complete,Complete,Passed,Ready,Ready,Complete,452,1428,100,31.7,None,Go-Live Ready,-530
LCH10398,Mumbai,ST985,2026-01-04,Ops-C,Complete,Complete,Passed,Ready,Ready,Complete,905,1412,100,64.1,None,Go-Live Ready,-198
LCH10399,Delhi NCR,ST790,2026-06-09,Ops-A,Complete,Complete,Passed,Ready,Ready,Complete,313,900,100,34.8,None,Go-Live Ready,-42
LCH10400,Kolkata,ST675,2025-10-06,Ops-E,Complete,Complete,Passed,Ready,Ready,Complete,1376,1155,100,119.1,Capacity,Go-Live Ready,-288
LCH10401,Mumbai,ST584,2025-08-05,Ops-B,Complete,Complete,Failed,Ready,Ready,Complete,1581,305,83,518.4,Testing,Delayed,-350
LCH10402,Jaipur,ST265,2025-09-30,Ops-C,Complete,Complete,Passed,Ready,Ready,Pending,1383,457,83,302.6,SOP,Delayed,-294
LCH10403,Bengaluru,ST799,2025-03-03,Ops-C,Complete,Pending,Pending,Ready,Ready,Complete,250,629,67,39.7,Tech Setup,Delayed,-505
LCH10404,Kolkata,ST483,2025-12-08,Ops-E,Complete,Complete,Passed,Pending,Ready,Complete,1047,1426,83,73.4,Inventory,Delayed,-225
LCH10405,Kochi,ST309,2026-02-01,Ops-D,Complete,Complete,Passed,Ready,Ready,Complete,932,522,100,178.5,Capacity,Go-Live Ready,-170
LCH10406,Kolkata,ST839,2025-01-19,Ops-D,Complete,Complete,Passed,Ready,Ready,Complete,517,701,100,73.8,None,Go-Live Ready,-548
LCH10407,Pune,ST532,2025-06-26,Ops-D,Complete,Complete,Passed,Ready,Ready,Complete,1412,844,100,167.3,Capacity,Go-Live Ready,-390
LCH10408,Jaipur,ST489,2026-01-31,Ops-B,Complete,Complete,Passed,Ready,Ready,Pending,876,808,83,108.4,SOP,Delayed,-171
LCH10409,Mumbai,ST660,2026-03-21,Ops-E,Complete,Complete,Passed,Ready,Ready,Complete,1464,483,100,303.1,Capacity,Go-Live Ready,-122
LCH10410,Pune,ST324,2025-08-21,Ops-E,Complete,Complete,Passed,Ready,Ready,Pending,521,1214,83,42.9,SOP,Delayed,-334
LCH10411,Kolkata,ST103,2025-03-17,Ops-D,Complete,Complete,Passed,Ready,Ready,Complete,1011,1410,100,71.7,None,Go-Live Ready,-491
LCH10412,Pune,ST472,2025-09-22,Ops-D,Complete,Complete,Passed,Pending,Ready,Complete,429,880,83,48.8,Inventory,Delayed,-302
LCH10413,Hyderabad,ST787,2026-03-31,Ops-A,Complete,Complete,Passed,Ready,Ready,Complete,465,837,100,55.6,None,Go-Live Ready,-112
LCH10414,Jaipur,ST546,2026-01-19,Ops-A,Complete,Complete,Passed,Ready,Ready,Complete,1250,817,100,153.0,Capacity,Go-Live Ready,-183
LCH10415,Ahmedabad,ST711,2026-05-21,Ops-C,Complete,Complete,Pending,Ready,Ready,Complete,965,1067,83,90.4,Testing,Delayed,-61
LCH10416,Bengaluru,ST216,2026-01-02,Ops-C,Complete,Complete,Passed,Ready,Ready,Complete,300,594,100,50.5,None,Go-Live Ready,-200
LCH10417,Kolkata,ST370,2025-05-24,Ops-E,Complete,Complete,Passed,Ready,Ready,Complete,1569,1314,100,119.4,Capacity,Go-Live Ready,-423
LCH10418,Jaipur,ST547,2025-03-10,Ops-E,Complete,Complete,Failed,Ready,Ready,Complete,1158,559,83,207.2,Testing,Delayed,-498
LCH10419,Ahmedabad,ST468,2025-04-09,Ops-B,Complete,Complete,Failed,Ready,Ready,Complete,1470,1125,83,130.7,Testing,Delayed,-468
LCH10420,Ahmedabad,ST353,2026-01-31,Ops-B,Complete,Complete,Passed,Ready,Ready,Complete,818,615,100,133.0,Capacity,Go-Live Ready,-171
LCH10421,Delhi NCR,ST417,2025-01-25,Ops-A,Complete,Complete,Passed,Ready,Ready,Complete,556,1045,100,53.2,None,Go-Live Ready,-542
LCH10422,Pune,ST515,2026-04-14,Ops-C,Complete,Complete,Passed,Pending,Ready,Complete,436,1018,83,42.8,Inventory,Delayed,-98
LCH10423,Ahmedabad,ST195,2026-04-29,Ops-A,Complete,Complete,Passed,Ready,Ready,Pending,1066,1400,83,76.1,SOP,Delayed,-83
LCH10424,Hyderabad,ST885,2025-05-31,Ops-A,Complete,Complete,Passed,Ready,Ready,Complete,641,979,100,65.5,None,Go-Live Ready,-416
LCH10425,Jaipur,ST992,2025-05-24,Ops-C,Complete,Complete,Passed,Ready,Ready,Pending,1182,1153,83,102.5,SOP,Delayed,-423
LCH10426,Chennai,ST124,2025-02-08,Ops-B,Complete,Complete,Passed,Ready,Ready,Complete,1305,760,100,171.7,Capacity,Go-Live Ready,-528
LCH10427,Chennai,ST728,2025-04-19,Ops-C,Complete,Complete,Passed,Ready,Ready,Complete,1250,1379,100,90.6,None,Go-Live Ready,-458
LCH10428,Kolkata,ST763,2025-02-11,Ops-D,Pending,Complete,Passed,Ready,Ready,Complete,887,1106,83,80.2,Onboarding,Delayed,-525
LCH10429,Kochi,ST950,2025-07-05,Ops-D,Complete,Complete,Passed,Ready,Ready,Complete,280,1404,100,19.9,None,Go-Live Ready,-381
LCH10430,Pune,ST150,2026-02-02,Ops-D,Pending,Complete,Passed,Ready,Ready,Complete,1146,1499,83,76.5,Onboarding,Delayed,-169
LCH10431,Kochi,ST602,2025-08-11,Ops-E,Pending,Complete,Passed,Ready,Ready,Complete,1585,1092,83,145.1,Onboarding,Delayed,-344
LCH10432,Ahmedabad,ST818,2025-05-13,Ops-B,Complete,Complete,Passed,Ready,Ready,Complete,1263,1229,100,102.8,Capacity,Go-Live Ready,-434
LCH10433,Jaipur,ST598,2025-06-12,Ops-B,Complete,Complete,Passed,Ready,Ready,Complete,647,448,100,144.4,Capacity,Go-Live Ready,-404
LCH10434,Kolkata,ST435,2025-08-03,Ops-E,Complete,Complete,Passed,Pending,Ready,Complete,771,1067,83,72.3,Inventory,Delayed,-352
LCH10435,Mumbai,ST179,2025-08-23,Ops-A,Complete,Complete,Passed,Ready,Ready,Complete,1038,644,100,161.2,Capacity,Go-Live Ready,-332
LCH10436,Ahmedabad,ST682,2025-01-09,Ops-D,Complete,Complete,Passed,Ready,Ready,Complete,503,1273,100,39.5,None,Go-Live Ready,-558
LCH10437,Pune,ST127,2025-03-15,Ops-D,Pending,Complete,Passed,Ready,Ready,Complete,420,1221,83,34.4,Onboarding,Delayed,-493
LCH10438,Chennai,ST371,2026-05-07,Ops-A,Complete,Complete,Passed,Ready,Ready,Complete,1565,329,100,475.7,Capacity,Go-Live Ready,-75
LCH10439,Delhi NCR,ST662,2025-09-10,Ops-C,Complete,Complete,Passed,Ready,Ready,Complete,581,1029,100,56.5,None,Go-Live Ready,-314
LCH10440,Jaipur,ST904,2025-08-18,Ops-C,Complete,Complete,Passed,Ready,Ready,Complete,888,1281,100,69.3,None,Go-Live Ready,-337
LCH10441,Bengaluru,ST347,2026-06-03,Ops-B,Complete,Complete,Passed,Ready,Ready,Complete,621,530,100,117.2,Capacity,Go-Live Ready,-48
LCH10442,Kochi,ST876,2025-06-23,Ops-E,Complete,Complete,Passed,Ready,Ready,Complete,1481,1485,100,99.7,None,Go-Live Ready,-393
LCH10443,Kolkata,ST691,2025-06-17,Ops-B,Complete,Complete,Passed,Ready,Pending,Complete,657,1028,83,63.9,Staffing,Delayed,-399
LCH10444,Kochi,ST487,2025-06-19,Ops-C,Complete,Complete,Passed,Ready,Ready,Complete,204,1045,100,19.5,None,Go-Live Ready,-397
LCH10445,Jaipur,ST802,2026-01-28,Ops-A,Complete,Complete,Failed,Ready,Ready,Complete,186,1396,83,13.3,Testing,Delayed,-174
LCH10446,Kochi,ST659,2025-07-13,Ops-B,Complete,Complete,Passed,Ready,Ready,Pending,1049,698,83,150.3,SOP,Delayed,-373
LCH10447,Jaipur,ST461,2026-06-01,Ops-D,Complete,Complete,Passed,Ready,Ready,Complete,204,394,100,51.8,None,Go-Live Ready,-50
LCH10448,Kochi,ST966,2025-01-29,Ops-D,Complete,Complete,Failed,Ready,Ready,Complete,673,774,83,87.0,Testing,Delayed,-538
LCH10449,Hyderabad,ST588,2025-06-14,Ops-A,Complete,Complete,Pending,Ready,Ready,Complete,1064,1418,83,75.0,Testing,Delayed,-402
LCH10450,Mumbai,ST452,2026-02-26,Ops-C,Complete,Complete,Passed,Ready,Ready,Complete,612,1074,100,57.0,None,Go-Live Ready,-145
LCH10451,Ahmedabad,ST801,2025-12-05,Ops-D,Complete,Complete,Passed,Ready,Ready,Complete,846,1447,100,58.5,None,Go-Live Ready,-228
LCH10452,Ahmedabad,ST356,2026-05-11,Ops-D,Complete,Complete,Passed,Ready,Ready,Complete,865,1099,100,78.7,None,Go-Live Ready,-71
LCH10453,Pune,ST322,2025-12-31,Ops-E,Complete,Complete,Passed,Ready,Ready,Complete,1384,1243,100,111.3,Capacity,Go-Live Ready,-202
LCH10454,Bengaluru,ST984,2025-12-08,Ops-B,Complete,Complete,Passed,Pending,Ready,Complete,1399,1322,83,105.8,Inventory,Delayed,-225
LCH10455,Bengaluru,ST853,2026-05-15,Ops-C,Complete,Complete,Passed,Ready,Ready,Pending,1180,920,83,128.3,SOP,Delayed,-67
LCH10456,Pune,ST881,2026-05-26,Ops-B,Complete,Complete,Passed,Pending,Ready,Complete,881,1159,83,76.0,Inventory,Delayed,-56
LCH10457,Delhi NCR,ST101,2025-11-23,Ops-C,Complete,Complete,Passed,Ready,Ready,Complete,1138,1263,100,90.1,None,Go-Live Ready,-240
LCH10458,Ahmedabad,ST646,2025-08-05,Ops-D,Complete,Complete,Passed,Ready,Ready,Complete,361,1371,100,26.3,None,Go-Live Ready,-350
LCH10459,Delhi NCR,ST546,2025-10-28,Ops-E,Complete,Complete,Pending,Pending,Ready,Pending,1362,1112,50,122.5,Testing,Delayed,-266
LCH10460,Jaipur,ST179,2025-05-12,Ops-B,Complete,Pending,Passed,Ready,Pending,Complete,1248,394,67,316.8,Tech Setup,Delayed,-435
LCH10461,Jaipur,ST336,2025-03-11,Ops-D,Pending,Complete,Passed,Ready,Ready,Complete,903,332,83,272.0,Onboarding,Delayed,-497
LCH10462,Chennai,ST434,2025-09-09,Ops-C,Complete,Pending,Passed,Ready,Ready,Complete,1287,1441,83,89.3,Tech Setup,Delayed,-315
LCH10463,Kochi,ST989,2026-02-19,Ops-B,Complete,Complete,Passed,Ready,Ready,Complete,1324,421,100,314.5,Capacity,Go-Live Ready,-152
LCH10464,Bengaluru,ST449,2026-03-21,Ops-B,Complete,Complete,Passed,Ready,Ready,Complete,585,517,100,113.2,Capacity,Go-Live Ready,-122
LCH10465,Chennai,ST198,2025-07-01,Ops-D,Complete,Complete,Failed,Ready,Ready,Complete,233,1376,83,16.9,Testing,Delayed,-385
LCH10466,Mumbai,ST182,2025-06-16,Ops-B,Complete,Complete,Pending,Ready,Ready,Complete,1385,1449,83,95.6,Testing,Delayed,-400
LCH10467,Pune,ST602,2025-04-01,Ops-E,Complete,Complete,Passed,Ready,Pending,Complete,928,1482,83,62.6,Staffing,Delayed,-476
LCH10468,Pune,ST577,2026-06-15,Ops-E,Complete,Complete,Passed,Ready,Ready,Complete,983,1094,100,89.9,None,Go-Live Ready,-36
LCH10469,Jaipur,ST804,2025-02-08,Ops-D,Complete,Complete,Passed,Pending,Ready,Complete,610,475,83,128.4,Inventory,Delayed,-528
LCH10470,Ahmedabad,ST865,2025-05-06,Ops-C,Pending,Complete,Passed,Ready,Pending,Complete,326,591,67,55.2,Onboarding,Delayed,-441
LCH10471,Delhi NCR,ST650,2026-03-27,Ops-D,Complete,Complete,Passed,Ready,Ready,Complete,461,1482,100,31.1,None,Go-Live Ready,-116
LCH10472,Bengaluru,ST114,2025-06-22,Ops-E,Complete,Complete,Passed,Ready,Ready,Complete,1332,790,100,168.6,Capacity,Go-Live Ready,-394
LCH10473,Chennai,ST492,2025-08-08,Ops-A,Complete,Complete,Passed,Ready,Ready,Complete,335,1060,100,31.6,None,Go-Live Ready,-347
LCH10474,Delhi NCR,ST447,2025-02-27,Ops-A,Complete,Complete,Passed,Ready,Ready,Complete,1482,933,100,158.8,Capacity,Go-Live Ready,-509
LCH10475,Chennai,ST410,2026-04-21,Ops-B,Complete,Complete,Passed,Ready,Ready,Complete,395,424,100,93.2,None,Go-Live Ready,-91
LCH10476,Kochi,ST486,2026-04-01,Ops-B,Complete,Complete,Failed,Ready,Ready,Pending,1166,903,67,129.1,Testing,Delayed,-111
LCH10477,Mumbai,ST309,2025-12-27,Ops-A,Complete,Complete,Passed,Ready,Pending,Complete,533,1237,83,43.1,Staffing,Delayed,-206
LCH10478,Mumbai,ST457,2025-01-01,Ops-E,Complete,Complete,Passed,Ready,Ready,Complete,1215,1428,100,85.1,None,Go-Live Ready,-566
LCH10479,Delhi NCR,ST701,2026-01-22,Ops-B,Complete,Complete,Passed,Ready,Ready,Complete,434,1365,100,31.8,None,Go-Live Ready,-180
LCH10480,Delhi NCR,ST668,2025-12-14,Ops-D,Complete,Complete,Passed,Ready,Ready,Complete,1129,790,100,142.9,Capacity,Go-Live Ready,-219
LCH10481,Delhi NCR,ST194,2025-07-09,Ops-D,Complete,Complete,Passed,Ready,Ready,Complete,1137,864,100,131.6,Capacity,Go-Live Ready,-377
LCH10482,Chennai,ST193,2026-05-20,Ops-E,Complete,Complete,Passed,Ready,Ready,Complete,449,467,100,96.1,None,Go-Live Ready,-62
LCH10483,Kochi,ST440,2025-07-10,Ops-B,Complete,Pending,Passed,Ready,Ready,Complete,1050,1058,83,99.2,Tech Setup,Delayed,-376
LCH10484,Hyderabad,ST697,2026-05-23,Ops-D,Complete,Pending,Passed,Ready,Ready,Complete,1542,1497,83,103.0,Tech Setup,Delayed,-59
LCH10485,Delhi NCR,ST545,2026-01-04,Ops-B,Complete,Complete,Passed,Ready,Ready,Complete,1023,1473,100,69.5,None,Go-Live Ready,-198
LCH10486,Ahmedabad,ST857,2026-02-13,Ops-B,Complete,Complete,Passed,Ready,Ready,Complete,635,548,100,115.9,Capacity,Go-Live Ready,-158
LCH10487,Bengaluru,ST122,2025-04-27,Ops-D,Complete,Complete,Pending,Ready,Ready,Complete,585,479,83,122.1,Testing,Delayed,-450
LCH10488,Bengaluru,ST391,2025-05-14,Ops-A,Complete,Complete,Pending,Ready,Ready,Complete,955,1443,83,66.2,Testing,Delayed,-433
LCH10489,Chennai,ST585,2025-02-27,Ops-D,Complete,Complete,Passed,Ready,Ready,Complete,330,327,100,100.9,Capacity,Go-Live Ready,-509
LCH10490,Delhi NCR,ST884,2025-06-22,Ops-E,Complete,Complete,Passed,Ready,Ready,Complete,1032,416,100,248.1,Capacity,Go-Live Ready,-394
LCH10491,Jaipur,ST406,2025-05-29,Ops-C,Complete,Complete,Passed,Ready,Ready,Complete,1026,1002,100,102.4,Capacity,Go-Live Ready,-418
LCH10492,Pune,ST734,2025-03-21,Ops-D,Complete,Complete,Passed,Ready,Ready,Complete,843,956,100,88.2,None,Go-Live Ready,-487
LCH10493,Hyderabad,ST228,2025-08-01,Ops-B,Complete,Complete,Passed,Ready,Ready,Complete,489,1131,100,43.2,None,Go-Live Ready,-354
LCH10494,Ahmedabad,ST725,2025-07-22,Ops-B,Complete,Complete,Passed,Ready,Pending,Complete,640,561,83,114.1,Staffing,Delayed,-364
LCH10495,Kochi,ST373,2025-08-17,Ops-D,Complete,Complete,Passed,Ready,Ready,Complete,644,925,100,69.6,None,Go-Live Ready,-338
LCH10496,Jaipur,ST948,2025-08-15,Ops-C,Complete,Pending,Passed,Ready,Ready,Complete,879,1084,83,81.1,Tech Setup,Delayed,-340
LCH10497,Mumbai,ST542,2026-06-16,Ops-D,Complete,Complete,Passed,Pending,Pending,Complete,1336,1361,67,98.2,Inventory,Delayed,-35
LCH10498,Jaipur,ST603,2026-03-17,Ops-C,Complete,Complete,Pending,Ready,Ready,Complete,605,496,83,122.0,Testing,Delayed,-126
LCH10499,Chennai,ST230,2026-02-06,Ops-C,Complete,Complete,Passed,Ready,Ready,Complete,1265,983,100,128.7,Capacity,Go-Live Ready,-165
LCH10500,Hyderabad,ST232,2025-02-16,Ops-E,Complete,Complete,Passed,Ready,Ready,Pending,254,1173,83,21.7,SOP,Delayed,-520
LCH10501,Kolkata,ST697,2025-08-21,Ops-B,Complete,Complete,Passed,Ready,Ready,Complete,868,632,100,137.3,Capacity,Go-Live Ready,-334
LCH10502,Kolkata,ST582,2025-11-01,Ops-B,Complete,Pending,Passed,Ready,Ready,Complete,588,1019,83,57.7,Tech Setup,Delayed,-262
LCH10503,Delhi NCR,ST962,2026-06-10,Ops-C,Complete,Complete,Passed,Ready,Ready,Complete,1501,1481,100,101.4,Capacity,Go-Live Ready,-41
LCH10504,Delhi NCR,ST490,2025-05-23,Ops-B,Complete,Complete,Passed,Ready,Ready,Complete,800,1483,100,53.9,None,Go-Live Ready,-424
LCH10505,Chennai,ST693,2026-02-19,Ops-A,Complete,Complete,Passed,Ready,Ready,Complete,658,378,100,174.1,Capacity,Go-Live Ready,-152
LCH10506,Kochi,ST425,2026-05-28,Ops-C,Complete,Complete,Passed,Ready,Ready,Pending,400,496,83,80.6,SOP,Delayed,-54
LCH10507,Delhi NCR,ST169,2026-01-08,Ops-B,Complete,Pending,Passed,Ready,Ready,Complete,1114,1443,83,77.2,Tech Setup,Delayed,-194
LCH10508,Pune,ST760,2025-09-16,Ops-A,Complete,Complete,Passed,Ready,Ready,Complete,1364,525,100,259.8,Capacity,Go-Live Ready,-308
LCH10509,Hyderabad,ST548,2026-04-16,Ops-E,Complete,Complete,Failed,Ready,Ready,Pending,196,894,67,21.9,Testing,Delayed,-96
LCH10510,Chennai,ST628,2025-01-12,Ops-B,Complete,Complete,Passed,Ready,Ready,Complete,1028,1212,100,84.8,None,Go-Live Ready,-555
LCH10511,Bengaluru,ST919,2025-11-26,Ops-A,Complete,Complete,Passed,Ready,Ready,Complete,1424,1034,100,137.7,Capacity,Go-Live Ready,-237
LCH10512,Mumbai,ST717,2025-12-24,Ops-D,Complete,Complete,Passed,Ready,Ready,Pending,1167,1218,83,95.8,SOP,Delayed,-209
LCH10513,Chennai,ST265,2026-02-12,Ops-D,Complete,Complete,Pending,Ready,Ready,Complete,924,836,83,110.5,Testing,Delayed,-159
LCH10514,Chennai,ST588,2026-01-08,Ops-A,Complete,Complete,Passed,Ready,Ready,Complete,1034,519,100,199.2,Capacity,Go-Live Ready,-194
LCH10515,Kolkata,ST813,2025-01-08,Ops-C,Complete,Pending,Passed,Ready,Pending,Complete,213,592,67,36.0,Tech Setup,Delayed,-559
LCH10516,Ahmedabad,ST809,2025-05-02,Ops-C,Pending,Complete,Pending,Pending,Ready,Complete,469,501,50,93.6,Onboarding,Delayed,-445
LCH10517,Kochi,ST526,2025-12-14,Ops-B,Complete,Pending,Passed,Ready,Ready,Complete,1009,331,83,304.8,Tech Setup,Delayed,-219
LCH10518,Ahmedabad,ST797,2025-03-31,Ops-D,Complete,Complete,Passed,Pending,Ready,Complete,929,1412,83,65.8,Inventory,Delayed,-477
LCH10519,Pune,ST934,2025-11-12,Ops-C,Complete,Complete,Passed,Ready,Ready,Complete,1465,1015,100,144.3,Capacity,Go-Live Ready,-251
LCH10520,Bengaluru,ST365,2025-06-27,Ops-C,Complete,Complete,Passed,Ready,Ready,Complete,178,1052,100,16.9,None,Go-Live Ready,-389
LCH10521,Kolkata,ST975,2026-06-24,Ops-D,Complete,Complete,Passed,Pending,Ready,Complete,586,1316,83,44.5,Inventory,Delayed,-27
LCH10522,Bengaluru,ST712,2025-02-10,Ops-E,Complete,Complete,Passed,Ready,Ready,Complete,912,414,100,220.3,Capacity,Go-Live Ready,-526
LCH10523,Pune,ST442,2026-05-17,Ops-C,Complete,Complete,Passed,Ready,Ready,Pending,885,1021,83,86.7,SOP,Delayed,-65
LCH10524,Ahmedabad,ST932,2025-05-25,Ops-A,Pending,Complete,Passed,Ready,Ready,Pending,1220,481,67,253.6,Onboarding,Delayed,-422
LCH10525,Chennai,ST826,2025-07-20,Ops-B,Complete,Complete,Passed,Ready,Ready,Pending,1590,1070,83,148.6,SOP,Delayed,-366
LCH10526,Delhi NCR,ST378,2026-04-06,Ops-C,Complete,Complete,Passed,Ready,Ready,Complete,600,768,100,78.1,None,Go-Live Ready,-106
LCH10527,Delhi NCR,ST774,2026-07-01,Ops-C,Complete,Pending,Passed,Ready,Ready,Complete,782,725,83,107.9,Tech Setup,Delayed,-20
LCH10528,Jaipur,ST539,2025-09-10,Ops-E,Complete,Pending,Passed,Ready,Pending,Complete,1247,1133,67,110.1,Tech Setup,Delayed,-314
LCH10529,Mumbai,ST257,2026-01-25,Ops-A,Complete,Complete,Passed,Ready,Ready,Complete,1226,1383,100,88.6,None,Go-Live Ready,-177
LCH10530,Kochi,ST522,2025-09-13,Ops-B,Complete,Complete,Pending,Ready,Ready,Complete,382,784,83,48.7,Testing,Delayed,-311
LCH10531,Pune,ST351,2026-03-26,Ops-C,Complete,Complete,Passed,Ready,Ready,Complete,349,310,100,112.6,Capacity,Go-Live Ready,-117
LCH10532,Mumbai,ST978,2025-01-10,Ops-B,Complete,Complete,Pending,Ready,Ready,Complete,823,341,83,241.3,Testing,Delayed,-557
LCH10533,Kochi,ST709,2025-08-30,Ops-D,Complete,Complete,Passed,Pending,Pending,Pending,698,422,50,165.4,Inventory,Delayed,-325
LCH10534,Mumbai,ST630,2025-09-08,Ops-C,Complete,Complete,Passed,Ready,Ready,Complete,1086,1000,100,108.6,Capacity,Go-Live Ready,-316
LCH10535,Ahmedabad,ST427,2025-01-05,Ops-C,Complete,Complete,Passed,Ready,Ready,Complete,246,551,100,44.6,None,Go-Live Ready,-562
LCH10536,Kochi,ST995,2025-04-29,Ops-D,Complete,Complete,Passed,Ready,Ready,Complete,198,1272,100,15.6,None,Go-Live Ready,-448
LCH10537,Ahmedabad,ST197,2026-01-09,Ops-E,Complete,Complete,Failed,Ready,Ready,Complete,1045,903,83,115.7,Testing,Delayed,-193
LCH10538,Chennai,ST613,2025-03-06,Ops-C,Complete,Complete,Pending,Ready,Ready,Complete,671,512,83,131.1,Testing,Delayed,-502
LCH10539,Kolkata,ST316,2025-05-26,Ops-B,Complete,Complete,Passed,Ready,Ready,Complete,189,567,100,33.3,None,Go-Live Ready,-421
LCH10540,Ahmedabad,ST232,2025-08-12,Ops-A,Complete,Pending,Passed,Ready,Ready,Complete,1063,1305,83,81.5,Tech Setup,Delayed,-343
LCH10541,Delhi NCR,ST360,2025-08-27,Ops-B,Complete,Complete,Passed,Pending,Ready,Complete,1326,1006,83,131.8,Inventory,Delayed,-328
LCH10542,Mumbai,ST225,2025-06-26,Ops-E,Complete,Complete,Passed,Ready,Ready,Complete,1279,839,100,152.4,Capacity,Go-Live Ready,-390
LCH10543,Jaipur,ST182,2025-10-09,Ops-A,Complete,Complete,Passed,Ready,Ready,Pending,702,1005,83,69.9,SOP,Delayed,-285
LCH10544,Hyderabad,ST383,2025-03-04,Ops-B,Complete,Complete,Passed,Ready,Ready,Complete,825,1310,100,63.0,None,Go-Live Ready,-504
LCH10545,Kochi,ST783,2025-08-05,Ops-B,Complete,Pending,Passed,Ready,Ready,Complete,919,918,83,100.1,Tech Setup,Delayed,-350
LCH10546,Pune,ST159,2026-04-06,Ops-D,Complete,Complete,Passed,Ready,Pending,Complete,360,1458,83,24.7,Staffing,Delayed,-106
LCH10547,Jaipur,ST644,2025-04-15,Ops-E,Complete,Complete,Pending,Pending,Ready,Complete,1375,797,67,172.5,Testing,Delayed,-462
LCH10548,Delhi NCR,ST261,2025-04-09,Ops-D,Complete,Complete,Passed,Ready,Ready,Complete,582,1320,100,44.1,None,Go-Live Ready,-468
LCH10549,Ahmedabad,ST384,2026-05-26,Ops-A,Complete,Complete,Passed,Ready,Ready,Complete,856,1081,100,79.2,None,Go-Live Ready,-56
LCH10550,Kolkata,ST206,2026-01-20,Ops-D,Complete,Complete,Pending,Ready,Ready,Complete,714,425,83,168.0,Testing,Delayed,-182
LCH10551,Chennai,ST205,2026-02-09,Ops-E,Complete,Complete,Passed,Ready,Ready,Complete,296,1140,100,26.0,None,Go-Live Ready,-162
LCH10552,Hyderabad,ST539,2026-06-02,Ops-C,Complete,Complete,Passed,Ready,Ready,Complete,431,1282,100,33.6,None,Go-Live Ready,-49
LCH10553,Bengaluru,ST328,2026-04-21,Ops-C,Complete,Complete,Passed,Ready,Pending,Complete,1483,311,83,476.8,Staffing,Delayed,-91
LCH10554,Jaipur,ST800,2026-03-13,Ops-A,Complete,Pending,Passed,Ready,Ready,Complete,904,815,83,110.9,Tech Setup,Delayed,-130
LCH10555,Kolkata,ST682,2025-01-23,Ops-C,Complete,Complete,Passed,Pending,Pending,Complete,1224,615,67,199.0,Inventory,Delayed,-544
LCH10556,Bengaluru,ST418,2026-04-03,Ops-D,Complete,Complete,Pending,Ready,Ready,Pending,644,1331,67,48.4,Testing,Delayed,-109
LCH10557,Hyderabad,ST564,2025-03-24,Ops-A,Complete,Complete,Failed,Ready,Ready,Complete,558,1447,83,38.6,Testing,Delayed,-484
LCH10558,Pune,ST902,2025-05-25,Ops-E,Complete,Complete,Passed,Ready,Ready,Pending,422,613,83,68.8,SOP,Delayed,-422
LCH10559,Pune,ST699,2025-03-26,Ops-A,Complete,Pending,Passed,Ready,Ready,Complete,607,846,83,71.7,Tech Setup,Delayed,-482
LCH10560,Mumbai,ST982,2025-03-19,Ops-A,Complete,Complete,Passed,Ready,Ready,Complete,1293,338,100,382.5,Capacity,Go-Live Ready,-489
LCH10561,Hyderabad,ST974,2026-04-02,Ops-B,Complete,Complete,Passed,Ready,Ready,Complete,195,1407,100,13.9,None,Go-Live Ready,-110
LCH10562,Hyderabad,ST572,2025-01-01,Ops-B,Complete,Complete,Passed,Ready,Pending,Complete,1416,1344,83,105.4,Staffing,Delayed,-566
LCH10563,Bengaluru,ST156,2025-02-20,Ops-A,Complete,Complete,Passed,Ready,Ready,Complete,460,552,100,83.3,None,Go-Live Ready,-516
LCH10564,Kolkata,ST725,2026-03-22,Ops-C,Complete,Complete,Passed,Ready,Ready,Complete,711,602,100,118.1,Capacity,Go-Live Ready,-121
LCH10565,Kochi,ST113,2026-03-25,Ops-B,Complete,Complete,Passed,Ready,Ready,Complete,480,1278,100,37.6,None,Go-Live Ready,-118
LCH10566,Bengaluru,ST540,2026-05-03,Ops-E,Pending,Complete,Passed,Ready,Ready,Pending,160,557,67,28.7,Onboarding,Delayed,-79
LCH10567,Chennai,ST118,2025-02-03,Ops-D,Complete,Complete,Passed,Ready,Ready,Complete,1057,1299,100,81.4,None,Go-Live Ready,-533
LCH10568,Pune,ST794,2025-12-14,Ops-B,Complete,Complete,Passed,Ready,Ready,Complete,1597,841,100,189.9,Capacity,Go-Live Ready,-219
LCH10569,Pune,ST213,2025-04-05,Ops-A,Complete,Complete,Passed,Pending,Ready,Complete,1221,939,83,130.0,Inventory,Delayed,-472
LCH10570,Mumbai,ST329,2025-03-13,Ops-C,Complete,Complete,Passed,Ready,Ready,Complete,1550,851,100,182.1,Capacity,Go-Live Ready,-495
LCH10571,Chennai,ST271,2025-06-03,Ops-D,Complete,Complete,Passed,Ready,Pending,Complete,157,760,83,20.7,Staffing,Delayed,-413
LCH10572,Pune,ST395,2025-09-07,Ops-B,Pending,Complete,Passed,Ready,Ready,Complete,1133,523,83,216.6,Onboarding,Delayed,-317
LCH10573,Bengaluru,ST289,2026-03-14,Ops-C,Complete,Complete,Pending,Ready,Ready,Complete,1543,391,83,394.6,Testing,Delayed,-129
LCH10574,Chennai,ST526,2025-04-28,Ops-C,Complete,Complete,Passed,Ready,Ready,Complete,715,579,100,123.5,Capacity,Go-Live Ready,-449
LCH10575,Bengaluru,ST179,2025-11-02,Ops-C,Complete,Complete,Passed,Ready,Ready,Complete,422,1493,100,28.3,None,Go-Live Ready,-261
LCH10576,Kochi,ST758,2025-09-25,Ops-A,Complete,Complete,Passed,Ready,Ready,Complete,1090,547,100,199.3,Capacity,Go-Live Ready,-299
LCH10577,Kochi,ST282,2025-02-23,Ops-E,Complete,Complete,Passed,Ready,Ready,Complete,1050,1165,100,90.1,None,Go-Live Ready,-513
LCH10578,Pune,ST599,2025-08-24,Ops-C,Complete,Complete,Passed,Ready,Ready,Complete,280,377,100,74.3,None,Go-Live Ready,-331
LCH10579,Pune,ST898,2026-01-24,Ops-D,Pending,Complete,Passed,Ready,Ready,Complete,873,757,83,115.3,Onboarding,Delayed,-178
LCH10580,Kolkata,ST862,2026-02-05,Ops-B,Complete,Complete,Failed,Ready,Ready,Complete,783,885,83,88.5,Testing,Delayed,-166
LCH10581,Kochi,ST966,2025-10-30,Ops-D,Pending,Complete,Passed,Ready,Ready,Complete,263,1337,83,19.7,Onboarding,Delayed,-264
LCH10582,Jaipur,ST926,2025-07-26,Ops-A,Complete,Complete,Passed,Ready,Pending,Complete,681,344,83,198.0,Staffing,Delayed,-360
LCH10583,Jaipur,ST808,2025-08-17,Ops-A,Complete,Complete,Passed,Ready,Ready,Complete,1512,337,100,448.7,Capacity,Go-Live Ready,-338
LCH10584,Mumbai,ST935,2025-03-16,Ops-D,Complete,Complete,Passed,Ready,Ready,Complete,1194,715,100,167.0,Capacity,Go-Live Ready,-492
LCH10585,Kochi,ST171,2026-03-11,Ops-E,Complete,Complete,Passed,Ready,Ready,Pending,182,544,83,33.5,SOP,Delayed,-132
LCH10586,Bengaluru,ST348,2025-04-13,Ops-A,Complete,Complete,Passed,Pending,Ready,Complete,282,1385,83,20.4,Inventory,Delayed,-464
LCH10587,Bengaluru,ST246,2026-02-26,Ops-A,Complete,Complete,Pending,Ready,Ready,Complete,1069,792,83,135.0,Testing,Delayed,-145
LCH10588,Delhi NCR,ST718,2025-11-02,Ops-D,Complete,Complete,Passed,Ready,Ready,Complete,1124,622,100,180.7,Capacity,Go-Live Ready,-261
LCH10589,Chennai,ST875,2025-04-08,Ops-A,Complete,Complete,Pending,Ready,Ready,Complete,175,767,83,22.8,Testing,Delayed,-469
LCH10590,Ahmedabad,ST396,2025-12-01,Ops-E,Complete,Complete,Passed,Pending,Ready,Complete,1537,1384,83,111.1,Inventory,Delayed,-232
LCH10591,Jaipur,ST682,2026-03-11,Ops-E,Pending,Complete,Passed,Ready,Pending,Pending,750,1442,50,52.0,Onboarding,Delayed,-132
LCH10592,Pune,ST570,2026-03-23,Ops-E,Complete,Complete,Passed,Ready,Pending,Complete,1265,386,83,327.7,Staffing,Delayed,-120
LCH10593,Mumbai,ST606,2025-11-04,Ops-B,Complete,Pending,Passed,Ready,Pending,Complete,694,379,67,183.1,Tech Setup,Delayed,-259
LCH10594,Ahmedabad,ST293,2025-09-06,Ops-E,Complete,Complete,Pending,Ready,Ready,Complete,1411,527,83,267.7,Testing,Delayed,-318
LCH10595,Hyderabad,ST168,2025-06-15,Ops-E,Complete,Complete,Passed,Ready,Pending,Complete,167,782,83,21.4,Staffing,Delayed,-401
LCH10596,Mumbai,ST594,2026-04-26,Ops-B,Complete,Complete,Passed,Ready,Ready,Complete,1447,922,100,156.9,Capacity,Go-Live Ready,-86
LCH10597,Hyderabad,ST917,2025-12-01,Ops-C,Complete,Complete,Failed,Ready,Ready,Complete,1083,1247,83,86.8,Testing,Delayed,-232
LCH10598,Kochi,ST152,2026-06-26,Ops-A,Complete,Complete,Pending,Ready,Ready,Complete,438,784,83,55.9,Testing,Delayed,-25
LCH10599,Hyderabad,ST982,2025-04-16,Ops-E,Complete,Complete,Passed,Ready,Pending,Complete,1200,1139,83,105.4,Staffing,Delayed,-461
LCH10600,Hyderabad,ST463,2025-03-22,Ops-A,Complete,Complete,Pending,Ready,Ready,Pending,966,324,67,298.1,Testing,Delayed,-486
LCH10601,Kolkata,ST897,2025-05-13,Ops-D,Complete,Complete,Passed,Pending,Ready,Complete,257,1078,83,23.8,Inventory,Delayed,-434
LCH10602,Kolkata,ST574,2025-05-18,Ops-A,Complete,Complete,Passed,Ready,Ready,Complete,1122,1230,100,91.2,None,Go-Live Ready,-429
LCH10603,Kolkata,ST946,2025-07-03,Ops-B,Complete,Complete,Passed,Ready,Ready,Complete,1097,1094,100,100.3,Capacity,Go-Live Ready,-383
LCH10604,Kochi,ST621,2026-02-05,Ops-A,Complete,Complete,Pending,Ready,Ready,Pending,887,1052,67,84.3,Testing,Delayed,-166
LCH10605,Ahmedabad,ST863,2025-11-26,Ops-A,Complete,Complete,Passed,Ready,Ready,Complete,473,1400,100,33.8,None,Go-Live Ready,-237
LCH10606,Mumbai,ST531,2026-05-23,Ops-A,Complete,Complete,Passed,Ready,Ready,Complete,1016,725,100,140.1,Capacity,Go-Live Ready,-59
LCH10607,Mumbai,ST944,2025-03-10,Ops-C,Pending,Complete,Passed,Ready,Ready,Complete,884,1390,83,63.6,Onboarding,Delayed,-498
LCH10608,Pune,ST398,2026-06-30,Ops-C,Complete,Complete,Passed,Ready,Ready,Complete,942,959,100,98.2,None,Go-Live Ready,-21
LCH10609,Kolkata,ST535,2025-02-22,Ops-D,Complete,Complete,Passed,Ready,Ready,Complete,1277,984,100,129.8,Capacity,Go-Live Ready,-514
LCH10610,Kochi,ST796,2026-03-26,Ops-B,Complete,Complete,Passed,Ready,Pending,Complete,1505,846,83,177.9,Staffing,Delayed,-117
LCH10611,Pune,ST791,2025-07-24,Ops-A,Complete,Complete,Pending,Ready,Ready,Complete,1535,1400,83,109.6,Testing,Delayed,-362
LCH10612,Chennai,ST298,2025-05-06,Ops-A,Complete,Complete,Passed,Ready,Ready,Complete,438,1215,100,36.0,None,Go-Live Ready,-441
LCH10613,Pune,ST228,2025-02-12,Ops-A,Complete,Complete,Passed,Ready,Ready,Complete,1210,354,100,341.8,Capacity,Go-Live Ready,-524
LCH10614,Ahmedabad,ST632,2025-04-21,Ops-A,Pending,Complete,Passed,Ready,Ready,Complete,1521,613,83,248.1,Onboarding,Delayed,-456
LCH10615,Jaipur,ST511,2025-07-02,Ops-C,Complete,Complete,Failed,Ready,Ready,Complete,1041,519,83,200.6,Testing,Delayed,-384
LCH10616,Hyderabad,ST940,2025-04-05,Ops-D,Complete,Pending,Passed,Ready,Ready,Complete,192,348,83,55.2,Tech Setup,Delayed,-472
LCH10617,Kolkata,ST165,2026-01-09,Ops-E,Complete,Complete,Passed,Ready,Ready,Complete,1299,762,100,170.5,Capacity,Go-Live Ready,-193
LCH10618,Jaipur,ST794,2026-06-04,Ops-B,Complete,Complete,Pending,Ready,Ready,Complete,158,417,83,37.9,Testing,Delayed,-47
LCH10619,Pune,ST341,2025-12-26,Ops-A,Complete,Complete,Passed,Ready,Ready,Complete,1304,381,100,342.3,Capacity,Go-Live Ready,-207
LCH10620,Kochi,ST469,2025-10-08,Ops-D,Complete,Complete,Passed,Ready,Ready,Complete,1498,795,100,188.4,Capacity,Go-Live Ready,-286
LCH10621,Hyderabad,ST636,2025-07-14,Ops-E,Complete,Complete,Passed,Ready,Ready,Complete,333,933,100,35.7,None,Go-Live Ready,-372
LCH10622,Mumbai,ST484,2025-07-14,Ops-D,Complete,Complete,Pending,Ready,Pending,Complete,1455,1136,67,128.1,Testing,Delayed,-372
LCH10623,Bengaluru,ST531,2025-04-03,Ops-C,Complete,Complete,Passed,Ready,Ready,Complete,1044,901,100,115.9,Capacity,Go-Live Ready,-474
LCH10624,Hyderabad,ST183,2025-03-02,Ops-E,Complete,Complete,Passed,Ready,Ready,Complete,1226,1069,100,114.7,Capacity,Go-Live Ready,-506
LCH10625,Ahmedabad,ST931,2025-02-20,Ops-D,Complete,Complete,Pending,Ready,Ready,Complete,1019,972,83,104.8,Testing,Delayed,-516
LCH10626,Ahmedabad,ST797,2026-02-07,Ops-C,Complete,Complete,Passed,Ready,Ready,Pending,682,475,83,143.6,SOP,Delayed,-164
LCH10627,Pune,ST928,2025-01-05,Ops-D,Complete,Pending,Passed,Ready,Ready,Complete,1550,1104,83,140.4,Tech Setup,Delayed,-562
LCH10628,Chennai,ST711,2026-04-11,Ops-D,Complete,Complete,Passed,Ready,Ready,Complete,1468,1412,100,104.0,Capacity,Go-Live Ready,-101
LCH10629,Ahmedabad,ST674,2026-06-18,Ops-E,Complete,Pending,Passed,Ready,Ready,Complete,1381,938,83,147.2,Tech Setup,Delayed,-33
LCH10630,Ahmedabad,ST386,2026-02-09,Ops-C,Complete,Complete,Passed,Pending,Ready,Pending,1149,596,67,192.8,Inventory,Delayed,-162
LCH10631,Kochi,ST634,2026-05-28,Ops-A,Complete,Complete,Passed,Ready,Ready,Pending,812,774,83,104.9,SOP,Delayed,-54
LCH10632,Pune,ST559,2025-08-21,Ops-B,Complete,Complete,Pending,Ready,Ready,Complete,1103,835,83,132.1,Testing,Delayed,-334
LCH10633,Hyderabad,ST312,2026-06-08,Ops-E,Complete,Complete,Passed,Ready,Ready,Complete,218,1360,100,16.0,None,Go-Live Ready,-43
LCH10634,Chennai,ST226,2025-12-12,Ops-C,Pending,Complete,Passed,Ready,Ready,Complete,450,324,83,138.9,Onboarding,Delayed,-221
LCH10635,Jaipur,ST513,2025-02-15,Ops-D,Complete,Complete,Passed,Ready,Ready,Pending,176,648,83,27.2,SOP,Delayed,-521
LCH10636,Bengaluru,ST599,2026-06-30,Ops-C,Complete,Complete,Passed,Ready,Ready,Complete,1079,936,100,115.3,Capacity,Go-Live Ready,-21
LCH10637,Kolkata,ST525,2025-03-19,Ops-B,Complete,Complete,Passed,Ready,Ready,Pending,803,526,83,152.7,SOP,Delayed,-489
LCH10638,Mumbai,ST654,2025-03-14,Ops-B,Pending,Complete,Failed,Ready,Ready,Complete,702,337,67,208.3,Onboarding,Delayed,-494
LCH10639,Ahmedabad,ST710,2025-09-06,Ops-A,Complete,Complete,Passed,Ready,Ready,Complete,255,869,100,29.3,None,Go-Live Ready,-318
LCH10640,Pune,ST643,2025-02-16,Ops-A,Pending,Complete,Failed,Ready,Ready,Complete,735,535,67,137.4,Onboarding,Delayed,-520
LCH10641,Kolkata,ST258,2025-05-01,Ops-B,Complete,Complete,Passed,Ready,Ready,Complete,721,413,100,174.6,Capacity,Go-Live Ready,-446
LCH10642,Mumbai,ST212,2025-08-02,Ops-E,Complete,Complete,Passed,Ready,Ready,Pending,959,605,83,158.5,SOP,Delayed,-353
LCH10643,Mumbai,ST502,2025-08-27,Ops-E,Complete,Complete,Passed,Ready,Ready,Complete,783,431,100,181.7,Capacity,Go-Live Ready,-328
LCH10644,Jaipur,ST859,2025-02-25,Ops-D,Pending,Pending,Passed,Ready,Ready,Pending,1184,647,50,183.0,Onboarding,Delayed,-511
LCH10645,Jaipur,ST222,2025-12-16,Ops-A,Complete,Complete,Passed,Ready,Ready,Complete,1080,714,100,151.3,Capacity,Go-Live Ready,-217
LCH10646,Jaipur,ST373,2025-04-17,Ops-D,Complete,Complete,Passed,Ready,Ready,Complete,808,1282,100,63.0,None,Go-Live Ready,-460
LCH10647,Delhi NCR,ST394,2025-02-17,Ops-A,Complete,Complete,Pending,Ready,Ready,Complete,1389,1031,83,134.7,Testing,Delayed,-519
LCH10648,Delhi NCR,ST498,2025-12-03,Ops-B,Complete,Complete,Passed,Ready,Ready,Complete,1035,953,100,108.6,Capacity,Go-Live Ready,-230
LCH10649,Mumbai,ST571,2025-01-26,Ops-E,Complete,Complete,Passed,Ready,Ready,Complete,470,684,100,68.7,None,Go-Live Ready,-541
LCH10650,Jaipur,ST307,2025-09-14,Ops-E,Complete,Complete,Passed,Ready,Ready,Pending,609,811,83,75.1,SOP,Delayed,-310
LCH10651,Kochi,ST210,2025-01-08,Ops-B,Complete,Pending,Passed,Ready,Ready,Complete,728,1366,83,53.3,Tech Setup,Delayed,-559
LCH10652,Ahmedabad,ST540,2025-09-10,Ops-D,Complete,Complete,Passed,Pending,Ready,Complete,1026,1441,83,71.2,Inventory,Delayed,-314
LCH10653,Kolkata,ST378,2025-10-30,Ops-D,Complete,Complete,Passed,Ready,Ready,Complete,903,360,100,250.8,Capacity,Go-Live Ready,-264
LCH10654,Kolkata,ST668,2025-02-25,Ops-C,Complete,Complete,Passed,Ready,Pending,Complete,309,852,83,36.3,Staffing,Delayed,-511
LCH10655,Delhi NCR,ST987,2026-06-10,Ops-A,Complete,Complete,Passed,Ready,Ready,Complete,613,487,100,125.9,Capacity,Go-Live Ready,-41
LCH10656,Mumbai,ST669,2026-04-19,Ops-D,Complete,Pending,Passed,Ready,Ready,Complete,1147,752,83,152.5,Tech Setup,Delayed,-93
LCH10657,Pune,ST582,2025-01-28,Ops-B,Complete,Complete,Passed,Ready,Ready,Complete,1446,1146,100,126.2,Capacity,Go-Live Ready,-539
LCH10658,Hyderabad,ST903,2025-03-19,Ops-D,Complete,Complete,Passed,Ready,Ready,Complete,390,486,100,80.2,None,Go-Live Ready,-489
LCH10659,Hyderabad,ST214,2025-08-04,Ops-E,Pending,Complete,Pending,Ready,Ready,Complete,1085,1237,67,87.7,Onboarding,Delayed,-351
LCH10660,Delhi NCR,ST993,2026-01-21,Ops-A,Complete,Complete,Passed,Ready,Ready,Pending,1113,463,83,240.4,SOP,Delayed,-181
LCH10661,Pune,ST997,2025-12-31,Ops-C,Complete,Complete,Passed,Ready,Pending,Complete,1108,401,83,276.3,Staffing,Delayed,-202
LCH10662,Delhi NCR,ST920,2026-06-10,Ops-A,Pending,Complete,Passed,Ready,Ready,Complete,1014,1476,83,68.7,Onboarding,Delayed,-41
LCH10663,Hyderabad,ST953,2025-11-08,Ops-E,Pending,Complete,Passed,Ready,Ready,Complete,1340,990,83,135.4,Onboarding,Delayed,-255
LCH10664,Pune,ST577,2025-01-07,Ops-E,Complete,Complete,Passed,Ready,Ready,Complete,799,877,100,91.1,None,Go-Live Ready,-560
LCH10665,Jaipur,ST810,2025-01-03,Ops-E,Complete,Complete,Failed,Ready,Ready,Complete,476,910,83,52.3,Testing,Delayed,-564
LCH10666,Mumbai,ST421,2025-12-29,Ops-E,Complete,Complete,Passed,Pending,Ready,Complete,1014,835,83,121.4,Inventory,Delayed,-204
LCH10667,Kolkata,ST279,2026-05-23,Ops-B,Complete,Complete,Passed,Ready,Ready,Complete,678,1060,100,64.0,None,Go-Live Ready,-59
LCH10668,Kochi,ST997,2025-10-01,Ops-C,Complete,Complete,Passed,Ready,Ready,Complete,1446,1195,100,121.0,Capacity,Go-Live Ready,-293
LCH10669,Chennai,ST319,2026-05-21,Ops-E,Complete,Complete,Passed,Ready,Ready,Complete,1028,1270,100,80.9,None,Go-Live Ready,-61
LCH10670,Mumbai,ST889,2025-01-15,Ops-E,Complete,Complete,Pending,Ready,Ready,Complete,1549,423,83,366.2,Testing,Delayed,-552
LCH10671,Jaipur,ST628,2025-07-11,Ops-D,Complete,Complete,Passed,Ready,Ready,Complete,1548,967,100,160.1,Capacity,Go-Live Ready,-375
LCH10672,Hyderabad,ST592,2026-04-30,Ops-C,Complete,Complete,Passed,Pending,Ready,Complete,483,648,83,74.5,Inventory,Delayed,-82
LCH10673,Jaipur,ST991,2025-01-28,Ops-A,Pending,Complete,Passed,Ready,Ready,Complete,1176,548,83,214.6,Onboarding,Delayed,-539
LCH10674,Delhi NCR,ST161,2025-02-08,Ops-C,Complete,Complete,Passed,Pending,Ready,Complete,1416,1006,83,140.8,Inventory,Delayed,-528
LCH10675,Pune,ST154,2025-09-30,Ops-C,Pending,Complete,Passed,Ready,Ready,Complete,1224,1012,83,120.9,Onboarding,Delayed,-294
LCH10676,Kolkata,ST780,2025-08-19,Ops-C,Pending,Pending,Pending,Ready,Pending,Complete,1031,1306,33,78.9,Onboarding,Delayed,-336
LCH10677,Ahmedabad,ST638,2025-03-27,Ops-E,Complete,Complete,Passed,Ready,Ready,Complete,499,546,100,91.4,None,Go-Live Ready,-481
LCH10678,Delhi NCR,ST948,2026-04-19,Ops-E,Complete,Complete,Passed,Ready,Ready,Complete,323,780,100,41.4,None,Go-Live Ready,-93
LCH10679,Mumbai,ST165,2025-05-06,Ops-B,Complete,Complete,Passed,Pending,Ready,Complete,265,397,83,66.8,Inventory,Delayed,-441
LCH10680,Delhi NCR,ST712,2026-06-21,Ops-A,Complete,Complete,Passed,Ready,Ready,Complete,510,628,100,81.2,None,Go-Live Ready,-30
LCH10681,Mumbai,ST686,2025-05-25,Ops-D,Complete,Complete,Passed,Ready,Ready,Complete,1528,1328,100,115.1,Capacity,Go-Live Ready,-422
LCH10682,Ahmedabad,ST804,2026-06-09,Ops-C,Complete,Complete,Passed,Ready,Ready,Complete,225,758,100,29.7,None,Go-Live Ready,-42
LCH10683,Bengaluru,ST271,2025-07-31,Ops-A,Pending,Complete,Passed,Ready,Ready,Complete,905,1095,83,82.6,Onboarding,Delayed,-355
LCH10684,Kolkata,ST373,2025-01-25,Ops-A,Complete,Complete,Passed,Pending,Ready,Complete,1254,892,83,140.6,Inventory,Delayed,-542
LCH10685,Kochi,ST989,2026-01-29,Ops-B,Complete,Pending,Pending,Ready,Ready,Complete,1402,797,67,175.9,Tech Setup,Delayed,-173
LCH10686,Kochi,ST799,2025-03-08,Ops-D,Complete,Complete,Passed,Ready,Ready,Pending,221,386,83,57.3,SOP,Delayed,-500
LCH10687,Chennai,ST635,2025-08-21,Ops-C,Complete,Complete,Passed,Ready,Ready,Complete,1576,701,100,224.8,Capacity,Go-Live Ready,-334
LCH10688,Jaipur,ST491,2025-04-19,Ops-D,Pending,Complete,Passed,Ready,Ready,Complete,1391,496,83,280.4,Onboarding,Delayed,-458
LCH10689,Bengaluru,ST793,2025-05-26,Ops-B,Complete,Complete,Passed,Ready,Ready,Complete,601,1063,100,56.5,None,Go-Live Ready,-421
LCH10690,Kochi,ST427,2025-04-21,Ops-E,Complete,Complete,Passed,Ready,Ready,Complete,1060,1406,100,75.4,None,Go-Live Ready,-456
LCH10691,Delhi NCR,ST208,2025-08-16,Ops-A,Complete,Complete,Pending,Ready,Ready,Complete,516,326,83,158.3,Testing,Delayed,-339
LCH10692,Jaipur,ST947,2025-04-21,Ops-C,Complete,Pending,Passed,Ready,Pending,Complete,975,434,67,224.7,Tech Setup,Delayed,-456
LCH10693,Bengaluru,ST262,2026-04-15,Ops-E,Complete,Complete,Passed,Pending,Pending,Complete,819,1413,67,58.0,Inventory,Delayed,-97
LCH10694,Pune,ST914,2025-02-03,Ops-B,Complete,Complete,Passed,Ready,Ready,Complete,1485,505,100,294.1,Capacity,Go-Live Ready,-533
LCH10695,Pune,ST552,2026-01-04,Ops-D,Complete,Pending,Passed,Ready,Ready,Complete,1471,1350,83,109.0,Tech Setup,Delayed,-198
LCH10696,Jaipur,ST306,2026-03-01,Ops-A,Pending,Complete,Passed,Pending,Ready,Complete,1197,902,67,132.7,Onboarding,Delayed,-142
LCH10697,Mumbai,ST690,2026-06-02,Ops-C,Pending,Pending,Pending,Ready,Ready,Complete,259,1391,50,18.6,Onboarding,Delayed,-49
LCH10698,Mumbai,ST116,2025-10-09,Ops-E,Complete,Complete,Passed,Pending,Ready,Complete,201,661,83,30.4,Inventory,Delayed,-285
LCH10699,Delhi NCR,ST427,2025-11-16,Ops-E,Complete,Pending,Passed,Pending,Ready,Pending,1463,957,50,152.9,Tech Setup,Delayed,-247
LCH10700,Bengaluru,ST708,2026-03-19,Ops-A,Complete,Complete,Passed,Ready,Ready,Complete,616,1386,100,44.4,None,Go-Live Ready,-124
LCH10701,Bengaluru,ST759,2025-11-11,Ops-D,Complete,Complete,Passed,Ready,Ready,Complete,1432,1271,100,112.7,Capacity,Go-Live Ready,-252
LCH10702,Jaipur,ST102,2026-01-12,Ops-B,Complete,Pending,Passed,Ready,Ready,Complete,1497,1279,83,117.0,Tech Setup,Delayed,-190
LCH10703,Hyderabad,ST110,2025-10-16,Ops-D,Complete,Complete,Pending,Ready,Pending,Complete,967,1240,67,78.0,Testing,Delayed,-278
LCH10704,Pune,ST534,2026-03-13,Ops-D,Complete,Complete,Passed,Ready,Ready,Complete,1511,1207,100,125.2,Capacity,Go-Live Ready,-130
LCH10705,Bengaluru,ST225,2025-10-04,Ops-D,Complete,Complete,Pending,Ready,Pending,Complete,936,545,67,171.7,Testing,Delayed,-290
LCH10706,Jaipur,ST181,2026-05-18,Ops-A,Complete,Complete,Passed,Ready,Ready,Complete,705,577,100,122.2,Capacity,Go-Live Ready,-64
LCH10707,Ahmedabad,ST585,2026-05-31,Ops-A,Complete,Complete,Passed,Ready,Ready,Complete,1078,646,100,166.9,Capacity,Go-Live Ready,-51
LCH10708,Chennai,ST752,2025-12-16,Ops-B,Complete,Complete,Passed,Ready,Ready,Complete,1595,671,100,237.7,Capacity,Go-Live Ready,-217
LCH10709,Ahmedabad,ST938,2026-03-22,Ops-D,Complete,Complete,Passed,Ready,Ready,Complete,408,1108,100,36.8,None,Go-Live Ready,-121
LCH10710,Kolkata,ST250,2025-12-16,Ops-A,Complete,Complete,Pending,Ready,Ready,Complete,214,1148,83,18.6,Testing,Delayed,-217
LCH10711,Delhi NCR,ST900,2025-05-17,Ops-B,Complete,Complete,Passed,Ready,Ready,Complete,312,422,100,73.9,None,Go-Live Ready,-430
LCH10712,Bengaluru,ST973,2025-08-31,Ops-B,Complete,Complete,Passed,Ready,Ready,Complete,1337,1380,100,96.9,None,Go-Live Ready,-324
LCH10713,Kolkata,ST440,2026-06-27,Ops-D,Complete,Complete,Passed,Ready,Ready,Complete,188,459,100,41.0,None,Go-Live Ready,-24
LCH10714,Kochi,ST229,2025-02-09,Ops-C,Complete,Complete,Passed,Ready,Ready,Complete,814,1450,100,56.1,None,Go-Live Ready,-527
LCH10715,Kolkata,ST538,2025-08-17,Ops-D,Complete,Pending,Passed,Ready,Ready,Complete,469,1036,83,45.3,Tech Setup,Delayed,-338
LCH10716,Jaipur,ST851,2026-07-02,Ops-C,Complete,Complete,Passed,Ready,Ready,Complete,509,817,100,62.3,None,Go-Live Ready,-19
LCH10717,Bengaluru,ST601,2025-08-11,Ops-B,Complete,Complete,Passed,Ready,Pending,Complete,418,1234,83,33.9,Staffing,Delayed,-344
LCH10718,Chennai,ST158,2025-01-06,Ops-A,Complete,Pending,Passed,Ready,Ready,Complete,473,1045,83,45.3,Tech Setup,Delayed,-561
LCH10719,Jaipur,ST298,2025-11-18,Ops-E,Complete,Complete,Passed,Ready,Ready,Complete,475,587,100,80.9,None,Go-Live Ready,-245
LCH10720,Jaipur,ST311,2026-04-13,Ops-B,Complete,Complete,Passed,Ready,Ready,Complete,406,719,100,56.5,None,Go-Live Ready,-99
LCH10721,Delhi NCR,ST145,2025-03-16,Ops-A,Complete,Complete,Pending,Ready,Pending,Complete,349,439,67,79.5,Testing,Delayed,-492
LCH10722,Delhi NCR,ST197,2025-01-04,Ops-B,Complete,Pending,Passed,Ready,Ready,Pending,759,1006,67,75.4,Tech Setup,Delayed,-563
LCH10723,Pune,ST379,2025-04-28,Ops-D,Complete,Complete,Pending,Ready,Ready,Pending,1277,997,67,128.1,Testing,Delayed,-449
LCH10724,Pune,ST635,2026-05-19,Ops-C,Complete,Complete,Passed,Ready,Ready,Complete,1545,1286,100,120.1,Capacity,Go-Live Ready,-63
LCH10725,Mumbai,ST510,2026-03-17,Ops-B,Complete,Complete,Passed,Ready,Ready,Complete,1054,774,100,136.2,Capacity,Go-Live Ready,-126
LCH10726,Hyderabad,ST561,2025-07-13,Ops-A,Complete,Complete,Passed,Pending,Ready,Complete,313,688,83,45.5,Inventory,Delayed,-373
LCH10727,Bengaluru,ST491,2026-01-27,Ops-D,Complete,Complete,Passed,Ready,Ready,Complete,1286,810,100,158.8,Capacity,Go-Live Ready,-175
LCH10728,Bengaluru,ST947,2025-01-26,Ops-E,Complete,Complete,Pending,Ready,Ready,Pending,764,837,67,91.3,Testing,Delayed,-541
LCH10729,Kolkata,ST144,2026-03-11,Ops-D,Complete,Complete,Passed,Ready,Ready,Complete,255,512,100,49.8,None,Go-Live Ready,-132
LCH10730,Bengaluru,ST127,2025-06-22,Ops-C,Pending,Complete,Passed,Ready,Ready,Complete,848,1196,83,70.9,Onboarding,Delayed,-394
LCH10731,Bengaluru,ST894,2025-10-27,Ops-D,Complete,Complete,Passed,Ready,Ready,Complete,513,1361,100,37.7,None,Go-Live Ready,-267
LCH10732,Hyderabad,ST197,2025-11-22,Ops-E,Complete,Complete,Passed,Ready,Ready,Complete,1194,532,100,224.4,Capacity,Go-Live Ready,-241
LCH10733,Kochi,ST648,2026-02-14,Ops-A,Complete,Complete,Passed,Ready,Ready,Complete,809,559,100,144.7,Capacity,Go-Live Ready,-157
LCH10734,Pune,ST721,2025-04-28,Ops-B,Complete,Pending,Passed,Ready,Ready,Complete,1302,607,83,214.5,Tech Setup,Delayed,-449
LCH10735,Pune,ST667,2025-08-13,Ops-C,Complete,Complete,Passed,Ready,Pending,Complete,848,702,83,120.8,Staffing,Delayed,-342
LCH10736,Chennai,ST804,2026-06-16,Ops-E,Complete,Complete,Passed,Ready,Ready,Pending,1372,1296,83,105.9,SOP,Delayed,-35
LCH10737,Bengaluru,ST319,2025-04-23,Ops-C,Complete,Pending,Passed,Pending,Ready,Complete,896,1049,67,85.4,Tech Setup,Delayed,-454
LCH10738,Hyderabad,ST285,2025-05-20,Ops-D,Complete,Complete,Passed,Ready,Ready,Complete,1110,1429,100,77.7,None,Go-Live Ready,-427
LCH10739,Pune,ST169,2025-01-01,Ops-C,Complete,Complete,Passed,Ready,Pending,Complete,1593,603,83,264.2,Staffing,Delayed,-566
LCH10740,Hyderabad,ST929,2025-03-31,Ops-E,Complete,Complete,Passed,Ready,Ready,Complete,1399,642,100,217.9,Capacity,Go-Live Ready,-477
LCH10741,Ahmedabad,ST230,2025-11-16,Ops-B,Complete,Complete,Passed,Ready,Ready,Complete,1079,1361,100,79.3,None,Go-Live Ready,-247
LCH10742,Kochi,ST667,2026-07-04,Ops-B,Complete,Complete,Passed,Ready,Ready,Complete,358,1154,100,31.0,None,Go-Live Ready,-17
LCH10743,Bengaluru,ST990,2025-05-19,Ops-C,Complete,Complete,Passed,Ready,Ready,Complete,1418,1369,100,103.6,Capacity,Go-Live Ready,-428
LCH10744,Chennai,ST709,2026-05-26,Ops-A,Complete,Complete,Passed,Ready,Ready,Complete,1461,555,100,263.2,Capacity,Go-Live Ready,-56
LCH10745,Kolkata,ST948,2025-09-16,Ops-C,Complete,Complete,Passed,Ready,Ready,Complete,1239,436,100,284.2,Capacity,Go-Live Ready,-308
LCH10746,Pune,ST699,2025-01-10,Ops-D,Pending,Complete,Passed,Ready,Ready,Complete,1326,1117,83,118.7,Onboarding,Delayed,-557
LCH10747,Ahmedabad,ST906,2025-09-18,Ops-B,Complete,Complete,Passed,Ready,Ready,Complete,640,1272,100,50.3,None,Go-Live Ready,-306
LCH10748,Hyderabad,ST731,2025-06-21,Ops-B,Complete,Complete,Failed,Ready,Ready,Complete,852,337,83,252.8,Testing,Delayed,-395
LCH10749,Delhi NCR,ST820,2025-01-13,Ops-B,Complete,Complete,Pending,Ready,Ready,Complete,1391,1478,83,94.1,Testing,Delayed,-554
LCH10750,Jaipur,ST434,2025-06-17,Ops-A,Complete,Complete,Passed,Ready,Ready,Complete,651,404,100,161.1,Capacity,Go-Live Ready,-399
LCH10751,Bengaluru,ST254,2025-11-17,Ops-A,Complete,Pending,Passed,Ready,Ready,Complete,815,554,83,147.1,Tech Setup,Delayed,-246
LCH10752,Bengaluru,ST647,2025-11-15,Ops-E,Complete,Complete,Pending,Pending,Ready,Complete,370,787,67,47.0,Testing,Delayed,-248
LCH10753,Ahmedabad,ST179,2025-11-25,Ops-C,Complete,Complete,Passed,Ready,Ready,Complete,584,757,100,77.1,None,Go-Live Ready,-238
LCH10754,Hyderabad,ST679,2026-07-04,Ops-C,Complete,Complete,Passed,Ready,Ready,Complete,429,827,100,51.9,None,Go-Live Ready,-17
LCH10755,Mumbai,ST955,2026-02-23,Ops-D,Complete,Complete,Passed,Ready,Ready,Complete,1265,890,100,142.1,Capacity,Go-Live Ready,-148
LCH10756,Bengaluru,ST513,2025-04-05,Ops-B,Complete,Complete,Passed,Ready,Ready,Complete,673,824,100,81.7,None,Go-Live Ready,-472
LCH10757,Mumbai,ST646,2025-11-14,Ops-A,Complete,Complete,Passed,Ready,Ready,Complete,1312,669,100,196.1,Capacity,Go-Live Ready,-249
LCH10758,Delhi NCR,ST709,2025-08-24,Ops-D,Complete,Complete,Failed,Ready,Ready,Complete,816,401,83,203.5,Testing,Delayed,-331
LCH10759,Ahmedabad,ST269,2025-11-30,Ops-D,Complete,Complete,Passed,Ready,Ready,Complete,1196,1215,100,98.4,None,Go-Live Ready,-233
LCH10760,Hyderabad,ST781,2026-01-11,Ops-A,Complete,Pending,Passed,Ready,Ready,Complete,1590,963,83,165.1,Tech Setup,Delayed,-191
LCH10761,Hyderabad,ST763,2026-04-04,Ops-C,Complete,Complete,Passed,Ready,Ready,Complete,881,989,100,89.1,None,Go-Live Ready,-108
LCH10762,Kochi,ST683,2025-05-17,Ops-B,Complete,Complete,Passed,Ready,Ready,Complete,497,898,100,55.3,None,Go-Live Ready,-430
LCH10763,Jaipur,ST615,2026-07-01,Ops-C,Complete,Complete,Passed,Pending,Ready,Pending,1410,899,67,156.8,Inventory,Delayed,-20
LCH10764,Pune,ST414,2026-05-28,Ops-D,Complete,Complete,Passed,Ready,Ready,Complete,914,840,100,108.8,Capacity,Go-Live Ready,-54
LCH10765,Pune,ST132,2025-10-23,Ops-B,Complete,Complete,Passed,Ready,Ready,Complete,1083,688,100,157.4,Capacity,Go-Live Ready,-271
LCH10766,Kolkata,ST387,2025-11-16,Ops-E,Complete,Pending,Pending,Ready,Ready,Pending,332,662,50,50.2,Tech Setup,Delayed,-247
LCH10767,Chennai,ST694,2025-12-15,Ops-D,Complete,Complete,Passed,Ready,Ready,Complete,657,1230,100,53.4,None,Go-Live Ready,-218
LCH10768,Ahmedabad,ST143,2025-08-17,Ops-C,Complete,Complete,Passed,Ready,Ready,Complete,347,911,100,38.1,None,Go-Live Ready,-338
LCH10769,Delhi NCR,ST717,2025-09-27,Ops-C,Complete,Complete,Passed,Pending,Ready,Complete,1296,1438,83,90.1,Inventory,Delayed,-297
LCH10770,Hyderabad,ST101,2025-10-18,Ops-C,Complete,Pending,Passed,Ready,Ready,Complete,530,1021,83,51.9,Tech Setup,Delayed,-276
LCH10771,Jaipur,ST673,2025-06-14,Ops-A,Complete,Complete,Passed,Ready,Ready,Complete,974,642,100,151.7,Capacity,Go-Live Ready,-402
LCH10772,Mumbai,ST370,2025-01-05,Ops-D,Complete,Complete,Pending,Ready,Ready,Complete,1179,1397,83,84.4,Testing,Delayed,-562
LCH10773,Ahmedabad,ST280,2026-01-14,Ops-B,Complete,Complete,Pending,Ready,Ready,Complete,1477,434,83,340.3,Testing,Delayed,-188
LCH10774,Kolkata,ST836,2025-03-19,Ops-C,Complete,Complete,Passed,Ready,Ready,Complete,341,1239,100,27.5,None,Go-Live Ready,-489
LCH10775,Ahmedabad,ST618,2026-02-14,Ops-C,Complete,Complete,Passed,Pending,Pending,Complete,1549,1277,67,121.3,Inventory,Delayed,-157
LCH10776,Kolkata,ST203,2025-05-12,Ops-A,Complete,Complete,Passed,Ready,Ready,Complete,674,679,100,99.3,None,Go-Live Ready,-435
LCH10777,Hyderabad,ST110,2025-02-11,Ops-B,Complete,Complete,Passed,Ready,Ready,Complete,1209,1448,100,83.5,None,Go-Live Ready,-525
LCH10778,Chennai,ST683,2025-03-30,Ops-D,Complete,Complete,Passed,Ready,Ready,Complete,1243,337,100,368.8,Capacity,Go-Live Ready,-478
LCH10779,Kolkata,ST190,2026-02-06,Ops-E,Complete,Pending,Pending,Ready,Ready,Complete,438,1080,67,40.6,Tech Setup,Delayed,-165
LCH10780,Hyderabad,ST326,2025-10-23,Ops-A,Complete,Complete,Passed,Ready,Ready,Complete,254,609,100,41.7,None,Go-Live Ready,-271
LCH10781,Hyderabad,ST770,2025-10-22,Ops-D,Complete,Complete,Passed,Ready,Ready,Complete,462,405,100,114.1,Capacity,Go-Live Ready,-272
LCH10782,Chennai,ST840,2026-06-10,Ops-E,Complete,Complete,Passed,Ready,Ready,Complete,1228,855,100,143.6,Capacity,Go-Live Ready,-41
LCH10783,Pune,ST226,2026-02-26,Ops-C,Complete,Complete,Passed,Ready,Ready,Complete,1280,696,100,183.9,Capacity,Go-Live Ready,-145
LCH10784,Ahmedabad,ST309,2025-01-23,Ops-C,Complete,Complete,Passed,Ready,Ready,Complete,456,452,100,100.9,Capacity,Go-Live Ready,-544
LCH10785,Bengaluru,ST197,2025-05-23,Ops-B,Complete,Complete,Passed,Ready,Ready,Complete,970,835,100,116.2,Capacity,Go-Live Ready,-424
LCH10786,Bengaluru,ST174,2025-05-25,Ops-E,Complete,Complete,Passed,Ready,Ready,Complete,185,1295,100,14.3,None,Go-Live Ready,-422
LCH10787,Mumbai,ST727,2025-08-13,Ops-C,Complete,Complete,Passed,Ready,Ready,Complete,1306,1265,100,103.2,Capacity,Go-Live Ready,-342
LCH10788,Mumbai,ST291,2026-05-18,Ops-C,Complete,Complete,Passed,Ready,Pending,Complete,1036,1469,83,70.5,Staffing,Delayed,-64
LCH10789,Bengaluru,ST782,2025-04-14,Ops-B,Complete,Complete,Passed,Ready,Ready,Complete,1198,1192,100,100.5,Capacity,Go-Live Ready,-463
LCH10790,Delhi NCR,ST919,2025-02-08,Ops-D,Complete,Complete,Passed,Ready,Pending,Complete,1210,882,83,137.2,Staffing,Delayed,-528
LCH10791,Bengaluru,ST816,2025-07-17,Ops-C,Pending,Complete,Pending,Ready,Ready,Complete,1192,500,67,238.4,Onboarding,Delayed,-369
LCH10792,Mumbai,ST156,2026-01-26,Ops-A,Pending,Complete,Passed,Ready,Ready,Complete,184,311,83,59.2,Onboarding,Delayed,-176
LCH10793,Jaipur,ST820,2025-06-28,Ops-A,Complete,Complete,Passed,Pending,Ready,Complete,1536,1375,83,111.7,Inventory,Delayed,-388
LCH10794,Mumbai,ST653,2026-03-24,Ops-D,Complete,Complete,Passed,Ready,Ready,Complete,1591,1067,100,149.1,Capacity,Go-Live Ready,-119
LCH10795,Delhi NCR,ST132,2026-05-15,Ops-E,Pending,Complete,Passed,Ready,Ready,Complete,616,1219,83,50.5,Onboarding,Delayed,-67
LCH10796,Ahmedabad,ST627,2025-01-15,Ops-B,Pending,Pending,Passed,Pending,Ready,Complete,1046,820,50,127.6,Onboarding,Delayed,-552
LCH10797,Bengaluru,ST674,2025-10-16,Ops-A,Complete,Complete,Passed,Ready,Pending,Complete,348,1463,83,23.8,Staffing,Delayed,-278
LCH10798,Chennai,ST767,2026-04-23,Ops-A,Complete,Complete,Passed,Ready,Ready,Complete,917,399,100,229.8,Capacity,Go-Live Ready,-89
LCH10799,Jaipur,ST384,2025-08-19,Ops-D,Complete,Complete,Passed,Ready,Ready,Complete,1384,1460,100,94.8,None,Go-Live Ready,-336
LCH10800,Hyderabad,ST821,2026-02-24,Ops-E,Pending,Complete,Passed,Ready,Ready,Complete,390,1170,83,33.3,Onboarding,Delayed,-147
LCH10801,Delhi NCR,ST932,2025-06-06,Ops-E,Complete,Complete,Passed,Ready,Ready,Complete,1343,665,100,202.0,Capacity,Go-Live Ready,-410
LCH10802,Mumbai,ST594,2026-07-04,Ops-D,Complete,Complete,Pending,Ready,Ready,Complete,443,956,83,46.3,Testing,Delayed,-17
LCH10803,Chennai,ST287,2026-03-17,Ops-A,Complete,Complete,Passed,Ready,Ready,Complete,1071,460,100,232.8,Capacity,Go-Live Ready,-126
LCH10804,Kolkata,ST598,2025-04-07,Ops-B,Complete,Complete,Passed,Ready,Pending,Complete,1488,1060,83,140.4,Staffing,Delayed,-470
LCH10805,Pune,ST542,2026-02-15,Ops-A,Complete,Complete,Passed,Ready,Ready,Complete,1300,474,100,274.3,Capacity,Go-Live Ready,-156
LCH10806,Bengaluru,ST230,2025-10-16,Ops-E,Complete,Complete,Passed,Ready,Ready,Complete,617,1411,100,43.7,None,Go-Live Ready,-278
LCH10807,Pune,ST739,2025-09-11,Ops-A,Complete,Complete,Passed,Ready,Ready,Complete,516,844,100,61.1,None,Go-Live Ready,-313
LCH10808,Delhi NCR,ST392,2025-07-15,Ops-B,Complete,Complete,Pending,Pending,Pending,Complete,1194,776,50,153.9,Testing,Delayed,-371
LCH10809,Kolkata,ST214,2026-06-06,Ops-C,Complete,Complete,Failed,Ready,Ready,Complete,465,582,83,79.9,Testing,Delayed,-45
LCH10810,Kolkata,ST299,2026-06-01,Ops-A,Complete,Complete,Passed,Ready,Pending,Pending,907,1256,67,72.2,Staffing,Delayed,-50
LCH10811,Kolkata,ST113,2025-04-28,Ops-D,Complete,Complete,Passed,Pending,Ready,Complete,1263,751,83,168.2,Inventory,Delayed,-449
LCH10812,Hyderabad,ST371,2025-06-08,Ops-C,Complete,Complete,Passed,Pending,Ready,Complete,1577,381,83,413.9,Inventory,Delayed,-408
LCH10813,Delhi NCR,ST701,2025-08-16,Ops-D,Complete,Complete,Passed,Ready,Ready,Complete,600,1115,100,53.8,None,Go-Live Ready,-339
LCH10814,Ahmedabad,ST315,2025-08-04,Ops-D,Complete,Complete,Passed,Ready,Ready,Complete,927,819,100,113.2,Capacity,Go-Live Ready,-351
LCH10815,Pune,ST544,2025-01-15,Ops-D,Complete,Complete,Pending,Ready,Ready,Complete,1057,433,83,244.1,Testing,Delayed,-552
LCH10816,Ahmedabad,ST890,2025-06-06,Ops-A,Complete,Complete,Passed,Ready,Ready,Pending,1323,746,83,177.3,SOP,Delayed,-410
LCH10817,Chennai,ST612,2025-09-18,Ops-E,Complete,Pending,Passed,Ready,Ready,Complete,595,417,83,142.7,Tech Setup,Delayed,-306
LCH10818,Kochi,ST547,2025-06-06,Ops-C,Complete,Complete,Passed,Pending,Ready,Complete,1106,1048,83,105.5,Inventory,Delayed,-410
LCH10819,Jaipur,ST815,2025-02-16,Ops-B,Complete,Pending,Passed,Ready,Ready,Complete,229,1473,83,15.5,Tech Setup,Delayed,-520
LCH10820,Jaipur,ST174,2025-11-20,Ops-E,Complete,Complete,Passed,Ready,Ready,Complete,1190,945,100,125.9,Capacity,Go-Live Ready,-243
LCH10821,Ahmedabad,ST637,2025-05-10,Ops-A,Complete,Pending,Passed,Ready,Ready,Complete,287,678,83,42.3,Tech Setup,Delayed,-437
LCH10822,Kochi,ST201,2026-02-15,Ops-D,Complete,Complete,Passed,Ready,Ready,Complete,801,907,100,88.3,None,Go-Live Ready,-156
LCH10823,Kochi,ST276,2025-04-05,Ops-B,Complete,Complete,Passed,Pending,Ready,Complete,1000,1265,83,79.1,Inventory,Delayed,-472
LCH10824,Bengaluru,ST527,2025-10-19,Ops-C,Complete,Complete,Passed,Ready,Ready,Complete,701,824,100,85.1,None,Go-Live Ready,-275
LCH10825,Chennai,ST217,2025-10-10,Ops-E,Complete,Complete,Passed,Ready,Ready,Complete,223,1440,100,15.5,None,Go-Live Ready,-284
LCH10826,Delhi NCR,ST266,2025-03-10,Ops-E,Complete,Complete,Passed,Ready,Ready,Complete,1247,875,100,142.5,Capacity,Go-Live Ready,-498
LCH10827,Kochi,ST141,2025-01-11,Ops-B,Complete,Complete,Passed,Ready,Ready,Complete,199,1236,100,16.1,None,Go-Live Ready,-556
LCH10828,Mumbai,ST529,2025-09-11,Ops-A,Complete,Complete,Passed,Ready,Ready,Pending,1183,961,83,123.1,SOP,Delayed,-313
LCH10829,Jaipur,ST444,2026-07-04,Ops-C,Complete,Complete,Passed,Ready,Ready,Complete,1276,1175,100,108.6,Capacity,Go-Live Ready,-17
LCH10830,Mumbai,ST524,2025-05-14,Ops-B,Complete,Complete,Passed,Pending,Ready,Complete,537,311,83,172.7,Inventory,Delayed,-433
LCH10831,Chennai,ST466,2025-01-23,Ops-D,Complete,Complete,Passed,Ready,Ready,Pending,534,1413,83,37.8,SOP,Delayed,-544
LCH10832,Kochi,ST220,2025-12-12,Ops-C,Complete,Complete,Passed,Ready,Pending,Complete,448,687,83,65.2,Staffing,Delayed,-221
LCH10833,Pune,ST709,2025-10-29,Ops-E,Complete,Complete,Passed,Ready,Ready,Complete,488,382,100,127.7,Capacity,Go-Live Ready,-265
LCH10834,Jaipur,ST757,2025-12-29,Ops-B,Complete,Complete,Passed,Ready,Ready,Complete,1562,1275,100,122.5,Capacity,Go-Live Ready,-204
LCH10835,Bengaluru,ST828,2026-01-31,Ops-E,Complete,Complete,Failed,Ready,Ready,Complete,623,695,83,89.6,Testing,Delayed,-171
LCH10836,Bengaluru,ST329,2025-08-06,Ops-E,Complete,Pending,Passed,Ready,Ready,Complete,765,844,83,90.6,Tech Setup,Delayed,-349
LCH10837,Kolkata,ST925,2025-05-21,Ops-E,Complete,Complete,Passed,Ready,Ready,Complete,1111,960,100,115.7,Capacity,Go-Live Ready,-426
LCH10838,Hyderabad,ST230,2025-07-29,Ops-A,Complete,Complete,Passed,Ready,Ready,Pending,941,939,83,100.2,SOP,Delayed,-357
LCH10839,Kochi,ST452,2026-04-05,Ops-E,Complete,Complete,Passed,Ready,Pending,Complete,1315,399,83,329.6,Staffing,Delayed,-107
LCH10840,Chennai,ST989,2025-12-22,Ops-D,Complete,Complete,Passed,Ready,Ready,Complete,1343,756,100,177.6,Capacity,Go-Live Ready,-211
LCH10841,Jaipur,ST418,2025-11-20,Ops-D,Complete,Complete,Passed,Ready,Pending,Complete,162,1173,83,13.8,Staffing,Delayed,-243
LCH10842,Hyderabad,ST749,2025-05-13,Ops-C,Complete,Complete,Passed,Ready,Ready,Complete,598,627,100,95.4,None,Go-Live Ready,-434
LCH10843,Chennai,ST936,2025-05-07,Ops-E,Complete,Complete,Passed,Ready,Ready,Complete,323,1023,100,31.6,None,Go-Live Ready,-440
LCH10844,Ahmedabad,ST437,2025-04-16,Ops-E,Complete,Complete,Passed,Ready,Ready,Complete,1305,373,100,349.9,Capacity,Go-Live Ready,-461
LCH10845,Kochi,ST373,2026-01-13,Ops-B,Complete,Complete,Pending,Ready,Ready,Complete,744,1419,83,52.4,Testing,Delayed,-189
LCH10846,Delhi NCR,ST217,2025-02-20,Ops-A,Complete,Complete,Passed,Ready,Ready,Complete,1081,391,100,276.5,Capacity,Go-Live Ready,-516
LCH10847,Delhi NCR,ST918,2025-01-29,Ops-C,Complete,Complete,Passed,Pending,Pending,Complete,418,629,67,66.5,Inventory,Delayed,-538
LCH10848,Kochi,ST468,2026-04-07,Ops-E,Complete,Complete,Pending,Ready,Pending,Complete,1424,474,67,300.4,Testing,Delayed,-105
LCH10849,Kolkata,ST194,2025-10-23,Ops-B,Complete,Complete,Pending,Ready,Pending,Complete,1543,614,67,251.3,Testing,Delayed,-271
LCH10850,Kolkata,ST268,2025-10-24,Ops-A,Pending,Complete,Passed,Ready,Ready,Pending,767,796,67,96.4,Onboarding,Delayed,-270
LCH10851,Delhi NCR,ST815,2026-02-11,Ops-C,Complete,Complete,Passed,Ready,Pending,Complete,922,727,83,126.8,Staffing,Delayed,-160
LCH10852,Pune,ST441,2026-02-09,Ops-C,Complete,Pending,Passed,Ready,Ready,Complete,1014,334,83,303.6,Tech Setup,Delayed,-162
LCH10853,Jaipur,ST761,2025-12-12,Ops-E,Complete,Complete,Passed,Pending,Ready,Complete,675,418,83,161.5,Inventory,Delayed,-221
LCH10854,Delhi NCR,ST795,2026-02-24,Ops-C,Complete,Pending,Failed,Pending,Ready,Pending,1037,1224,33,84.7,Tech Setup,Delayed,-147
LCH10855,Pune,ST252,2025-07-01,Ops-B,Complete,Complete,Passed,Ready,Ready,Complete,821,1127,100,72.8,None,Go-Live Ready,-385
LCH10856,Hyderabad,ST686,2025-01-01,Ops-C,Complete,Complete,Passed,Ready,Pending,Complete,327,1428,83,22.9,Staffing,Delayed,-566
LCH10857,Pune,ST977,2026-01-06,Ops-D,Complete,Pending,Pending,Ready,Pending,Complete,408,689,50,59.2,Tech Setup,Delayed,-196
LCH10858,Hyderabad,ST374,2026-03-07,Ops-B,Complete,Complete,Passed,Ready,Ready,Complete,409,475,100,86.1,None,Go-Live Ready,-136
LCH10859,Chennai,ST654,2025-11-05,Ops-A,Complete,Complete,Passed,Ready,Ready,Complete,1308,405,100,323.0,Capacity,Go-Live Ready,-258
LCH10860,Mumbai,ST596,2025-05-17,Ops-A,Complete,Complete,Pending,Ready,Ready,Complete,792,891,83,88.9,Testing,Delayed,-430
LCH10861,Chennai,ST824,2025-07-21,Ops-E,Complete,Pending,Pending,Pending,Ready,Complete,230,1486,50,15.5,Tech Setup,Delayed,-365
LCH10862,Delhi NCR,ST201,2026-03-12,Ops-E,Complete,Complete,Pending,Ready,Ready,Complete,1540,1213,83,127.0,Testing,Delayed,-131
LCH10863,Hyderabad,ST657,2025-11-09,Ops-D,Complete,Complete,Passed,Ready,Ready,Complete,1232,1254,100,98.2,None,Go-Live Ready,-254
LCH10864,Delhi NCR,ST182,2025-04-27,Ops-A,Complete,Complete,Passed,Ready,Ready,Complete,1247,1252,100,99.6,None,Go-Live Ready,-450
LCH10865,Kochi,ST629,2025-09-01,Ops-A,Complete,Pending,Passed,Ready,Ready,Complete,1412,1160,83,121.7,Tech Setup,Delayed,-323
LCH10866,Jaipur,ST173,2026-06-21,Ops-A,Complete,Complete,Passed,Ready,Ready,Complete,278,426,100,65.3,None,Go-Live Ready,-30
LCH10867,Bengaluru,ST114,2025-03-16,Ops-A,Complete,Complete,Failed,Pending,Ready,Complete,561,1123,67,50.0,Testing,Delayed,-492
LCH10868,Delhi NCR,ST533,2026-01-21,Ops-C,Complete,Complete,Passed,Ready,Ready,Complete,464,533,100,87.1,None,Go-Live Ready,-181
LCH10869,Jaipur,ST257,2025-07-29,Ops-B,Complete,Complete,Passed,Ready,Ready,Pending,1547,966,83,160.1,SOP,Delayed,-357
LCH10870,Pune,ST835,2026-04-20,Ops-B,Complete,Complete,Passed,Ready,Ready,Complete,1311,1230,100,106.6,Capacity,Go-Live Ready,-92
LCH10871,Chennai,ST232,2026-02-22,Ops-D,Complete,Complete,Passed,Ready,Ready,Complete,604,436,100,138.5,Capacity,Go-Live Ready,-149
LCH10872,Pune,ST438,2025-12-13,Ops-C,Complete,Complete,Passed,Pending,Ready,Complete,764,855,83,89.4,Inventory,Delayed,-220
LCH10873,Bengaluru,ST504,2026-06-13,Ops-A,Complete,Complete,Passed,Ready,Ready,Complete,1048,1058,100,99.1,None,Go-Live Ready,-38
LCH10874,Hyderabad,ST476,2025-06-28,Ops-A,Complete,Complete,Passed,Pending,Ready,Complete,1052,1472,83,71.5,Inventory,Delayed,-388
LCH10875,Kochi,ST988,2025-07-01,Ops-E,Complete,Complete,Passed,Ready,Ready,Complete,1182,355,100,333.0,Capacity,Go-Live Ready,-385
LCH10876,Jaipur,ST659,2025-01-25,Ops-E,Pending,Complete,Pending,Ready,Ready,Complete,381,655,67,58.2,Onboarding,Delayed,-542
LCH10877,Kochi,ST207,2025-06-29,Ops-D,Complete,Complete,Passed,Ready,Ready,Complete,760,1222,100,62.2,None,Go-Live Ready,-387
LCH10878,Mumbai,ST720,2026-05-16,Ops-A,Complete,Complete,Passed,Ready,Ready,Complete,879,1112,100,79.0,None,Go-Live Ready,-66
LCH10879,Delhi NCR,ST365,2025-06-10,Ops-D,Complete,Pending,Passed,Ready,Ready,Complete,1114,1386,83,80.4,Tech Setup,Delayed,-406
LCH10880,Hyderabad,ST305,2025-06-26,Ops-C,Pending,Complete,Pending,Ready,Ready,Complete,1570,1386,67,113.3,Onboarding,Delayed,-390
LCH10881,Mumbai,ST179,2025-10-12,Ops-B,Complete,Complete,Passed,Ready,Ready,Complete,1031,1105,100,93.3,None,Go-Live Ready,-282
LCH10882,Ahmedabad,ST255,2025-03-04,Ops-A,Complete,Complete,Passed,Ready,Ready,Complete,467,1352,100,34.5,None,Go-Live Ready,-504
LCH10883,Delhi NCR,ST883,2025-06-05,Ops-C,Complete,Complete,Passed,Pending,Ready,Complete,671,899,83,74.6,Inventory,Delayed,-411
LCH10884,Pune,ST347,2026-04-14,Ops-A,Complete,Pending,Passed,Pending,Ready,Complete,1260,867,67,145.3,Tech Setup,Delayed,-98
LCH10885,Chennai,ST631,2025-02-18,Ops-E,Complete,Pending,Passed,Ready,Ready,Complete,865,1004,83,86.2,Tech Setup,Delayed,-518
LCH10886,Jaipur,ST958,2025-03-25,Ops-D,Complete,Complete,Passed,Pending,Ready,Complete,1491,911,83,163.7,Inventory,Delayed,-483
LCH10887,Bengaluru,ST638,2025-12-27,Ops-E,Complete,Complete,Passed,Ready,Ready,Complete,1506,440,100,342.3,Capacity,Go-Live Ready,-206
LCH10888,Bengaluru,ST829,2025-05-28,Ops-B,Complete,Complete,Failed,Ready,Pending,Complete,1533,860,67,178.3,Testing,Delayed,-419
LCH10889,Pune,ST254,2025-12-08,Ops-E,Complete,Complete,Passed,Ready,Ready,Complete,1414,798,100,177.2,Capacity,Go-Live Ready,-225
LCH10890,Kolkata,ST254,2026-04-21,Ops-A,Complete,Complete,Passed,Pending,Ready,Complete,1229,926,83,132.7,Inventory,Delayed,-91
LCH10891,Bengaluru,ST786,2025-03-04,Ops-E,Complete,Complete,Passed,Ready,Ready,Complete,1283,801,100,160.2,Capacity,Go-Live Ready,-504
LCH10892,Jaipur,ST192,2025-12-26,Ops-A,Complete,Complete,Passed,Ready,Pending,Complete,1222,1040,83,117.5,Staffing,Delayed,-207
LCH10893,Pune,ST533,2025-11-23,Ops-B,Complete,Complete,Passed,Ready,Ready,Complete,1189,1063,100,111.9,Capacity,Go-Live Ready,-240
LCH10894,Hyderabad,ST438,2025-05-21,Ops-E,Complete,Complete,Passed,Ready,Ready,Complete,1246,974,100,127.9,Capacity,Go-Live Ready,-426
LCH10895,Bengaluru,ST580,2025-08-03,Ops-D,Complete,Complete,Passed,Ready,Ready,Complete,1033,348,100,296.8,Capacity,Go-Live Ready,-352
LCH10896,Kochi,ST793,2026-03-11,Ops-D,Complete,Complete,Passed,Ready,Ready,Complete,351,926,100,37.9,None,Go-Live Ready,-132
LCH10897,Pune,ST231,2025-11-14,Ops-D,Complete,Complete,Passed,Ready,Ready,Pending,242,979,83,24.7,SOP,Delayed,-249
LCH10898,Jaipur,ST550,2025-02-01,Ops-E,Complete,Complete,Passed,Pending,Ready,Complete,1206,576,83,209.4,Inventory,Delayed,-535
LCH10899,Kochi,ST910,2025-10-12,Ops-E,Complete,Complete,Passed,Ready,Pending,Complete,568,346,83,164.2,Staffing,Delayed,-282
LCH10900,Delhi NCR,ST887,2025-11-01,Ops-E,Complete,Complete,Passed,Ready,Pending,Complete,1376,1225,83,112.3,Staffing,Delayed,-262
LCH10901,Delhi NCR,ST373,2026-03-05,Ops-A,Complete,Complete,Passed,Ready,Ready,Complete,700,515,100,135.9,Capacity,Go-Live Ready,-138
LCH10902,Bengaluru,ST688,2026-04-22,Ops-B,Complete,Complete,Passed,Ready,Pending,Complete,775,529,83,146.5,Staffing,Delayed,-90
LCH10903,Kochi,ST277,2025-10-13,Ops-D,Complete,Pending,Passed,Ready,Ready,Complete,994,622,83,159.8,Tech Setup,Delayed,-281
LCH10904,Chennai,ST796,2025-05-24,Ops-A,Complete,Complete,Pending,Ready,Ready,Complete,1031,524,83,196.8,Testing,Delayed,-423
LCH10905,Delhi NCR,ST931,2026-02-28,Ops-D,Complete,Complete,Failed,Pending,Ready,Pending,869,345,50,251.9,Testing,Delayed,-143
LCH10906,Chennai,ST743,2025-01-19,Ops-A,Complete,Complete,Failed,Ready,Ready,Complete,1485,1337,83,111.1,Testing,Delayed,-548
LCH10907,Hyderabad,ST975,2025-01-18,Ops-E,Complete,Pending,Passed,Pending,Ready,Complete,1093,932,67,117.3,Tech Setup,Delayed,-549
LCH10908,Pune,ST149,2026-01-06,Ops-D,Complete,Complete,Passed,Ready,Ready,Complete,543,674,100,80.6,None,Go-Live Ready,-196
LCH10909,Mumbai,ST667,2025-06-24,Ops-E,Complete,Complete,Passed,Ready,Ready,Complete,958,1002,100,95.6,None,Go-Live Ready,-392
LCH10910,Jaipur,ST766,2025-07-13,Ops-D,Complete,Complete,Passed,Ready,Ready,Complete,1021,1286,100,79.4,None,Go-Live Ready,-373
LCH10911,Pune,ST455,2026-05-17,Ops-C,Complete,Complete,Passed,Ready,Ready,Complete,1384,632,100,219.0,Capacity,Go-Live Ready,-65
LCH10912,Jaipur,ST812,2025-04-23,Ops-A,Complete,Complete,Failed,Ready,Ready,Complete,1016,465,83,218.5,Testing,Delayed,-454
LCH10913,Kochi,ST408,2025-04-24,Ops-C,Complete,Complete,Passed,Ready,Pending,Complete,720,806,83,89.3,Staffing,Delayed,-453
LCH10914,Hyderabad,ST968,2025-08-10,Ops-A,Complete,Complete,Passed,Ready,Ready,Complete,1329,416,100,319.5,Capacity,Go-Live Ready,-345
LCH10915,Ahmedabad,ST985,2025-09-21,Ops-B,Pending,Complete,Passed,Ready,Ready,Complete,783,1242,83,63.0,Onboarding,Delayed,-303
LCH10916,Bengaluru,ST730,2025-02-24,Ops-D,Complete,Complete,Pending,Ready,Ready,Complete,781,935,83,83.5,Testing,Delayed,-512
LCH10917,Jaipur,ST875,2026-04-03,Ops-B,Complete,Complete,Passed,Pending,Ready,Complete,958,756,83,126.7,Inventory,Delayed,-109
LCH10918,Jaipur,ST146,2025-06-11,Ops-B,Complete,Complete,Passed,Ready,Pending,Complete,471,1168,83,40.3,Staffing,Delayed,-405
LCH10919,Kochi,ST402,2026-01-15,Ops-A,Complete,Complete,Pending,Ready,Ready,Complete,723,515,83,140.4,Testing,Delayed,-187
LCH10920,Chennai,ST968,2025-03-28,Ops-C,Complete,Complete,Passed,Ready,Ready,Complete,1213,412,100,294.4,Capacity,Go-Live Ready,-480
LCH10921,Pune,ST508,2025-02-24,Ops-E,Complete,Complete,Passed,Ready,Ready,Complete,1213,1339,100,90.6,None,Go-Live Ready,-512
LCH10922,Ahmedabad,ST289,2026-04-21,Ops-A,Complete,Complete,Passed,Ready,Ready,Complete,1019,515,100,197.9,Capacity,Go-Live Ready,-91
LCH10923,Kolkata,ST922,2025-06-27,Ops-E,Complete,Complete,Passed,Ready,Pending,Complete,1363,726,83,187.7,Staffing,Delayed,-389
LCH10924,Bengaluru,ST930,2026-01-26,Ops-B,Complete,Complete,Passed,Ready,Ready,Complete,895,1458,100,61.4,None,Go-Live Ready,-176
LCH10925,Mumbai,ST229,2025-12-15,Ops-E,Complete,Complete,Passed,Ready,Pending,Pending,1188,1366,67,87.0,Staffing,Delayed,-218
LCH10926,Kolkata,ST661,2025-01-08,Ops-C,Complete,Complete,Failed,Ready,Ready,Pending,1297,1063,67,122.0,Testing,Delayed,-559
LCH10927,Pune,ST637,2025-11-09,Ops-A,Complete,Complete,Passed,Ready,Ready,Complete,1453,583,100,249.2,Capacity,Go-Live Ready,-254
LCH10928,Bengaluru,ST366,2026-03-19,Ops-C,Complete,Complete,Passed,Ready,Ready,Complete,1086,1133,100,95.9,None,Go-Live Ready,-124
LCH10929,Jaipur,ST218,2025-11-24,Ops-C,Complete,Complete,Passed,Ready,Ready,Complete,1108,1421,100,78.0,None,Go-Live Ready,-239
LCH10930,Mumbai,ST564,2025-02-23,Ops-A,Complete,Complete,Passed,Ready,Ready,Complete,197,1383,100,14.2,None,Go-Live Ready,-513
LCH10931,Chennai,ST244,2025-08-27,Ops-C,Complete,Complete,Passed,Ready,Ready,Complete,338,529,100,63.9,None,Go-Live Ready,-328
LCH10932,Ahmedabad,ST542,2025-08-17,Ops-D,Complete,Pending,Passed,Ready,Ready,Complete,453,684,83,66.2,Tech Setup,Delayed,-338
LCH10933,Chennai,ST300,2025-02-20,Ops-D,Complete,Pending,Passed,Ready,Ready,Complete,1278,458,83,279.0,Tech Setup,Delayed,-516
LCH10934,Hyderabad,ST257,2025-09-21,Ops-D,Pending,Complete,Passed,Ready,Ready,Complete,518,1123,83,46.1,Onboarding,Delayed,-303
LCH10935,Kochi,ST587,2026-02-22,Ops-E,Complete,Pending,Passed,Pending,Ready,Complete,609,770,67,79.1,Tech Setup,Delayed,-149
LCH10936,Bengaluru,ST960,2025-04-06,Ops-C,Complete,Complete,Passed,Ready,Ready,Complete,396,507,100,78.1,None,Go-Live Ready,-471
LCH10937,Chennai,ST234,2025-03-29,Ops-A,Complete,Complete,Passed,Ready,Ready,Complete,413,473,100,87.3,None,Go-Live Ready,-479
LCH10938,Kolkata,ST248,2025-03-19,Ops-A,Complete,Pending,Passed,Ready,Ready,Complete,1379,1404,83,98.2,Tech Setup,Delayed,-489
LCH10939,Kochi,ST436,2025-10-15,Ops-E,Complete,Complete,Passed,Ready,Ready,Pending,679,1341,83,50.6,SOP,Delayed,-279
LCH10940,Chennai,ST171,2025-04-30,Ops-A,Complete,Complete,Passed,Ready,Ready,Complete,1537,1316,100,116.8,Capacity,Go-Live Ready,-447
LCH10941,Delhi NCR,ST333,2026-05-06,Ops-D,Complete,Complete,Passed,Ready,Ready,Complete,899,1007,100,89.3,None,Go-Live Ready,-76
LCH10942,Hyderabad,ST434,2026-03-28,Ops-C,Complete,Complete,Passed,Pending,Ready,Pending,1513,1274,67,118.8,Inventory,Delayed,-115
LCH10943,Pune,ST911,2026-05-15,Ops-A,Complete,Complete,Failed,Ready,Ready,Complete,556,696,83,79.9,Testing,Delayed,-67
LCH10944,Ahmedabad,ST766,2025-06-14,Ops-A,Complete,Complete,Passed,Ready,Ready,Complete,602,1273,100,47.3,None,Go-Live Ready,-402
LCH10945,Hyderabad,ST190,2025-07-01,Ops-B,Complete,Pending,Passed,Ready,Ready,Complete,963,1065,83,90.4,Tech Setup,Delayed,-385
LCH10946,Kochi,ST434,2026-04-14,Ops-B,Complete,Complete,Passed,Pending,Ready,Complete,727,1465,83,49.6,Inventory,Delayed,-98
LCH10947,Delhi NCR,ST299,2025-01-07,Ops-B,Complete,Complete,Passed,Ready,Ready,Complete,1114,976,100,114.1,Capacity,Go-Live Ready,-560
LCH10948,Bengaluru,ST261,2025-11-26,Ops-C,Complete,Pending,Passed,Ready,Ready,Pending,1323,816,67,162.1,Tech Setup,Delayed,-237
LCH10949,Kolkata,ST638,2025-05-31,Ops-D,Complete,Complete,Passed,Ready,Ready,Complete,1366,961,100,142.1,Capacity,Go-Live Ready,-416
LCH10950,Ahmedabad,ST221,2025-03-26,Ops-D,Complete,Complete,Passed,Ready,Ready,Complete,296,1455,100,20.3,None,Go-Live Ready,-482
LCH10951,Ahmedabad,ST401,2025-05-27,Ops-D,Complete,Complete,Passed,Ready,Ready,Complete,555,605,100,91.7,None,Go-Live Ready,-420
LCH10952,Hyderabad,ST824,2026-01-16,Ops-C,Complete,Complete,Passed,Pending,Ready,Complete,332,657,83,50.5,Inventory,Delayed,-186
LCH10953,Kochi,ST675,2026-07-02,Ops-C,Complete,Complete,Passed,Ready,Ready,Complete,1279,1486,100,86.1,None,Go-Live Ready,-19
LCH10954,Bengaluru,ST536,2025-10-12,Ops-B,Pending,Complete,Pending,Ready,Ready,Complete,385,718,67,53.6,Onboarding,Delayed,-282
LCH10955,Jaipur,ST168,2025-03-23,Ops-A,Complete,Complete,Pending,Ready,Ready,Complete,787,941,83,83.6,Testing,Delayed,-485
LCH10956,Delhi NCR,ST865,2026-05-29,Ops-E,Pending,Complete,Passed,Ready,Ready,Complete,1107,806,83,137.3,Onboarding,Delayed,-53
LCH10957,Jaipur,ST559,2026-06-07,Ops-E,Complete,Complete,Passed,Ready,Ready,Complete,328,611,100,53.7,None,Go-Live Ready,-44
LCH10958,Kolkata,ST614,2026-01-21,Ops-A,Complete,Complete,Passed,Ready,Ready,Complete,581,1003,100,57.9,None,Go-Live Ready,-181
LCH10959,Bengaluru,ST498,2026-04-16,Ops-B,Complete,Complete,Passed,Ready,Ready,Complete,1574,544,100,289.3,Capacity,Go-Live Ready,-96
LCH10960,Bengaluru,ST720,2025-04-29,Ops-A,Complete,Complete,Failed,Ready,Ready,Complete,674,776,83,86.9,Testing,Delayed,-448
LCH10961,Delhi NCR,ST386,2026-01-31,Ops-A,Complete,Complete,Passed,Ready,Ready,Complete,892,914,100,97.6,None,Go-Live Ready,-171
LCH10962,Mumbai,ST661,2026-06-16,Ops-E,Complete,Pending,Passed,Ready,Ready,Complete,472,735,83,64.2,Tech Setup,Delayed,-35
LCH10963,Jaipur,ST240,2025-09-18,Ops-B,Complete,Complete,Passed,Ready,Ready,Complete,1434,549,100,261.2,Capacity,Go-Live Ready,-306
LCH10964,Chennai,ST830,2025-09-13,Ops-C,Complete,Complete,Passed,Ready,Ready,Complete,548,1345,100,40.7,None,Go-Live Ready,-311
LCH10965,Ahmedabad,ST656,2025-08-14,Ops-E,Complete,Complete,Passed,Ready,Ready,Complete,486,776,100,62.6,None,Go-Live Ready,-341
LCH10966,Mumbai,ST881,2025-02-22,Ops-C,Complete,Pending,Passed,Pending,Ready,Complete,1473,810,67,181.9,Tech Setup,Delayed,-514
LCH10967,Chennai,ST690,2026-05-15,Ops-B,Complete,Complete,Passed,Ready,Pending,Complete,268,1073,83,25.0,Staffing,Delayed,-67
LCH10968,Kochi,ST828,2026-05-21,Ops-A,Complete,Complete,Passed,Ready,Pending,Complete,562,1223,83,46.0,Staffing,Delayed,-61
LCH10969,Delhi NCR,ST994,2025-12-30,Ops-D,Complete,Complete,Passed,Ready,Ready,Complete,729,1365,100,53.4,None,Go-Live Ready,-203
LCH10970,Kochi,ST710,2025-10-07,Ops-D,Complete,Complete,Passed,Ready,Ready,Pending,1557,373,83,417.4,SOP,Delayed,-287
LCH10971,Ahmedabad,ST848,2025-06-07,Ops-B,Complete,Complete,Passed,Ready,Ready,Complete,454,1108,100,41.0,None,Go-Live Ready,-409
LCH10972,Pune,ST382,2025-02-28,Ops-D,Complete,Complete,Passed,Ready,Ready,Complete,345,1130,100,30.5,None,Go-Live Ready,-508
LCH10973,Chennai,ST761,2025-05-08,Ops-C,Complete,Complete,Passed,Ready,Pending,Complete,482,1345,83,35.8,Staffing,Delayed,-439
LCH10974,Mumbai,ST916,2025-04-25,Ops-D,Complete,Complete,Pending,Ready,Ready,Complete,1193,519,83,229.9,Testing,Delayed,-452
LCH10975,Chennai,ST678,2025-07-28,Ops-B,Complete,Complete,Pending,Ready,Ready,Complete,772,378,83,204.2,Testing,Delayed,-358
LCH10976,Chennai,ST846,2026-06-10,Ops-B,Complete,Complete,Failed,Ready,Ready,Complete,807,534,83,151.1,Testing,Delayed,-41
LCH10977,Delhi NCR,ST557,2026-06-05,Ops-C,Complete,Complete,Passed,Pending,Pending,Complete,853,456,67,187.1,Inventory,Delayed,-46
LCH10978,Kochi,ST187,2025-08-25,Ops-D,Complete,Complete,Pending,Ready,Ready,Complete,1032,626,83,164.9,Testing,Delayed,-330
LCH10979,Jaipur,ST179,2025-10-08,Ops-D,Complete,Complete,Passed,Ready,Pending,Complete,1599,1437,83,111.3,Staffing,Delayed,-286
LCH10980,Pune,ST305,2025-12-25,Ops-A,Complete,Complete,Pending,Ready,Ready,Complete,1402,941,83,149.0,Testing,Delayed,-208
LCH10981,Delhi NCR,ST891,2025-07-20,Ops-E,Complete,Complete,Passed,Ready,Ready,Complete,673,920,100,73.2,None,Go-Live Ready,-366
LCH10982,Kolkata,ST437,2025-10-05,Ops-B,Complete,Complete,Failed,Ready,Ready,Complete,366,1284,83,28.5,Testing,Delayed,-289
LCH10983,Delhi NCR,ST354,2025-08-23,Ops-A,Pending,Complete,Passed,Ready,Ready,Complete,1139,1343,83,84.8,Onboarding,Delayed,-332
LCH10984,Ahmedabad,ST404,2026-05-09,Ops-B,Complete,Complete,Passed,Ready,Ready,Complete,524,905,100,57.9,None,Go-Live Ready,-73
LCH10985,Pune,ST480,2025-01-04,Ops-A,Complete,Complete,Passed,Ready,Ready,Complete,185,1163,100,15.9,None,Go-Live Ready,-563
LCH10986,Bengaluru,ST230,2026-03-18,Ops-E,Complete,Pending,Passed,Ready,Pending,Complete,925,1048,67,88.3,Tech Setup,Delayed,-125
LCH10987,Kolkata,ST696,2025-01-29,Ops-A,Complete,Complete,Passed,Ready,Ready,Complete,177,1483,100,11.9,None,Go-Live Ready,-538
LCH10988,Hyderabad,ST376,2025-04-19,Ops-B,Complete,Complete,Passed,Ready,Ready,Pending,1545,1214,83,127.3,SOP,Delayed,-458
LCH10989,Delhi NCR,ST799,2025-03-16,Ops-D,Complete,Complete,Passed,Ready,Ready,Complete,235,1198,100,19.6,None,Go-Live Ready,-492
LCH10990,Chennai,ST658,2025-05-26,Ops-B,Complete,Complete,Passed,Ready,Ready,Complete,337,1297,100,26.0,None,Go-Live Ready,-421
LCH10991,Jaipur,ST283,2025-05-08,Ops-C,Complete,Complete,Passed,Pending,Pending,Complete,454,1159,67,39.2,Inventory,Delayed,-439
LCH10992,Bengaluru,ST368,2025-02-11,Ops-C,Complete,Complete,Passed,Ready,Ready,Pending,915,872,83,104.9,SOP,Delayed,-525
LCH10993,Delhi NCR,ST908,2025-12-22,Ops-C,Complete,Pending,Passed,Ready,Ready,Complete,1595,337,83,473.3,Tech Setup,Delayed,-211
LCH10994,Delhi NCR,ST422,2025-02-10,Ops-C,Complete,Pending,Passed,Ready,Ready,Complete,229,417,83,54.9,Tech Setup,Delayed,-526
LCH10995,Mumbai,ST612,2025-02-03,Ops-E,Complete,Complete,Passed,Ready,Ready,Complete,335,689,100,48.6,None,Go-Live Ready,-533
LCH10996,Mumbai,ST712,2025-01-17,Ops-D,Complete,Complete,Passed,Ready,Ready,Complete,1178,979,100,120.3,Capacity,Go-Live Ready,-550
LCH10997,Bengaluru,ST178,2025-06-02,Ops-D,Complete,Complete,Passed,Ready,Ready,Complete,707,676,100,104.6,Capacity,Go-Live Ready,-414
LCH10998,Kochi,ST884,2026-01-13,Ops-B,Complete,Complete,Passed,Ready,Ready,Complete,658,1148,100,57.3,None,Go-Live Ready,-189
LCH10999,Mumbai,ST439,2025-12-08,Ops-A,Complete,Pending,Passed,Ready,Ready,Complete,1120,675,83,165.9,Tech Setup,Delayed,-225
LCH11000,Chennai,ST774,2025-01-27,Ops-B,Complete,Complete,Passed,Ready,Pending,Complete,1175,894,83,131.4,Staffing,Delayed,-540
LCH11001,Kolkata,ST656,2025-10-14,Ops-B,Pending,Complete,Passed,Pending,Ready,Complete,366,1046,67,35.0,Onboarding,Delayed,-280
LCH11002,Hyderabad,ST609,2025-06-17,Ops-B,Complete,Complete,Failed,Pending,Ready,Complete,406,1365,67,29.7,Testing,Delayed,-399
LCH11003,Pune,ST338,2025-09-25,Ops-B,Complete,Complete,Passed,Ready,Pending,Pending,1597,757,67,211.0,Staffing,Delayed,-299
LCH11004,Hyderabad,ST234,2026-03-31,Ops-D,Complete,Pending,Passed,Pending,Ready,Complete,473,1453,67,32.6,Tech Setup,Delayed,-112
LCH11005,Hyderabad,ST292,2026-02-05,Ops-A,Complete,Complete,Passed,Ready,Ready,Complete,346,1351,100,25.6,None,Go-Live Ready,-166
LCH11006,Pune,ST456,2026-04-21,Ops-B,Complete,Complete,Passed,Ready,Ready,Pending,653,1040,83,62.8,SOP,Delayed,-91
LCH11007,Mumbai,ST378,2025-05-10,Ops-D,Complete,Complete,Passed,Ready,Ready,Complete,1445,928,100,155.7,Capacity,Go-Live Ready,-437
LCH11008,Bengaluru,ST118,2025-12-29,Ops-B,Complete,Complete,Passed,Ready,Ready,Complete,843,625,100,134.9,Capacity,Go-Live Ready,-204
LCH11009,Pune,ST624,2025-10-19,Ops-C,Complete,Complete,Passed,Pending,Ready,Complete,1108,918,83,120.7,Inventory,Delayed,-275
LCH11010,Ahmedabad,ST280,2026-01-06,Ops-B,Complete,Complete,Passed,Ready,Pending,Complete,167,624,83,26.8,Staffing,Delayed,-196
LCH11011,Kochi,ST223,2025-01-29,Ops-B,Complete,Complete,Passed,Ready,Ready,Complete,256,1483,100,17.3,None,Go-Live Ready,-538
LCH11012,Kolkata,ST346,2025-05-29,Ops-E,Complete,Pending,Passed,Ready,Ready,Complete,274,815,83,33.6,Tech Setup,Delayed,-418
LCH11013,Jaipur,ST834,2025-10-23,Ops-C,Complete,Complete,Failed,Pending,Ready,Complete,632,1045,67,60.5,Testing,Delayed,-271
LCH11014,Mumbai,ST473,2025-01-11,Ops-A,Pending,Complete,Passed,Ready,Ready,Complete,1177,547,83,215.2,Onboarding,Delayed,-556
LCH11015,Kochi,ST151,2026-05-27,Ops-B,Complete,Complete,Passed,Pending,Pending,Complete,776,697,67,111.3,Inventory,Delayed,-55
LCH11016,Pune,ST171,2025-04-23,Ops-A,Complete,Complete,Failed,Ready,Ready,Complete,500,881,83,56.8,Testing,Delayed,-454
LCH11017,Ahmedabad,ST580,2025-07-06,Ops-C,Complete,Complete,Passed,Ready,Ready,Complete,500,502,100,99.6,None,Go-Live Ready,-380
LCH11018,Jaipur,ST660,2025-08-15,Ops-B,Pending,Complete,Passed,Ready,Pending,Complete,798,1471,67,54.2,Onboarding,Delayed,-340
LCH11019,Kolkata,ST119,2025-11-06,Ops-E,Complete,Complete,Passed,Ready,Ready,Complete,1050,520,100,201.9,Capacity,Go-Live Ready,-257
LCH11020,Kolkata,ST874,2025-04-08,Ops-D,Complete,Complete,Passed,Ready,Pending,Complete,377,1166,83,32.3,Staffing,Delayed,-469
LCH11021,Mumbai,ST184,2025-02-24,Ops-E,Complete,Complete,Passed,Ready,Pending,Complete,165,562,83,29.4,Staffing,Delayed,-512
LCH11022,Pune,ST255,2026-02-10,Ops-E,Complete,Complete,Passed,Ready,Ready,Complete,574,595,100,96.5,None,Go-Live Ready,-161
LCH11023,Kochi,ST665,2025-03-10,Ops-D,Complete,Complete,Passed,Ready,Ready,Complete,613,1319,100,46.5,None,Go-Live Ready,-498
LCH11024,Bengaluru,ST719,2025-11-08,Ops-D,Complete,Complete,Passed,Ready,Ready,Complete,873,591,100,147.7,Capacity,Go-Live Ready,-255
LCH11025,Kochi,ST457,2025-10-16,Ops-D,Complete,Pending,Passed,Ready,Ready,Complete,1419,983,83,144.4,Tech Setup,Delayed,-278
LCH11026,Kochi,ST916,2026-07-02,Ops-B,Pending,Pending,Passed,Ready,Ready,Complete,943,1175,67,80.3,Onboarding,Delayed,-19
LCH11027,Kolkata,ST747,2025-05-28,Ops-A,Complete,Complete,Passed,Ready,Ready,Pending,326,1354,83,24.1,SOP,Delayed,-419
LCH11028,Bengaluru,ST543,2026-04-12,Ops-A,Complete,Complete,Passed,Ready,Pending,Complete,692,1367,83,50.6,Staffing,Delayed,-100
LCH11029,Bengaluru,ST169,2025-09-01,Ops-D,Complete,Complete,Passed,Ready,Ready,Complete,658,854,100,77.0,None,Go-Live Ready,-323
LCH11030,Mumbai,ST623,2026-05-06,Ops-E,Pending,Complete,Passed,Ready,Pending,Complete,713,1457,67,48.9,Onboarding,Delayed,-76
LCH11031,Jaipur,ST243,2026-05-22,Ops-C,Complete,Complete,Passed,Ready,Ready,Complete,382,648,100,59.0,None,Go-Live Ready,-60
LCH11032,Delhi NCR,ST292,2025-12-31,Ops-D,Complete,Complete,Failed,Ready,Ready,Pending,1211,518,67,233.8,Testing,Delayed,-202
LCH11033,Hyderabad,ST487,2026-04-27,Ops-E,Complete,Complete,Passed,Pending,Ready,Complete,640,1322,83,48.4,Inventory,Delayed,-85
LCH11034,Hyderabad,ST478,2025-07-20,Ops-E,Complete,Complete,Passed,Ready,Ready,Complete,1166,749,100,155.7,Capacity,Go-Live Ready,-366
LCH11035,Kolkata,ST681,2025-06-03,Ops-B,Complete,Complete,Pending,Pending,Ready,Complete,593,803,67,73.8,Testing,Delayed,-413
LCH11036,Delhi NCR,ST635,2026-03-26,Ops-B,Complete,Complete,Passed,Ready,Ready,Complete,169,385,100,43.9,None,Go-Live Ready,-117
LCH11037,Jaipur,ST793,2026-05-16,Ops-A,Complete,Pending,Pending,Ready,Pending,Complete,260,822,50,31.6,Tech Setup,Delayed,-66
LCH11038,Delhi NCR,ST393,2025-03-14,Ops-A,Complete,Complete,Passed,Ready,Ready,Complete,636,1403,100,45.3,None,Go-Live Ready,-494
LCH11039,Mumbai,ST109,2025-10-23,Ops-C,Complete,Complete,Passed,Ready,Ready,Complete,238,760,100,31.3,None,Go-Live Ready,-271
LCH11040,Kochi,ST371,2025-01-17,Ops-C,Complete,Complete,Passed,Ready,Ready,Complete,1492,1313,100,113.6,Capacity,Go-Live Ready,-550
LCH11041,Kolkata,ST487,2025-08-05,Ops-C,Complete,Complete,Passed,Ready,Ready,Complete,1291,929,100,139.0,Capacity,Go-Live Ready,-350
LCH11042,Bengaluru,ST193,2025-03-02,Ops-C,Complete,Complete,Passed,Ready,Ready,Complete,583,551,100,105.8,Capacity,Go-Live Ready,-506
LCH11043,Kolkata,ST629,2025-02-11,Ops-E,Complete,Complete,Pending,Ready,Ready,Complete,1412,317,83,445.4,Testing,Delayed,-525
LCH11044,Hyderabad,ST254,2025-01-25,Ops-E,Complete,Complete,Passed,Ready,Ready,Complete,221,1476,100,15.0,None,Go-Live Ready,-542
LCH11045,Jaipur,ST505,2025-02-08,Ops-A,Complete,Complete,Passed,Ready,Ready,Complete,971,799,100,121.5,Capacity,Go-Live Ready,-528
LCH11046,Delhi NCR,ST940,2025-05-11,Ops-B,Complete,Complete,Passed,Ready,Ready,Complete,1572,757,100,207.7,Capacity,Go-Live Ready,-436
LCH11047,Jaipur,ST249,2026-05-13,Ops-B,Complete,Pending,Passed,Ready,Ready,Complete,965,414,83,233.1,Tech Setup,Delayed,-69
LCH11048,Mumbai,ST989,2025-08-17,Ops-D,Complete,Complete,Passed,Ready,Ready,Complete,553,1052,100,52.6,None,Go-Live Ready,-338
LCH11049,Kolkata,ST367,2025-04-18,Ops-E,Complete,Pending,Passed,Ready,Ready,Complete,400,1068,83,37.5,Tech Setup,Delayed,-459
LCH11050,Pune,ST522,2025-06-21,Ops-C,Pending,Pending,Passed,Ready,Ready,Complete,1018,746,67,136.5,Onboarding,Delayed,-395
LCH11051,Kolkata,ST940,2026-03-11,Ops-C,Complete,Complete,Passed,Ready,Ready,Complete,1368,652,100,209.8,Capacity,Go-Live Ready,-132
LCH11052,Bengaluru,ST718,2026-04-23,Ops-D,Complete,Complete,Passed,Ready,Ready,Complete,1017,924,100,110.1,Capacity,Go-Live Ready,-89
LCH11053,Kolkata,ST572,2025-04-12,Ops-B,Complete,Complete,Pending,Ready,Ready,Complete,1395,840,83,166.1,Testing,Delayed,-465
LCH11054,Ahmedabad,ST993,2026-06-08,Ops-C,Pending,Pending,Passed,Ready,Ready,Complete,1355,621,67,218.2,Onboarding,Delayed,-43
LCH11055,Mumbai,ST647,2025-10-02,Ops-B,Complete,Complete,Passed,Ready,Pending,Complete,1045,525,83,199.0,Staffing,Delayed,-292
LCH11056,Chennai,ST731,2025-02-13,Ops-D,Complete,Complete,Passed,Ready,Ready,Complete,405,660,100,61.4,None,Go-Live Ready,-523
LCH11057,Mumbai,ST626,2025-01-17,Ops-B,Complete,Complete,Passed,Ready,Pending,Complete,1261,1133,83,111.3,Staffing,Delayed,-550
LCH11058,Delhi NCR,ST603,2025-11-26,Ops-B,Complete,Complete,Passed,Ready,Ready,Complete,1022,411,100,248.7,Capacity,Go-Live Ready,-237
LCH11059,Chennai,ST114,2026-05-12,Ops-B,Complete,Complete,Failed,Pending,Ready,Pending,641,511,50,125.4,Testing,Delayed,-70
LCH11060,Delhi NCR,ST878,2025-01-12,Ops-C,Complete,Complete,Passed,Ready,Ready,Complete,485,1247,100,38.9,None,Go-Live Ready,-555
LCH11061,Delhi NCR,ST752,2025-11-14,Ops-A,Complete,Complete,Passed,Ready,Ready,Complete,1580,458,100,345.0,Capacity,Go-Live Ready,-249
LCH11062,Bengaluru,ST906,2025-08-04,Ops-E,Complete,Complete,Passed,Ready,Ready,Complete,782,871,100,89.8,None,Go-Live Ready,-351
LCH11063,Bengaluru,ST464,2025-12-05,Ops-B,Complete,Complete,Passed,Ready,Ready,Complete,1462,1416,100,103.2,Capacity,Go-Live Ready,-228
LCH11064,Kochi,ST219,2025-03-22,Ops-B,Complete,Complete,Passed,Ready,Ready,Complete,511,969,100,52.7,None,Go-Live Ready,-486
LCH11065,Hyderabad,ST338,2026-04-30,Ops-B,Complete,Complete,Pending,Ready,Ready,Complete,1203,1464,83,82.2,Testing,Delayed,-82
LCH11066,Kochi,ST646,2026-01-09,Ops-A,Complete,Complete,Passed,Ready,Ready,Complete,1068,1210,100,88.3,None,Go-Live Ready,-193
LCH11067,Kochi,ST269,2025-07-19,Ops-D,Complete,Complete,Passed,Ready,Ready,Complete,1043,1322,100,78.9,None,Go-Live Ready,-367
LCH11068,Hyderabad,ST622,2026-06-21,Ops-C,Complete,Pending,Passed,Ready,Pending,Complete,786,703,67,111.8,Tech Setup,Delayed,-30
LCH11069,Pune,ST734,2026-04-11,Ops-A,Complete,Complete,Passed,Ready,Ready,Complete,1396,703,100,198.6,Capacity,Go-Live Ready,-101
LCH11070,Chennai,ST757,2025-03-30,Ops-B,Complete,Complete,Passed,Ready,Ready,Complete,896,900,100,99.6,None,Go-Live Ready,-478
LCH11071,Jaipur,ST835,2025-09-25,Ops-A,Complete,Complete,Passed,Ready,Ready,Complete,1297,492,100,263.6,Capacity,Go-Live Ready,-299
LCH11072,Kochi,ST983,2026-05-04,Ops-A,Pending,Complete,Passed,Ready,Ready,Complete,832,1422,83,58.5,Onboarding,Delayed,-78
LCH11073,Kolkata,ST869,2026-06-22,Ops-A,Complete,Complete,Pending,Ready,Ready,Complete,1152,1436,83,80.2,Testing,Delayed,-29
LCH11074,Kolkata,ST880,2025-02-16,Ops-D,Complete,Complete,Passed,Ready,Ready,Complete,1156,1299,100,89.0,None,Go-Live Ready,-520
LCH11075,Delhi NCR,ST971,2025-10-15,Ops-E,Complete,Complete,Passed,Ready,Ready,Complete,842,822,100,102.4,Capacity,Go-Live Ready,-279
LCH11076,Hyderabad,ST616,2025-01-16,Ops-C,Complete,Complete,Passed,Ready,Ready,Complete,364,649,100,56.1,None,Go-Live Ready,-551
LCH11077,Delhi NCR,ST497,2026-02-05,Ops-D,Complete,Complete,Passed,Pending,Ready,Complete,267,615,83,43.4,Inventory,Delayed,-166
LCH11078,Ahmedabad,ST966,2025-03-27,Ops-D,Complete,Complete,Failed,Ready,Ready,Complete,376,1242,83,30.3,Testing,Delayed,-481
LCH11079,Ahmedabad,ST206,2025-09-07,Ops-E,Pending,Complete,Passed,Pending,Ready,Complete,1040,1212,67,85.8,Onboarding,Delayed,-317
LCH11080,Jaipur,ST185,2026-01-26,Ops-D,Complete,Complete,Passed,Ready,Ready,Complete,593,951,100,62.4,None,Go-Live Ready,-176
LCH11081,Bengaluru,ST314,2025-12-01,Ops-A,Pending,Complete,Passed,Ready,Ready,Complete,698,934,83,74.7,Onboarding,Delayed,-232
LCH11082,Bengaluru,ST221,2026-06-03,Ops-A,Complete,Pending,Passed,Ready,Pending,Complete,978,1310,67,74.7,Tech Setup,Delayed,-48
LCH11083,Hyderabad,ST232,2025-05-17,Ops-B,Complete,Complete,Passed,Ready,Ready,Complete,161,892,100,18.0,None,Go-Live Ready,-430
LCH11084,Hyderabad,ST950,2026-05-13,Ops-D,Complete,Complete,Passed,Ready,Ready,Complete,1295,743,100,174.3,Capacity,Go-Live Ready,-69
LCH11085,Kochi,ST297,2026-04-22,Ops-B,Complete,Complete,Passed,Ready,Ready,Pending,638,920,83,69.3,SOP,Delayed,-90
LCH11086,Ahmedabad,ST119,2025-08-11,Ops-C,Complete,Complete,Pending,Ready,Ready,Complete,1424,1055,83,135.0,Testing,Delayed,-344
LCH11087,Kochi,ST742,2026-01-07,Ops-A,Complete,Complete,Passed,Ready,Ready,Complete,728,796,100,91.5,None,Go-Live Ready,-195
LCH11088,Bengaluru,ST112,2026-02-06,Ops-C,Complete,Complete,Pending,Ready,Ready,Pending,1453,1072,67,135.5,Testing,Delayed,-165
LCH11089,Chennai,ST181,2026-03-19,Ops-E,Pending,Complete,Passed,Pending,Ready,Complete,891,673,67,132.4,Onboarding,Delayed,-124
LCH11090,Chennai,ST430,2026-05-05,Ops-A,Complete,Complete,Pending,Ready,Ready,Complete,1510,483,83,312.6,Testing,Delayed,-77
LCH11091,Hyderabad,ST966,2025-09-30,Ops-C,Complete,Complete,Passed,Ready,Ready,Complete,317,331,100,95.8,None,Go-Live Ready,-294
LCH11092,Delhi NCR,ST874,2026-06-10,Ops-E,Complete,Complete,Passed,Ready,Pending,Complete,1110,582,83,190.7,Staffing,Delayed,-41
LCH11093,Bengaluru,ST492,2025-06-08,Ops-C,Complete,Complete,Pending,Ready,Ready,Complete,1501,1135,83,132.2,Testing,Delayed,-408
LCH11094,Chennai,ST737,2025-06-01,Ops-E,Complete,Complete,Passed,Ready,Ready,Complete,1419,1172,100,121.1,Capacity,Go-Live Ready,-415
LCH11095,Bengaluru,ST407,2025-07-07,Ops-E,Complete,Complete,Passed,Ready,Ready,Complete,1474,985,100,149.6,Capacity,Go-Live Ready,-379
LCH11096,Mumbai,ST367,2025-04-08,Ops-A,Complete,Pending,Passed,Pending,Ready,Complete,349,761,67,45.9,Tech Setup,Delayed,-469
LCH11097,Kolkata,ST547,2025-05-11,Ops-B,Complete,Complete,Passed,Ready,Ready,Pending,1013,1170,83,86.6,SOP,Delayed,-436
LCH11098,Ahmedabad,ST541,2025-06-20,Ops-E,Complete,Complete,Pending,Ready,Ready,Complete,903,1283,83,70.4,Testing,Delayed,-396
LCH11099,Kochi,ST995,2025-07-02,Ops-E,Complete,Complete,Passed,Ready,Pending,Complete,1186,667,83,177.8,Staffing,Delayed,-384
LCH11100,Bengaluru,ST752,2025-12-30,Ops-A,Complete,Complete,Passed,Ready,Ready,Complete,1539,957,100,160.8,Capacity,Go-Live Ready,-203
LCH11101,Kolkata,ST941,2025-02-08,Ops-B,Complete,Complete,Passed,Ready,Ready,Complete,923,465,100,198.5,Capacity,Go-Live Ready,-528
LCH11102,Mumbai,ST102,2026-06-11,Ops-D,Complete,Pending,Passed,Ready,Ready,Complete,246,1299,83,18.9,Tech Setup,Delayed,-40
LCH11103,Kochi,ST620,2026-05-12,Ops-D,Complete,Complete,Passed,Ready,Ready,Complete,220,901,100,24.4,None,Go-Live Ready,-70
LCH11104,Bengaluru,ST862,2026-05-31,Ops-B,Complete,Complete,Passed,Ready,Ready,Complete,1142,1426,100,80.1,None,Go-Live Ready,-51
LCH11105,Hyderabad,ST751,2025-12-15,Ops-C,Complete,Complete,Passed,Ready,Ready,Complete,506,893,100,56.7,None,Go-Live Ready,-218
LCH11106,Kolkata,ST736,2026-02-01,Ops-A,Complete,Complete,Passed,Ready,Ready,Complete,961,425,100,226.1,Capacity,Go-Live Ready,-170
LCH11107,Kochi,ST409,2025-06-10,Ops-B,Complete,Complete,Passed,Ready,Ready,Complete,693,337,100,205.6,Capacity,Go-Live Ready,-406
LCH11108,Bengaluru,ST840,2025-01-16,Ops-D,Complete,Complete,Passed,Ready,Ready,Complete,1423,647,100,219.9,Capacity,Go-Live Ready,-551
LCH11109,Kolkata,ST622,2026-05-08,Ops-E,Pending,Complete,Passed,Ready,Ready,Complete,403,1036,83,38.9,Onboarding,Delayed,-74
LCH11110,Mumbai,ST569,2026-03-02,Ops-D,Complete,Complete,Passed,Ready,Ready,Pending,1355,1033,83,131.2,SOP,Delayed,-141
LCH11111,Bengaluru,ST312,2025-04-18,Ops-E,Complete,Complete,Pending,Ready,Pending,Complete,1137,725,67,156.8,Testing,Delayed,-459
LCH11112,Bengaluru,ST212,2026-03-26,Ops-A,Complete,Pending,Passed,Ready,Ready,Complete,1339,947,83,141.4,Tech Setup,Delayed,-117
LCH11113,Bengaluru,ST108,2025-11-07,Ops-E,Complete,Complete,Failed,Ready,Ready,Complete,153,585,83,26.2,Testing,Delayed,-256
LCH11114,Jaipur,ST904,2025-06-19,Ops-B,Complete,Complete,Passed,Ready,Ready,Complete,294,619,100,47.5,None,Go-Live Ready,-397
LCH11115,Hyderabad,ST577,2026-06-30,Ops-E,Complete,Complete,Passed,Ready,Ready,Complete,314,811,100,38.7,None,Go-Live Ready,-21
LCH11116,Mumbai,ST974,2026-02-18,Ops-C,Complete,Complete,Passed,Ready,Ready,Complete,493,524,100,94.1,None,Go-Live Ready,-153
LCH11117,Kochi,ST560,2025-09-08,Ops-B,Complete,Pending,Passed,Ready,Pending,Complete,1278,805,67,158.8,Tech Setup,Delayed,-316
LCH11118,Jaipur,ST353,2025-05-21,Ops-A,Complete,Pending,Passed,Ready,Ready,Complete,1487,1430,83,104.0,Tech Setup,Delayed,-426
LCH11119,Delhi NCR,ST626,2025-10-01,Ops-B,Complete,Complete,Pending,Ready,Ready,Complete,1342,1041,83,128.9,Testing,Delayed,-293
LCH11120,Jaipur,ST852,2026-02-20,Ops-C,Complete,Complete,Passed,Ready,Ready,Complete,669,1328,100,50.4,None,Go-Live Ready,-151
LCH11121,Ahmedabad,ST538,2025-02-08,Ops-A,Complete,Complete,Passed,Ready,Ready,Complete,1075,767,100,140.2,Capacity,Go-Live Ready,-528
LCH11122,Ahmedabad,ST854,2025-01-29,Ops-D,Complete,Complete,Passed,Ready,Ready,Complete,758,1237,100,61.3,None,Go-Live Ready,-538
LCH11123,Bengaluru,ST954,2026-04-22,Ops-C,Pending,Complete,Passed,Ready,Pending,Complete,661,1064,67,62.1,Onboarding,Delayed,-90
LCH11124,Jaipur,ST761,2025-11-14,Ops-A,Complete,Complete,Passed,Ready,Ready,Complete,558,462,100,120.8,Capacity,Go-Live Ready,-249
LCH11125,Delhi NCR,ST336,2025-09-02,Ops-E,Complete,Complete,Pending,Pending,Pending,Complete,585,952,50,61.4,Testing,Delayed,-322
LCH11126,Jaipur,ST406,2025-09-29,Ops-B,Complete,Pending,Passed,Ready,Ready,Complete,1488,1200,83,124.0,Tech Setup,Delayed,-295
LCH11127,Hyderabad,ST578,2026-03-16,Ops-A,Pending,Complete,Passed,Ready,Ready,Complete,691,1107,83,62.4,Onboarding,Delayed,-127
LCH11128,Hyderabad,ST779,2025-08-27,Ops-B,Complete,Complete,Passed,Pending,Ready,Complete,762,381,83,200.0,Inventory,Delayed,-328
LCH11129,Delhi NCR,ST120,2026-01-12,Ops-E,Complete,Complete,Pending,Ready,Ready,Complete,1049,780,83,134.5,Testing,Delayed,-190
LCH11130,Jaipur,ST316,2025-09-23,Ops-A,Complete,Complete,Failed,Ready,Pending,Complete,1236,815,67,151.7,Testing,Delayed,-301
LCH11131,Kolkata,ST955,2025-12-25,Ops-D,Complete,Complete,Passed,Ready,Ready,Complete,1205,486,100,247.9,Capacity,Go-Live Ready,-208
LCH11132,Hyderabad,ST235,2025-12-06,Ops-C,Complete,Complete,Failed,Ready,Pending,Complete,1384,445,67,311.0,Testing,Delayed,-227
LCH11133,Hyderabad,ST229,2026-01-24,Ops-A,Complete,Complete,Passed,Ready,Ready,Complete,712,1305,100,54.6,None,Go-Live Ready,-178
LCH11134,Chennai,ST510,2025-01-03,Ops-E,Complete,Pending,Failed,Ready,Ready,Complete,724,451,67,160.5,Tech Setup,Delayed,-564
LCH11135,Jaipur,ST522,2026-03-05,Ops-A,Complete,Complete,Passed,Pending,Pending,Complete,1253,392,67,319.6,Inventory,Delayed,-138
LCH11136,Hyderabad,ST394,2025-05-22,Ops-B,Complete,Complete,Passed,Ready,Ready,Complete,1171,1354,100,86.5,None,Go-Live Ready,-425
LCH11137,Mumbai,ST346,2026-01-11,Ops-A,Complete,Complete,Passed,Ready,Ready,Complete,492,839,100,58.6,None,Go-Live Ready,-191
LCH11138,Jaipur,ST801,2025-11-20,Ops-D,Complete,Pending,Passed,Ready,Ready,Complete,1405,948,83,148.2,Tech Setup,Delayed,-243
LCH11139,Ahmedabad,ST656,2025-05-26,Ops-A,Complete,Complete,Passed,Ready,Ready,Complete,762,901,100,84.6,None,Go-Live Ready,-421
LCH11140,Chennai,ST186,2025-10-20,Ops-C,Complete,Complete,Passed,Ready,Ready,Complete,278,348,100,79.9,None,Go-Live Ready,-274
LCH11141,Hyderabad,ST656,2026-03-08,Ops-A,Complete,Complete,Passed,Ready,Ready,Complete,1192,840,100,141.9,Capacity,Go-Live Ready,-135
LCH11142,Chennai,ST942,2026-02-03,Ops-B,Complete,Complete,Pending,Ready,Ready,Complete,506,455,83,111.2,Testing,Delayed,-168
LCH11143,Ahmedabad,ST475,2025-12-10,Ops-A,Complete,Complete,Passed,Ready,Ready,Complete,1592,1074,100,148.2,Capacity,Go-Live Ready,-223
LCH11144,Delhi NCR,ST546,2025-05-20,Ops-D,Complete,Complete,Passed,Ready,Ready,Complete,1108,845,100,131.1,Capacity,Go-Live Ready,-427
LCH11145,Delhi NCR,ST478,2025-07-06,Ops-E,Complete,Complete,Passed,Ready,Ready,Complete,230,949,100,24.2,None,Go-Live Ready,-380
LCH11146,Jaipur,ST490,2025-03-02,Ops-A,Complete,Complete,Failed,Ready,Ready,Complete,815,1300,83,62.7,Testing,Delayed,-506
LCH11147,Ahmedabad,ST757,2026-01-15,Ops-A,Complete,Complete,Pending,Ready,Ready,Complete,930,1380,83,67.4,Testing,Delayed,-187
LCH11148,Pune,ST151,2026-03-16,Ops-C,Complete,Complete,Passed,Ready,Ready,Complete,1291,474,100,272.4,Capacity,Go-Live Ready,-127
LCH11149,Pune,ST342,2025-11-15,Ops-D,Complete,Complete,Passed,Ready,Ready,Complete,940,326,100,288.3,Capacity,Go-Live Ready,-248
LCH11150,Jaipur,ST394,2025-10-29,Ops-E,Complete,Complete,Passed,Ready,Ready,Complete,641,1442,100,44.5,None,Go-Live Ready,-265
LCH11151,Bengaluru,ST663,2025-12-10,Ops-B,Complete,Complete,Passed,Ready,Ready,Complete,374,446,100,83.9,None,Go-Live Ready,-223
LCH11152,Chennai,ST366,2025-01-11,Ops-A,Complete,Pending,Passed,Ready,Ready,Complete,1136,1167,83,97.3,Tech Setup,Delayed,-556
LCH11153,Chennai,ST220,2025-03-03,Ops-E,Complete,Complete,Pending,Ready,Ready,Pending,568,564,67,100.7,Testing,Delayed,-505
LCH11154,Delhi NCR,ST812,2025-08-14,Ops-B,Complete,Complete,Passed,Ready,Ready,Complete,929,557,100,166.8,Capacity,Go-Live Ready,-341
LCH11155,Pune,ST348,2025-06-02,Ops-D,Complete,Complete,Passed,Ready,Ready,Complete,286,1126,100,25.4,None,Go-Live Ready,-414
LCH11156,Kochi,ST170,2025-11-06,Ops-D,Complete,Complete,Passed,Ready,Ready,Complete,375,1042,100,36.0,None,Go-Live Ready,-257
LCH11157,Hyderabad,ST953,2025-08-31,Ops-E,Complete,Complete,Passed,Ready,Ready,Complete,1507,1009,100,149.4,Capacity,Go-Live Ready,-324
LCH11158,Hyderabad,ST157,2026-05-08,Ops-B,Complete,Complete,Passed,Ready,Ready,Complete,1402,1393,100,100.6,Capacity,Go-Live Ready,-74
LCH11159,Hyderabad,ST482,2026-01-01,Ops-D,Complete,Complete,Passed,Ready,Ready,Complete,472,1348,100,35.0,None,Go-Live Ready,-201
LCH11160,Delhi NCR,ST139,2025-11-26,Ops-E,Complete,Complete,Passed,Ready,Ready,Complete,1281,1479,100,86.6,None,Go-Live Ready,-237
LCH11161,Ahmedabad,ST901,2025-04-17,Ops-D,Complete,Complete,Pending,Ready,Ready,Complete,961,518,83,185.5,Testing,Delayed,-460
LCH11162,Kolkata,ST543,2025-08-14,Ops-D,Complete,Complete,Passed,Ready,Ready,Complete,594,860,100,69.1,None,Go-Live Ready,-341
LCH11163,Pune,ST118,2025-08-06,Ops-D,Complete,Complete,Passed,Ready,Ready,Complete,156,1191,100,13.1,None,Go-Live Ready,-349
LCH11164,Pune,ST832,2026-05-21,Ops-C,Complete,Complete,Failed,Ready,Ready,Complete,277,1363,83,20.3,Testing,Delayed,-61
LCH11165,Kochi,ST925,2025-09-16,Ops-B,Complete,Complete,Passed,Ready,Ready,Pending,1526,896,83,170.3,SOP,Delayed,-308
LCH11166,Chennai,ST856,2026-06-01,Ops-E,Complete,Complete,Passed,Pending,Ready,Complete,416,642,83,64.8,Inventory,Delayed,-50
LCH11167,Bengaluru,ST452,2025-02-23,Ops-E,Pending,Complete,Passed,Ready,Ready,Complete,834,802,83,104.0,Onboarding,Delayed,-513
LCH11168,Jaipur,ST916,2025-02-16,Ops-B,Complete,Complete,Passed,Pending,Ready,Complete,1077,749,83,143.8,Inventory,Delayed,-520
LCH11169,Chennai,ST398,2026-06-05,Ops-B,Complete,Complete,Passed,Ready,Ready,Complete,363,635,100,57.2,None,Go-Live Ready,-46
LCH11170,Ahmedabad,ST383,2025-04-09,Ops-B,Complete,Pending,Passed,Ready,Ready,Complete,396,303,83,130.7,Tech Setup,Delayed,-468
LCH11171,Jaipur,ST686,2025-01-20,Ops-B,Complete,Complete,Passed,Ready,Ready,Complete,1547,1058,100,146.2,Capacity,Go-Live Ready,-547
LCH11172,Pune,ST210,2026-05-05,Ops-A,Complete,Complete,Passed,Ready,Pending,Complete,570,816,83,69.9,Staffing,Delayed,-77
LCH11173,Ahmedabad,ST280,2026-02-23,Ops-E,Complete,Complete,Passed,Ready,Ready,Pending,1214,1473,83,82.4,SOP,Delayed,-148
LCH11174,Jaipur,ST644,2025-03-03,Ops-A,Complete,Complete,Pending,Ready,Ready,Complete,866,537,83,161.3,Testing,Delayed,-505
LCH11175,Kochi,ST846,2025-05-25,Ops-D,Complete,Complete,Passed,Ready,Ready,Complete,1521,402,100,378.4,Capacity,Go-Live Ready,-422
LCH11176,Kochi,ST894,2025-08-04,Ops-D,Complete,Complete,Pending,Ready,Ready,Complete,292,1498,83,19.5,Testing,Delayed,-351
LCH11177,Mumbai,ST125,2025-01-03,Ops-E,Pending,Complete,Passed,Ready,Ready,Pending,290,1309,67,22.2,Onboarding,Delayed,-564
LCH11178,Kolkata,ST943,2025-06-09,Ops-D,Complete,Complete,Passed,Ready,Ready,Complete,714,1357,100,52.6,None,Go-Live Ready,-407
LCH11179,Kochi,ST891,2025-04-30,Ops-B,Pending,Pending,Passed,Ready,Ready,Complete,256,817,67,31.3,Onboarding,Delayed,-447
LCH11180,Pune,ST838,2025-03-30,Ops-A,Pending,Complete,Passed,Ready,Ready,Complete,182,739,83,24.6,Onboarding,Delayed,-478
LCH11181,Bengaluru,ST157,2025-11-25,Ops-B,Complete,Pending,Passed,Ready,Ready,Complete,1373,524,83,262.0,Tech Setup,Delayed,-238
LCH11182,Hyderabad,ST280,2025-12-23,Ops-D,Complete,Complete,Passed,Ready,Ready,Complete,268,864,100,31.0,None,Go-Live Ready,-210
LCH11183,Mumbai,ST332,2025-09-24,Ops-A,Complete,Complete,Passed,Ready,Ready,Complete,378,1382,100,27.4,None,Go-Live Ready,-300
LCH11184,Hyderabad,ST994,2025-11-19,Ops-B,Complete,Complete,Passed,Ready,Ready,Complete,837,545,100,153.6,Capacity,Go-Live Ready,-244
LCH11185,Kolkata,ST443,2026-06-25,Ops-E,Complete,Complete,Pending,Ready,Ready,Complete,1358,1227,83,110.7,Testing,Delayed,-26
LCH11186,Jaipur,ST577,2025-07-14,Ops-B,Complete,Pending,Passed,Ready,Ready,Complete,979,1252,83,78.2,Tech Setup,Delayed,-372
LCH11187,Delhi NCR,ST899,2025-11-28,Ops-D,Complete,Complete,Passed,Ready,Ready,Complete,1160,1118,100,103.8,Capacity,Go-Live Ready,-235
LCH11188,Kochi,ST676,2025-06-19,Ops-A,Complete,Complete,Passed,Ready,Ready,Complete,999,515,100,194.0,Capacity,Go-Live Ready,-397
LCH11189,Bengaluru,ST555,2026-06-05,Ops-E,Complete,Complete,Failed,Ready,Ready,Complete,1388,582,83,238.5,Testing,Delayed,-46
LCH11190,Kolkata,ST332,2026-04-08,Ops-A,Complete,Complete,Passed,Ready,Ready,Complete,882,872,100,101.1,Capacity,Go-Live Ready,-104
LCH11191,Hyderabad,ST389,2025-02-09,Ops-E,Complete,Complete,Pending,Ready,Ready,Complete,1303,681,83,191.3,Testing,Delayed,-527
LCH11192,Mumbai,ST313,2026-06-21,Ops-A,Complete,Complete,Passed,Ready,Ready,Complete,994,1368,100,72.7,None,Go-Live Ready,-30
LCH11193,Kochi,ST358,2025-09-18,Ops-D,Complete,Complete,Passed,Ready,Ready,Complete,421,471,100,89.4,None,Go-Live Ready,-306
LCH11194,Pune,ST630,2026-01-30,Ops-E,Complete,Complete,Passed,Ready,Ready,Complete,784,1418,100,55.3,None,Go-Live Ready,-172
LCH11195,Kochi,ST787,2025-08-14,Ops-C,Complete,Complete,Passed,Ready,Ready,Complete,1181,343,100,344.3,Capacity,Go-Live Ready,-341
LCH11196,Mumbai,ST329,2025-05-04,Ops-A,Complete,Complete,Pending,Ready,Ready,Complete,552,527,83,104.7,Testing,Delayed,-443
LCH11197,Mumbai,ST326,2025-02-07,Ops-A,Complete,Complete,Passed,Pending,Ready,Complete,1077,873,83,123.4,Inventory,Delayed,-529
LCH11198,Delhi NCR,ST696,2025-11-24,Ops-B,Complete,Complete,Failed,Ready,Ready,Complete,776,616,83,126.0,Testing,Delayed,-239
LCH11199,Kochi,ST903,2025-09-08,Ops-E,Complete,Complete,Passed,Ready,Ready,Complete,1542,1030,100,149.7,Capacity,Go-Live Ready,-316
LCH11200,Kochi,ST535,2025-06-25,Ops-C,Complete,Complete,Passed,Ready,Ready,Complete,766,900,100,85.1,None,Go-Live Ready,-391
LCH11201,Delhi NCR,ST982,2026-03-30,Ops-D,Complete,Complete,Passed,Ready,Pending,Pending,1130,923,67,122.4,Staffing,Delayed,-113
LCH11202,Ahmedabad,ST858,2025-02-06,Ops-B,Complete,Complete,Passed,Ready,Ready,Complete,686,766,100,89.6,None,Go-Live Ready,-530
LCH11203,Ahmedabad,ST502,2025-11-12,Ops-C,Complete,Complete,Passed,Ready,Pending,Complete,1226,596,83,205.7,Staffing,Delayed,-251
LCH11204,Jaipur,ST722,2025-04-24,Ops-E,Complete,Complete,Passed,Ready,Ready,Complete,396,844,100,46.9,None,Go-Live Ready,-453
LCH11205,Ahmedabad,ST866,2025-02-09,Ops-C,Complete,Complete,Passed,Ready,Ready,Complete,486,788,100,61.7,None,Go-Live Ready,-527
LCH11206,Chennai,ST188,2025-10-28,Ops-A,Complete,Complete,Passed,Ready,Ready,Complete,1454,1319,100,110.2,Capacity,Go-Live Ready,-266
LCH11207,Kochi,ST684,2025-08-12,Ops-A,Complete,Complete,Passed,Ready,Ready,Complete,182,514,100,35.4,None,Go-Live Ready,-343
LCH11208,Bengaluru,ST993,2025-11-14,Ops-B,Pending,Complete,Passed,Ready,Ready,Complete,948,1325,83,71.5,Onboarding,Delayed,-249
LCH11209,Kochi,ST642,2025-12-15,Ops-E,Complete,Complete,Passed,Pending,Ready,Complete,697,960,83,72.6,Inventory,Delayed,-218
LCH11210,Chennai,ST784,2025-04-25,Ops-E,Complete,Pending,Passed,Ready,Pending,Complete,1516,953,67,159.1,Tech Setup,Delayed,-452
LCH11211,Chennai,ST409,2025-11-19,Ops-C,Complete,Complete,Passed,Ready,Ready,Complete,1040,1101,100,94.5,None,Go-Live Ready,-244
LCH11212,Hyderabad,ST443,2025-02-09,Ops-B,Complete,Pending,Pending,Ready,Pending,Complete,1412,640,50,220.6,Tech Setup,Delayed,-527
LCH11213,Kochi,ST536,2025-02-09,Ops-E,Complete,Complete,Passed,Ready,Ready,Complete,878,1003,100,87.5,None,Go-Live Ready,-527
LCH11214,Kolkata,ST277,2025-10-16,Ops-A,Complete,Complete,Passed,Ready,Ready,Complete,1350,706,100,191.2,Capacity,Go-Live Ready,-278
LCH11215,Chennai,ST239,2025-09-19,Ops-C,Complete,Complete,Passed,Ready,Ready,Complete,193,1152,100,16.8,None,Go-Live Ready,-305
LCH11216,Bengaluru,ST294,2025-08-04,Ops-D,Complete,Pending,Passed,Ready,Ready,Complete,453,605,83,74.9,Tech Setup,Delayed,-351
LCH11217,Delhi NCR,ST286,2025-05-27,Ops-A,Complete,Complete,Passed,Ready,Ready,Complete,418,1173,100,35.6,None,Go-Live Ready,-420
LCH11218,Jaipur,ST318,2025-12-02,Ops-B,Complete,Complete,Passed,Ready,Pending,Complete,832,794,83,104.8,Staffing,Delayed,-231
LCH11219,Hyderabad,ST264,2025-06-17,Ops-E,Complete,Complete,Passed,Ready,Ready,Complete,549,877,100,62.6,None,Go-Live Ready,-399
LCH11220,Delhi NCR,ST261,2025-04-02,Ops-A,Complete,Complete,Passed,Ready,Ready,Complete,752,840,100,89.5,None,Go-Live Ready,-475
LCH11221,Hyderabad,ST625,2025-12-19,Ops-D,Complete,Complete,Passed,Ready,Ready,Complete,1071,1067,100,100.4,Capacity,Go-Live Ready,-214
LCH11222,Bengaluru,ST908,2025-12-29,Ops-D,Pending,Complete,Passed,Ready,Ready,Complete,1120,1195,83,93.7,Onboarding,Delayed,-204
LCH11223,Mumbai,ST701,2025-12-11,Ops-B,Complete,Complete,Passed,Ready,Ready,Complete,580,754,100,76.9,None,Go-Live Ready,-222
LCH11224,Kochi,ST936,2025-06-19,Ops-A,Complete,Complete,Passed,Ready,Ready,Complete,570,1467,100,38.9,None,Go-Live Ready,-397
LCH11225,Pune,ST142,2025-12-22,Ops-C,Complete,Complete,Passed,Ready,Ready,Complete,280,598,100,46.8,None,Go-Live Ready,-211
LCH11226,Kolkata,ST310,2025-07-10,Ops-A,Complete,Complete,Passed,Pending,Ready,Complete,1583,726,83,218.0,Inventory,Delayed,-376
LCH11227,Delhi NCR,ST841,2026-02-26,Ops-D,Complete,Pending,Passed,Ready,Ready,Complete,1398,1015,83,137.7,Tech Setup,Delayed,-145
LCH11228,Kochi,ST962,2025-01-07,Ops-B,Pending,Complete,Pending,Ready,Ready,Complete,1316,1056,67,124.6,Onboarding,Delayed,-560
LCH11229,Kolkata,ST375,2025-05-13,Ops-B,Complete,Pending,Passed,Ready,Ready,Complete,727,330,83,220.3,Tech Setup,Delayed,-434
LCH11230,Mumbai,ST379,2025-01-31,Ops-C,Complete,Complete,Passed,Ready,Ready,Complete,689,631,100,109.2,Capacity,Go-Live Ready,-536
LCH11231,Pune,ST351,2026-06-19,Ops-B,Complete,Complete,Passed,Ready,Ready,Complete,274,351,100,78.1,None,Go-Live Ready,-32
LCH11232,Kolkata,ST410,2026-03-02,Ops-B,Complete,Complete,Passed,Ready,Pending,Complete,1385,542,83,255.5,Staffing,Delayed,-141
LCH11233,Kolkata,ST820,2026-01-29,Ops-B,Complete,Complete,Passed,Pending,Pending,Complete,1083,1074,67,100.8,Inventory,Delayed,-173
LCH11234,Delhi NCR,ST933,2025-12-29,Ops-B,Complete,Complete,Passed,Pending,Ready,Complete,741,985,83,75.2,Inventory,Delayed,-204
LCH11235,Ahmedabad,ST240,2026-03-13,Ops-B,Pending,Complete,Pending,Ready,Pending,Complete,1411,872,50,161.8,Onboarding,Delayed,-130
LCH11236,Pune,ST892,2025-03-23,Ops-D,Complete,Complete,Passed,Ready,Ready,Complete,793,1171,100,67.7,None,Go-Live Ready,-485
LCH11237,Kochi,ST646,2025-12-22,Ops-A,Complete,Complete,Passed,Ready,Ready,Complete,477,999,100,47.7,None,Go-Live Ready,-211
LCH11238,Mumbai,ST921,2025-09-15,Ops-E,Complete,Complete,Passed,Ready,Ready,Complete,961,818,100,117.5,Capacity,Go-Live Ready,-309
LCH11239,Pune,ST630,2026-06-08,Ops-B,Complete,Complete,Failed,Ready,Pending,Complete,1292,894,67,144.5,Testing,Delayed,-43
LCH11240,Bengaluru,ST157,2025-10-22,Ops-E,Pending,Complete,Passed,Ready,Ready,Complete,195,582,83,33.5,Onboarding,Delayed,-272
LCH11241,Ahmedabad,ST212,2025-08-12,Ops-E,Complete,Complete,Failed,Ready,Ready,Complete,233,1480,83,15.7,Testing,Delayed,-343
LCH11242,Bengaluru,ST105,2026-06-09,Ops-D,Complete,Complete,Passed,Ready,Pending,Complete,943,898,83,105.0,Staffing,Delayed,-42
LCH11243,Mumbai,ST510,2025-02-15,Ops-B,Complete,Complete,Passed,Ready,Ready,Complete,501,447,100,112.1,Capacity,Go-Live Ready,-521
LCH11244,Delhi NCR,ST514,2025-04-23,Ops-E,Complete,Complete,Passed,Pending,Ready,Complete,1186,369,83,321.4,Inventory,Delayed,-454
LCH11245,Delhi NCR,ST282,2025-08-21,Ops-B,Complete,Complete,Pending,Pending,Ready,Complete,786,533,67,147.5,Testing,Delayed,-334
LCH11246,Mumbai,ST113,2025-01-17,Ops-C,Complete,Complete,Failed,Ready,Ready,Complete,1345,978,83,137.5,Testing,Delayed,-550
LCH11247,Hyderabad,ST439,2025-12-26,Ops-C,Complete,Complete,Passed,Ready,Ready,Complete,383,935,100,41.0,None,Go-Live Ready,-207
LCH11248,Mumbai,ST897,2025-08-11,Ops-C,Complete,Complete,Passed,Pending,Ready,Complete,1354,766,83,176.8,Inventory,Delayed,-344
LCH11249,Ahmedabad,ST359,2026-03-24,Ops-E,Complete,Complete,Passed,Ready,Ready,Complete,1224,856,100,143.0,Capacity,Go-Live Ready,-119
LCH11250,Chennai,ST190,2025-12-31,Ops-C,Complete,Complete,Passed,Ready,Ready,Complete,930,1193,100,78.0,None,Go-Live Ready,-202
LCH11251,Delhi NCR,ST716,2025-11-22,Ops-D,Complete,Complete,Passed,Ready,Ready,Complete,830,1135,100,73.1,None,Go-Live Ready,-241
LCH11252,Jaipur,ST991,2026-04-12,Ops-D,Complete,Complete,Passed,Ready,Ready,Complete,1568,917,100,171.0,Capacity,Go-Live Ready,-100
LCH11253,Ahmedabad,ST798,2026-02-18,Ops-E,Complete,Complete,Pending,Ready,Ready,Complete,1082,433,83,249.9,Testing,Delayed,-153
LCH11254,Ahmedabad,ST350,2026-03-31,Ops-B,Complete,Complete,Passed,Ready,Ready,Pending,1447,307,83,471.3,SOP,Delayed,-112
LCH11255,Ahmedabad,ST355,2025-08-21,Ops-A,Complete,Complete,Passed,Pending,Ready,Complete,1010,327,83,308.9,Inventory,Delayed,-334
LCH11256,Kolkata,ST688,2025-08-12,Ops-B,Complete,Complete,Passed,Ready,Pending,Complete,1380,1082,83,127.5,Staffing,Delayed,-343
LCH11257,Ahmedabad,ST998,2026-02-16,Ops-B,Complete,Pending,Passed,Ready,Ready,Complete,297,840,83,35.4,Tech Setup,Delayed,-155
LCH11258,Delhi NCR,ST208,2025-12-01,Ops-B,Complete,Complete,Passed,Ready,Ready,Complete,449,926,100,48.5,None,Go-Live Ready,-232
LCH11259,Chennai,ST768,2025-08-10,Ops-B,Complete,Complete,Passed,Ready,Ready,Complete,698,1357,100,51.4,None,Go-Live Ready,-345
LCH11260,Chennai,ST694,2025-02-06,Ops-A,Complete,Complete,Passed,Ready,Ready,Pending,1127,306,83,368.3,SOP,Delayed,-530
LCH11261,Ahmedabad,ST689,2025-10-05,Ops-C,Complete,Complete,Passed,Ready,Ready,Complete,532,339,100,156.9,Capacity,Go-Live Ready,-289
LCH11262,Bengaluru,ST585,2025-07-15,Ops-B,Complete,Pending,Failed,Ready,Ready,Complete,949,1208,67,78.6,Tech Setup,Delayed,-371
LCH11263,Delhi NCR,ST358,2026-04-29,Ops-D,Complete,Complete,Passed,Ready,Ready,Complete,683,361,100,189.2,Capacity,Go-Live Ready,-83
LCH11264,Delhi NCR,ST739,2025-08-30,Ops-E,Complete,Complete,Passed,Ready,Pending,Complete,1406,1409,83,99.8,Staffing,Delayed,-325
LCH11265,Pune,ST382,2025-11-20,Ops-E,Complete,Complete,Passed,Ready,Ready,Complete,1302,1439,100,90.5,None,Go-Live Ready,-243
LCH11266,Kochi,ST188,2025-07-11,Ops-D,Complete,Complete,Passed,Ready,Ready,Complete,719,678,100,106.0,Capacity,Go-Live Ready,-375
LCH11267,Hyderabad,ST304,2025-01-17,Ops-B,Pending,Complete,Passed,Ready,Pending,Complete,1080,621,67,173.9,Onboarding,Delayed,-550
LCH11268,Hyderabad,ST116,2026-06-08,Ops-A,Complete,Complete,Passed,Ready,Ready,Complete,386,1032,100,37.4,None,Go-Live Ready,-43
LCH11269,Bengaluru,ST251,2026-02-05,Ops-C,Complete,Complete,Passed,Ready,Ready,Complete,1115,1138,100,98.0,None,Go-Live Ready,-166
LCH11270,Hyderabad,ST354,2025-01-22,Ops-E,Complete,Complete,Failed,Ready,Ready,Complete,850,718,83,118.4,Testing,Delayed,-545
LCH11271,Pune,ST288,2026-04-19,Ops-C,Complete,Pending,Passed,Ready,Ready,Complete,903,319,83,283.1,Tech Setup,Delayed,-93
LCH11272,Mumbai,ST429,2025-04-30,Ops-A,Complete,Complete,Passed,Ready,Ready,Complete,724,711,100,101.8,Capacity,Go-Live Ready,-447
LCH11273,Hyderabad,ST644,2025-07-29,Ops-E,Complete,Complete,Failed,Ready,Ready,Complete,1414,848,83,166.7,Testing,Delayed,-357
LCH11274,Delhi NCR,ST883,2025-11-02,Ops-C,Complete,Complete,Passed,Ready,Ready,Complete,1106,904,100,122.3,Capacity,Go-Live Ready,-261
LCH11275,Mumbai,ST497,2025-09-27,Ops-A,Complete,Complete,Passed,Ready,Ready,Complete,1166,656,100,177.7,Capacity,Go-Live Ready,-297
LCH11276,Hyderabad,ST617,2025-10-12,Ops-C,Complete,Complete,Passed,Ready,Ready,Complete,920,500,100,184.0,Capacity,Go-Live Ready,-282
LCH11277,Delhi NCR,ST559,2025-08-15,Ops-B,Complete,Complete,Failed,Ready,Ready,Pending,372,1371,67,27.1,Testing,Delayed,-340
LCH11278,Delhi NCR,ST430,2026-01-16,Ops-A,Pending,Complete,Passed,Ready,Ready,Pending,1272,1064,67,119.5,Onboarding,Delayed,-186
LCH11279,Ahmedabad,ST920,2026-04-05,Ops-C,Complete,Complete,Pending,Ready,Ready,Complete,706,530,83,133.2,Testing,Delayed,-107
LCH11280,Chennai,ST945,2025-01-07,Ops-B,Complete,Complete,Passed,Ready,Pending,Pending,1060,1418,67,74.8,Staffing,Delayed,-560
LCH11281,Bengaluru,ST269,2025-01-29,Ops-B,Complete,Complete,Passed,Ready,Ready,Complete,422,602,100,70.1,None,Go-Live Ready,-538
LCH11282,Pune,ST793,2025-02-02,Ops-A,Complete,Pending,Passed,Ready,Ready,Complete,1572,686,83,229.2,Tech Setup,Delayed,-534
LCH11283,Kolkata,ST466,2025-03-20,Ops-D,Complete,Complete,Passed,Pending,Ready,Complete,579,1014,83,57.1,Inventory,Delayed,-488
LCH11284,Kochi,ST278,2026-04-04,Ops-E,Complete,Complete,Passed,Ready,Ready,Complete,672,1224,100,54.9,None,Go-Live Ready,-108
LCH11285,Hyderabad,ST755,2026-06-22,Ops-A,Complete,Complete,Passed,Ready,Ready,Complete,1109,1414,100,78.4,None,Go-Live Ready,-29
LCH11286,Hyderabad,ST462,2026-04-27,Ops-B,Complete,Complete,Passed,Ready,Ready,Complete,1521,357,100,426.1,Capacity,Go-Live Ready,-85
LCH11287,Mumbai,ST860,2026-03-06,Ops-B,Complete,Complete,Passed,Pending,Ready,Complete,1059,733,83,144.5,Inventory,Delayed,-137
LCH11288,Mumbai,ST739,2025-10-12,Ops-A,Complete,Complete,Passed,Ready,Pending,Complete,600,821,83,73.1,Staffing,Delayed,-282
LCH11289,Kochi,ST875,2026-05-31,Ops-D,Complete,Complete,Passed,Ready,Ready,Complete,1161,1067,100,108.8,Capacity,Go-Live Ready,-51
LCH11290,Hyderabad,ST140,2025-04-09,Ops-E,Pending,Pending,Passed,Ready,Ready,Complete,191,1128,67,16.9,Onboarding,Delayed,-468
LCH11291,Jaipur,ST516,2026-02-01,Ops-C,Complete,Complete,Passed,Ready,Ready,Complete,243,782,100,31.1,None,Go-Live Ready,-170
LCH11292,Pune,ST455,2026-05-04,Ops-A,Complete,Complete,Passed,Ready,Ready,Complete,635,666,100,95.3,None,Go-Live Ready,-78
LCH11293,Hyderabad,ST355,2025-02-08,Ops-E,Complete,Pending,Passed,Ready,Ready,Complete,666,1188,83,56.1,Tech Setup,Delayed,-528
LCH11294,Chennai,ST243,2025-09-28,Ops-E,Complete,Complete,Passed,Ready,Ready,Complete,1323,1182,100,111.9,Capacity,Go-Live Ready,-296
LCH11295,Kochi,ST852,2025-06-06,Ops-B,Complete,Complete,Passed,Ready,Ready,Complete,866,710,100,122.0,Capacity,Go-Live Ready,-410
LCH11296,Jaipur,ST840,2025-03-16,Ops-C,Complete,Complete,Passed,Ready,Ready,Complete,648,482,100,134.4,Capacity,Go-Live Ready,-492
LCH11297,Pune,ST953,2025-05-10,Ops-A,Pending,Complete,Passed,Ready,Ready,Complete,520,1446,83,36.0,Onboarding,Delayed,-437
LCH11298,Hyderabad,ST810,2025-03-25,Ops-B,Pending,Pending,Failed,Ready,Ready,Complete,1130,457,50,247.3,Onboarding,Delayed,-483
LCH11299,Kolkata,ST677,2025-01-22,Ops-B,Complete,Complete,Passed,Pending,Ready,Complete,848,312,83,271.8,Inventory,Delayed,-545
LCH11300,Ahmedabad,ST111,2026-04-04,Ops-D,Complete,Complete,Passed,Ready,Ready,Complete,634,865,100,73.3,None,Go-Live Ready,-108
LCH11301,Chennai,ST720,2026-06-23,Ops-E,Complete,Complete,Passed,Ready,Ready,Complete,814,1171,100,69.5,None,Go-Live Ready,-28
LCH11302,Kolkata,ST126,2026-01-17,Ops-A,Complete,Complete,Passed,Ready,Ready,Complete,1556,854,100,182.2,Capacity,Go-Live Ready,-185
LCH11303,Mumbai,ST521,2026-03-16,Ops-A,Complete,Complete,Passed,Pending,Pending,Complete,777,977,67,79.5,Inventory,Delayed,-127
LCH11304,Mumbai,ST763,2025-01-21,Ops-A,Complete,Complete,Passed,Ready,Ready,Complete,881,1162,100,75.8,None,Go-Live Ready,-546
LCH11305,Hyderabad,ST321,2025-10-30,Ops-B,Pending,Complete,Passed,Ready,Ready,Complete,341,917,83,37.2,Onboarding,Delayed,-264
LCH11306,Mumbai,ST953,2025-03-25,Ops-D,Complete,Complete,Passed,Ready,Pending,Complete,985,503,83,195.8,Staffing,Delayed,-483
LCH11307,Chennai,ST596,2026-03-29,Ops-C,Complete,Complete,Passed,Ready,Ready,Complete,1394,1256,100,111.0,Capacity,Go-Live Ready,-114
LCH11308,Pune,ST337,2026-01-22,Ops-B,Complete,Complete,Passed,Ready,Pending,Complete,1220,601,83,203.0,Staffing,Delayed,-180
LCH11309,Delhi NCR,ST337,2026-05-22,Ops-C,Pending,Complete,Passed,Ready,Ready,Complete,276,1366,83,20.2,Onboarding,Delayed,-60
LCH11310,Bengaluru,ST319,2025-09-14,Ops-D,Complete,Pending,Passed,Ready,Ready,Complete,876,1094,83,80.1,Tech Setup,Delayed,-310
LCH11311,Kochi,ST587,2026-06-11,Ops-E,Complete,Pending,Passed,Ready,Ready,Complete,1180,896,83,131.7,Tech Setup,Delayed,-40
LCH11312,Pune,ST561,2025-06-11,Ops-A,Complete,Complete,Passed,Ready,Ready,Complete,845,1028,100,82.2,None,Go-Live Ready,-405
LCH11313,Delhi NCR,ST763,2025-06-12,Ops-C,Complete,Pending,Passed,Ready,Ready,Complete,1289,805,83,160.1,Tech Setup,Delayed,-404
LCH11314,Jaipur,ST735,2026-06-08,Ops-B,Complete,Complete,Passed,Ready,Ready,Complete,713,938,100,76.0,None,Go-Live Ready,-43
LCH11315,Chennai,ST244,2025-09-28,Ops-C,Complete,Complete,Passed,Ready,Ready,Complete,515,490,100,105.1,Capacity,Go-Live Ready,-296
LCH11316,Kolkata,ST289,2026-05-07,Ops-E,Complete,Complete,Passed,Ready,Ready,Complete,1219,1198,100,101.8,Capacity,Go-Live Ready,-75
LCH11317,Delhi NCR,ST355,2025-07-27,Ops-A,Complete,Complete,Passed,Ready,Ready,Complete,542,359,100,151.0,Capacity,Go-Live Ready,-359
LCH11318,Chennai,ST168,2026-06-23,Ops-C,Complete,Complete,Passed,Ready,Pending,Complete,1103,361,83,305.5,Staffing,Delayed,-28
LCH11319,Ahmedabad,ST716,2025-03-01,Ops-E,Complete,Complete,Passed,Ready,Ready,Complete,172,601,100,28.6,None,Go-Live Ready,-507
LCH11320,Kolkata,ST436,2026-03-06,Ops-B,Complete,Pending,Passed,Ready,Pending,Pending,1304,937,50,139.2,Tech Setup,Delayed,-137
LCH11321,Mumbai,ST771,2025-11-05,Ops-D,Complete,Complete,Passed,Ready,Ready,Complete,1300,1298,100,100.2,Capacity,Go-Live Ready,-258
LCH11322,Mumbai,ST921,2026-06-04,Ops-B,Pending,Complete,Passed,Ready,Ready,Complete,594,471,83,126.1,Onboarding,Delayed,-47
LCH11323,Kolkata,ST974,2025-01-27,Ops-A,Complete,Complete,Passed,Ready,Ready,Complete,926,362,100,255.8,Capacity,Go-Live Ready,-540
LCH11324,Jaipur,ST509,2025-07-18,Ops-B,Complete,Complete,Passed,Ready,Ready,Complete,1482,1071,100,138.4,Capacity,Go-Live Ready,-368
LCH11325,Jaipur,ST400,2026-01-22,Ops-B,Complete,Complete,Passed,Pending,Ready,Pending,857,315,67,272.1,Inventory,Delayed,-180
LCH11326,Jaipur,ST702,2025-12-15,Ops-B,Complete,Complete,Passed,Pending,Ready,Complete,582,990,83,58.8,Inventory,Delayed,-218
LCH11327,Delhi NCR,ST457,2026-06-20,Ops-B,Complete,Complete,Passed,Ready,Pending,Complete,622,1141,83,54.5,Staffing,Delayed,-31
LCH11328,Kochi,ST356,2026-01-13,Ops-A,Complete,Complete,Passed,Ready,Ready,Pending,197,1424,83,13.8,SOP,Delayed,-189
LCH11329,Delhi NCR,ST453,2026-06-11,Ops-E,Complete,Complete,Passed,Ready,Pending,Complete,1255,1499,83,83.7,Staffing,Delayed,-40
LCH11330,Hyderabad,ST832,2025-06-02,Ops-C,Complete,Complete,Passed,Ready,Ready,Complete,1282,1198,100,107.0,Capacity,Go-Live Ready,-414
LCH11331,Bengaluru,ST621,2025-07-25,Ops-D,Complete,Complete,Pending,Ready,Ready,Complete,412,1232,83,33.4,Testing,Delayed,-361
LCH11332,Kolkata,ST624,2026-03-31,Ops-C,Complete,Complete,Passed,Ready,Ready,Complete,1204,474,100,254.0,Capacity,Go-Live Ready,-112
LCH11333,Pune,ST937,2025-09-30,Ops-C,Complete,Complete,Passed,Pending,Ready,Complete,507,716,83,70.8,Inventory,Delayed,-294
LCH11334,Bengaluru,ST856,2025-08-24,Ops-D,Complete,Pending,Passed,Ready,Pending,Complete,717,750,67,95.6,Tech Setup,Delayed,-331
LCH11335,Ahmedabad,ST794,2026-06-05,Ops-A,Complete,Complete,Passed,Ready,Ready,Complete,629,1135,100,55.4,None,Go-Live Ready,-46
LCH11336,Delhi NCR,ST384,2026-05-16,Ops-D,Pending,Pending,Pending,Ready,Ready,Complete,1016,579,50,175.5,Onboarding,Delayed,-66
LCH11337,Delhi NCR,ST412,2025-04-27,Ops-A,Complete,Pending,Passed,Ready,Ready,Complete,1362,543,83,250.8,Tech Setup,Delayed,-450
LCH11338,Chennai,ST199,2026-01-21,Ops-C,Complete,Complete,Pending,Ready,Ready,Pending,1178,974,67,120.9,Testing,Delayed,-181
LCH11339,Bengaluru,ST297,2025-12-10,Ops-A,Complete,Complete,Passed,Ready,Ready,Complete,1459,445,100,327.9,Capacity,Go-Live Ready,-223
LCH11340,Chennai,ST582,2026-01-30,Ops-E,Complete,Complete,Passed,Ready,Ready,Complete,1567,1390,100,112.7,Capacity,Go-Live Ready,-172
LCH11341,Pune,ST978,2025-03-05,Ops-D,Complete,Pending,Passed,Ready,Ready,Complete,857,402,83,213.2,Tech Setup,Delayed,-503
LCH11342,Chennai,ST326,2025-03-13,Ops-E,Complete,Complete,Passed,Ready,Ready,Complete,575,609,100,94.4,None,Go-Live Ready,-495
LCH11343,Bengaluru,ST945,2025-10-01,Ops-C,Complete,Complete,Passed,Ready,Ready,Complete,1200,416,100,288.5,Capacity,Go-Live Ready,-293
LCH11344,Kolkata,ST715,2025-11-16,Ops-D,Pending,Complete,Passed,Ready,Ready,Complete,276,1062,83,26.0,Onboarding,Delayed,-247
LCH11345,Ahmedabad,ST718,2025-12-04,Ops-C,Complete,Complete,Passed,Ready,Ready,Complete,284,1037,100,27.4,None,Go-Live Ready,-229
LCH11346,Delhi NCR,ST465,2026-01-01,Ops-E,Complete,Complete,Passed,Ready,Ready,Pending,480,486,83,98.8,SOP,Delayed,-201
LCH11347,Pune,ST468,2026-05-10,Ops-C,Complete,Complete,Pending,Pending,Ready,Complete,541,1084,67,49.9,Testing,Delayed,-72
LCH11348,Delhi NCR,ST670,2025-06-15,Ops-D,Complete,Complete,Passed,Ready,Ready,Complete,157,1006,100,15.6,None,Go-Live Ready,-401
LCH11349,Hyderabad,ST690,2026-06-28,Ops-D,Complete,Complete,Passed,Ready,Ready,Complete,762,1175,100,64.9,None,Go-Live Ready,-23
LCH11350,Ahmedabad,ST175,2025-01-11,Ops-C,Complete,Complete,Passed,Ready,Ready,Complete,1434,1095,100,131.0,Capacity,Go-Live Ready,-556
LCH11351,Kochi,ST142,2025-10-28,Ops-D,Complete,Complete,Passed,Ready,Pending,Complete,1372,772,83,177.7,Staffing,Delayed,-266
LCH11352,Chennai,ST522,2025-04-12,Ops-D,Complete,Complete,Passed,Pending,Ready,Complete,747,855,83,87.4,Inventory,Delayed,-465
LCH11353,Mumbai,ST936,2026-03-01,Ops-C,Complete,Pending,Passed,Ready,Ready,Complete,535,981,83,54.5,Tech Setup,Delayed,-142
LCH11354,Bengaluru,ST281,2026-01-27,Ops-E,Complete,Complete,Pending,Ready,Ready,Complete,621,393,83,158.0,Testing,Delayed,-175
LCH11355,Delhi NCR,ST645,2025-08-02,Ops-D,Complete,Complete,Pending,Ready,Ready,Complete,328,1035,83,31.7,Testing,Delayed,-353
LCH11356,Chennai,ST171,2025-03-29,Ops-D,Complete,Complete,Passed,Ready,Ready,Complete,599,1089,100,55.0,None,Go-Live Ready,-479
LCH11357,Pune,ST668,2026-02-05,Ops-D,Complete,Complete,Passed,Ready,Ready,Complete,1413,337,100,419.3,Capacity,Go-Live Ready,-166
LCH11358,Delhi NCR,ST205,2025-02-15,Ops-D,Complete,Complete,Passed,Ready,Ready,Complete,964,1081,100,89.2,None,Go-Live Ready,-521
LCH11359,Kochi,ST300,2026-04-08,Ops-C,Complete,Complete,Passed,Ready,Ready,Complete,1356,781,100,173.6,Capacity,Go-Live Ready,-104
LCH11360,Ahmedabad,ST201,2025-11-06,Ops-E,Complete,Complete,Passed,Pending,Ready,Complete,507,410,83,123.7,Inventory,Delayed,-257
LCH11361,Ahmedabad,ST868,2025-03-27,Ops-E,Complete,Complete,Passed,Ready,Ready,Complete,525,709,100,74.0,None,Go-Live Ready,-481
LCH11362,Delhi NCR,ST407,2025-04-02,Ops-A,Complete,Complete,Pending,Ready,Pending,Complete,851,1491,67,57.1,Testing,Delayed,-475
LCH11363,Pune,ST686,2025-08-30,Ops-D,Complete,Complete,Passed,Ready,Pending,Complete,987,696,83,141.8,Staffing,Delayed,-325
LCH11364,Ahmedabad,ST783,2025-01-02,Ops-D,Complete,Pending,Passed,Ready,Pending,Complete,687,1450,67,47.4,Tech Setup,Delayed,-565
LCH11365,Ahmedabad,ST477,2025-08-13,Ops-A,Complete,Complete,Passed,Ready,Ready,Complete,931,341,100,273.0,Capacity,Go-Live Ready,-342
LCH11366,Kochi,ST755,2025-04-26,Ops-E,Complete,Complete,Passed,Ready,Ready,Complete,231,340,100,67.9,None,Go-Live Ready,-451
LCH11367,Bengaluru,ST778,2025-04-13,Ops-B,Complete,Complete,Failed,Ready,Ready,Pending,1531,698,67,219.3,Testing,Delayed,-464
LCH11368,Pune,ST499,2025-07-13,Ops-B,Pending,Complete,Passed,Ready,Ready,Complete,334,481,83,69.4,Onboarding,Delayed,-373
LCH11369,Pune,ST873,2025-06-15,Ops-E,Complete,Complete,Passed,Ready,Ready,Complete,437,1043,100,41.9,None,Go-Live Ready,-401
LCH11370,Kolkata,ST321,2025-03-31,Ops-D,Complete,Complete,Passed,Ready,Ready,Pending,1235,1017,83,121.4,SOP,Delayed,-477
LCH11371,Kolkata,ST695,2025-05-02,Ops-B,Complete,Complete,Passed,Ready,Pending,Complete,1032,763,83,135.3,Staffing,Delayed,-445
LCH11372,Ahmedabad,ST282,2025-05-23,Ops-C,Pending,Complete,Passed,Ready,Ready,Complete,656,1373,83,47.8,Onboarding,Delayed,-424
LCH11373,Mumbai,ST407,2025-04-16,Ops-C,Complete,Pending,Passed,Ready,Ready,Complete,179,1469,83,12.2,Tech Setup,Delayed,-461
LCH11374,Kolkata,ST622,2026-03-04,Ops-A,Complete,Complete,Passed,Ready,Ready,Complete,1085,597,100,181.7,Capacity,Go-Live Ready,-139
LCH11375,Ahmedabad,ST496,2025-11-01,Ops-E,Complete,Complete,Passed,Ready,Pending,Pending,180,444,67,40.5,Staffing,Delayed,-262
LCH11376,Jaipur,ST104,2025-11-13,Ops-E,Complete,Complete,Passed,Ready,Ready,Complete,1466,315,100,465.4,Capacity,Go-Live Ready,-250
LCH11377,Hyderabad,ST963,2025-01-09,Ops-B,Pending,Pending,Passed,Ready,Ready,Complete,1346,1408,67,95.6,Onboarding,Delayed,-558
LCH11378,Hyderabad,ST948,2025-03-14,Ops-D,Complete,Pending,Passed,Ready,Ready,Complete,1301,1375,83,94.6,Tech Setup,Delayed,-494
LCH11379,Pune,ST904,2025-12-25,Ops-E,Complete,Complete,Passed,Ready,Ready,Complete,235,406,100,57.9,None,Go-Live Ready,-208
LCH11380,Mumbai,ST381,2025-08-11,Ops-B,Pending,Complete,Passed,Ready,Ready,Complete,1488,518,83,287.3,Onboarding,Delayed,-344
LCH11381,Kochi,ST315,2026-02-20,Ops-B,Complete,Complete,Pending,Ready,Ready,Pending,177,1234,67,14.3,Testing,Delayed,-151
LCH11382,Bengaluru,ST710,2026-01-05,Ops-E,Complete,Complete,Passed,Ready,Ready,Complete,271,636,100,42.6,None,Go-Live Ready,-197
LCH11383,Kolkata,ST520,2025-09-21,Ops-B,Complete,Complete,Passed,Ready,Ready,Complete,1424,1220,100,116.7,Capacity,Go-Live Ready,-303
LCH11384,Jaipur,ST201,2025-11-14,Ops-A,Pending,Complete,Passed,Ready,Ready,Complete,722,670,83,107.8,Onboarding,Delayed,-249
LCH11385,Ahmedabad,ST621,2025-03-25,Ops-A,Complete,Complete,Passed,Ready,Ready,Complete,552,1297,100,42.6,None,Go-Live Ready,-483
LCH11386,Mumbai,ST673,2025-11-14,Ops-E,Complete,Pending,Passed,Pending,Pending,Complete,832,1109,50,75.0,Tech Setup,Delayed,-249
LCH11387,Pune,ST409,2025-04-21,Ops-D,Complete,Pending,Pending,Pending,Pending,Complete,421,553,33,76.1,Tech Setup,Delayed,-456
LCH11388,Kolkata,ST758,2025-09-08,Ops-A,Complete,Complete,Pending,Ready,Ready,Complete,986,879,83,112.2,Testing,Delayed,-316
LCH11389,Mumbai,ST610,2026-01-18,Ops-A,Complete,Complete,Passed,Ready,Pending,Complete,262,935,83,28.0,Staffing,Delayed,-184
LCH11390,Kolkata,ST163,2025-01-07,Ops-E,Complete,Complete,Passed,Ready,Ready,Complete,1567,1353,100,115.8,Capacity,Go-Live Ready,-560
LCH11391,Bengaluru,ST733,2026-04-04,Ops-C,Pending,Complete,Failed,Ready,Ready,Complete,168,484,67,34.7,Onboarding,Delayed,-108
LCH11392,Bengaluru,ST326,2025-03-25,Ops-B,Complete,Complete,Passed,Ready,Ready,Complete,754,773,100,97.5,None,Go-Live Ready,-483
LCH11393,Kochi,ST205,2025-07-27,Ops-A,Complete,Complete,Pending,Pending,Ready,Complete,614,1284,67,47.8,Testing,Delayed,-359
LCH11394,Hyderabad,ST872,2026-01-25,Ops-C,Complete,Complete,Passed,Pending,Ready,Complete,840,1283,83,65.5,Inventory,Delayed,-177
LCH11395,Chennai,ST961,2025-11-10,Ops-D,Complete,Complete,Passed,Pending,Ready,Complete,1160,1456,83,79.7,Inventory,Delayed,-253
LCH11396,Chennai,ST525,2025-01-22,Ops-C,Complete,Complete,Passed,Ready,Ready,Complete,1364,801,100,170.3,Capacity,Go-Live Ready,-545
LCH11397,Kolkata,ST355,2026-02-14,Ops-E,Pending,Complete,Passed,Ready,Ready,Complete,1163,1173,83,99.1,Onboarding,Delayed,-157
LCH11398,Kochi,ST529,2026-05-30,Ops-D,Complete,Complete,Passed,Ready,Ready,Complete,312,1400,100,22.3,None,Go-Live Ready,-52
LCH11399,Chennai,ST534,2025-05-07,Ops-D,Complete,Complete,Passed,Ready,Ready,Complete,848,649,100,130.7,Capacity,Go-Live Ready,-440
LCH11400,Pune,ST307,2025-01-14,Ops-C,Complete,Complete,Passed,Ready,Ready,Complete,444,359,100,123.7,Capacity,Go-Live Ready,-553
LCH11401,Chennai,ST128,2025-01-12,Ops-E,Complete,Complete,Failed,Ready,Pending,Complete,728,1178,67,61.8,Testing,Delayed,-555
LCH11402,Delhi NCR,ST782,2025-03-28,Ops-A,Complete,Complete,Passed,Ready,Ready,Complete,1246,764,100,163.1,Capacity,Go-Live Ready,-480
LCH11403,Ahmedabad,ST436,2026-06-08,Ops-C,Complete,Complete,Passed,Ready,Pending,Complete,850,610,83,139.3,Staffing,Delayed,-43
LCH11404,Kochi,ST688,2026-06-21,Ops-A,Complete,Complete,Passed,Ready,Ready,Complete,1482,1414,100,104.8,Capacity,Go-Live Ready,-30
LCH11405,Pune,ST728,2025-10-28,Ops-C,Pending,Complete,Passed,Ready,Ready,Complete,451,1230,83,36.7,Onboarding,Delayed,-266
LCH11406,Mumbai,ST169,2025-08-31,Ops-A,Complete,Complete,Passed,Ready,Ready,Complete,1481,1264,100,117.2,Capacity,Go-Live Ready,-324
LCH11407,Pune,ST966,2025-05-02,Ops-C,Complete,Complete,Passed,Ready,Ready,Complete,273,579,100,47.2,None,Go-Live Ready,-445
LCH11408,Hyderabad,ST846,2025-05-27,Ops-D,Complete,Complete,Passed,Ready,Ready,Complete,818,1010,100,81.0,None,Go-Live Ready,-420
LCH11409,Mumbai,ST613,2025-12-22,Ops-B,Complete,Complete,Passed,Ready,Ready,Complete,1434,1266,100,113.3,Capacity,Go-Live Ready,-211
LCH11410,Jaipur,ST267,2025-11-05,Ops-D,Complete,Complete,Passed,Ready,Ready,Complete,344,1441,100,23.9,None,Go-Live Ready,-258
LCH11411,Ahmedabad,ST964,2025-10-15,Ops-A,Complete,Complete,Passed,Ready,Ready,Pending,991,994,83,99.7,SOP,Delayed,-279
LCH11412,Ahmedabad,ST830,2025-11-03,Ops-E,Pending,Complete,Passed,Ready,Ready,Complete,500,1209,83,41.4,Onboarding,Delayed,-260
LCH11413,Ahmedabad,ST885,2026-07-03,Ops-D,Complete,Complete,Pending,Ready,Ready,Pending,638,866,67,73.7,Testing,Delayed,-18
LCH11414,Ahmedabad,ST468,2025-12-18,Ops-B,Complete,Complete,Pending,Ready,Ready,Complete,349,570,83,61.2,Testing,Delayed,-215
LCH11415,Kolkata,ST351,2025-11-08,Ops-A,Complete,Complete,Failed,Pending,Ready,Complete,1033,1424,67,72.5,Testing,Delayed,-255
LCH11416,Ahmedabad,ST959,2025-02-28,Ops-D,Complete,Complete,Pending,Ready,Ready,Complete,657,1279,83,51.4,Testing,Delayed,-508
LCH11417,Ahmedabad,ST956,2025-02-04,Ops-C,Complete,Complete,Passed,Ready,Ready,Complete,1047,1376,100,76.1,None,Go-Live Ready,-532
LCH11418,Ahmedabad,ST786,2026-03-21,Ops-E,Complete,Complete,Passed,Ready,Pending,Complete,595,1140,83,52.2,Staffing,Delayed,-122
LCH11419,Kochi,ST270,2025-04-03,Ops-A,Complete,Complete,Passed,Ready,Pending,Complete,229,1303,83,17.6,Staffing,Delayed,-474
LCH11420,Kolkata,ST858,2025-07-26,Ops-D,Complete,Complete,Passed,Ready,Ready,Complete,894,539,100,165.9,Capacity,Go-Live Ready,-360
LCH11421,Bengaluru,ST190,2025-12-19,Ops-A,Complete,Complete,Pending,Pending,Ready,Complete,847,660,67,128.3,Testing,Delayed,-214
LCH11422,Pune,ST661,2025-11-28,Ops-C,Complete,Complete,Pending,Ready,Ready,Complete,1080,1033,83,104.5,Testing,Delayed,-235
LCH11423,Pune,ST546,2025-06-08,Ops-B,Complete,Pending,Passed,Pending,Ready,Complete,803,1151,67,69.8,Tech Setup,Delayed,-408
LCH11424,Mumbai,ST394,2025-01-24,Ops-D,Complete,Complete,Passed,Ready,Pending,Complete,1051,1159,83,90.7,Staffing,Delayed,-543
LCH11425,Kochi,ST250,2026-02-08,Ops-A,Pending,Complete,Passed,Ready,Pending,Pending,421,1000,50,42.1,Onboarding,Delayed,-163
LCH11426,Delhi NCR,ST232,2026-05-31,Ops-A,Complete,Complete,Passed,Ready,Ready,Complete,1516,1135,100,133.6,Capacity,Go-Live Ready,-51
LCH11427,Pune,ST533,2025-12-30,Ops-A,Complete,Complete,Passed,Ready,Ready,Complete,273,1122,100,24.3,None,Go-Live Ready,-203
LCH11428,Chennai,ST159,2026-01-17,Ops-B,Complete,Complete,Passed,Ready,Pending,Complete,1396,396,83,352.5,Staffing,Delayed,-185
LCH11429,Delhi NCR,ST936,2026-06-16,Ops-A,Complete,Complete,Failed,Ready,Ready,Complete,835,626,83,133.4,Testing,Delayed,-35
LCH11430,Ahmedabad,ST299,2025-06-01,Ops-E,Complete,Complete,Passed,Ready,Ready,Complete,801,372,100,215.3,Capacity,Go-Live Ready,-415
LCH11431,Ahmedabad,ST315,2026-02-24,Ops-E,Complete,Complete,Pending,Ready,Ready,Complete,446,1293,83,34.5,Testing,Delayed,-147
LCH11432,Kolkata,ST998,2025-09-07,Ops-A,Complete,Complete,Passed,Ready,Ready,Complete,1292,1493,100,86.5,None,Go-Live Ready,-317
LCH11433,Delhi NCR,ST661,2025-04-27,Ops-E,Complete,Complete,Passed,Ready,Ready,Complete,936,1293,100,72.4,None,Go-Live Ready,-450
LCH11434,Chennai,ST572,2026-05-27,Ops-D,Complete,Complete,Passed,Ready,Ready,Complete,1249,632,100,197.6,Capacity,Go-Live Ready,-55
LCH11435,Kolkata,ST844,2025-12-01,Ops-E,Complete,Complete,Pending,Ready,Ready,Complete,770,1480,83,52.0,Testing,Delayed,-232
LCH11436,Mumbai,ST347,2026-02-22,Ops-A,Complete,Complete,Passed,Ready,Ready,Complete,1122,757,100,148.2,Capacity,Go-Live Ready,-149
LCH11437,Delhi NCR,ST482,2025-10-22,Ops-C,Complete,Complete,Pending,Ready,Ready,Complete,1030,1033,83,99.7,Testing,Delayed,-272
LCH11438,Kochi,ST339,2026-01-06,Ops-D,Complete,Pending,Passed,Ready,Ready,Complete,1431,1175,83,121.8,Tech Setup,Delayed,-196
LCH11439,Ahmedabad,ST467,2025-07-05,Ops-B,Complete,Complete,Passed,Ready,Ready,Complete,500,1157,100,43.2,None,Go-Live Ready,-381
LCH11440,Ahmedabad,ST268,2025-09-03,Ops-A,Complete,Complete,Passed,Ready,Ready,Pending,1450,398,83,364.3,SOP,Delayed,-321
LCH11441,Hyderabad,ST660,2025-09-25,Ops-B,Complete,Complete,Passed,Pending,Pending,Complete,404,1031,67,39.2,Inventory,Delayed,-299
LCH11442,Kolkata,ST151,2025-08-25,Ops-C,Complete,Complete,Passed,Ready,Ready,Complete,1437,1224,100,117.4,Capacity,Go-Live Ready,-330
LCH11443,Bengaluru,ST911,2026-06-14,Ops-B,Complete,Complete,Passed,Ready,Ready,Complete,828,543,100,152.5,Capacity,Go-Live Ready,-37
LCH11444,Bengaluru,ST710,2025-01-21,Ops-A,Complete,Complete,Passed,Ready,Pending,Complete,178,961,83,18.5,Staffing,Delayed,-546
LCH11445,Kolkata,ST828,2026-06-04,Ops-A,Complete,Complete,Passed,Ready,Ready,Pending,616,1305,83,47.2,SOP,Delayed,-47
LCH11446,Kochi,ST789,2025-04-10,Ops-C,Complete,Complete,Pending,Ready,Ready,Pending,1208,666,67,181.4,Testing,Delayed,-467
LCH11447,Jaipur,ST480,2026-04-23,Ops-A,Complete,Complete,Passed,Ready,Ready,Complete,898,1478,100,60.8,None,Go-Live Ready,-89
LCH11448,Kolkata,ST574,2025-10-25,Ops-C,Complete,Complete,Pending,Ready,Ready,Complete,1467,798,83,183.8,Testing,Delayed,-269
LCH11449,Kochi,ST180,2026-06-10,Ops-C,Complete,Complete,Passed,Ready,Ready,Complete,751,412,100,182.3,Capacity,Go-Live Ready,-41
LCH11450,Mumbai,ST797,2025-11-30,Ops-A,Complete,Complete,Passed,Ready,Ready,Complete,1376,1244,100,110.6,Capacity,Go-Live Ready,-233
LCH11451,Ahmedabad,ST467,2025-01-02,Ops-E,Complete,Complete,Passed,Ready,Pending,Pending,889,1347,67,66.0,Staffing,Delayed,-565
LCH11452,Chennai,ST561,2026-01-10,Ops-C,Complete,Complete,Passed,Ready,Ready,Complete,1080,582,100,185.6,Capacity,Go-Live Ready,-192
LCH11453,Jaipur,ST639,2025-10-20,Ops-A,Complete,Complete,Passed,Ready,Ready,Complete,1241,700,100,177.3,Capacity,Go-Live Ready,-274
LCH11454,Delhi NCR,ST552,2025-11-14,Ops-E,Complete,Pending,Passed,Ready,Ready,Complete,280,867,83,32.3,Tech Setup,Delayed,-249
LCH11455,Jaipur,ST564,2026-05-17,Ops-C,Complete,Complete,Passed,Ready,Ready,Complete,260,1377,100,18.9,None,Go-Live Ready,-65
LCH11456,Chennai,ST578,2026-01-16,Ops-E,Complete,Complete,Passed,Ready,Pending,Pending,673,1013,67,66.4,Staffing,Delayed,-186
LCH11457,Hyderabad,ST520,2025-01-14,Ops-D,Complete,Complete,Passed,Pending,Ready,Complete,1461,721,83,202.6,Inventory,Delayed,-553
LCH11458,Ahmedabad,ST807,2026-05-19,Ops-D,Complete,Complete,Passed,Ready,Ready,Complete,836,1148,100,72.8,None,Go-Live Ready,-63
LCH11459,Bengaluru,ST314,2025-08-19,Ops-E,Complete,Complete,Passed,Ready,Ready,Complete,980,774,100,126.6,Capacity,Go-Live Ready,-336
LCH11460,Kochi,ST469,2025-03-25,Ops-C,Complete,Complete,Pending,Ready,Ready,Complete,815,704,83,115.8,Testing,Delayed,-483
LCH11461,Kolkata,ST954,2025-05-10,Ops-A,Pending,Complete,Passed,Ready,Pending,Complete,1216,335,67,363.0,Onboarding,Delayed,-437
LCH11462,Kolkata,ST214,2025-05-25,Ops-B,Complete,Complete,Passed,Ready,Ready,Pending,1024,657,83,155.9,SOP,Delayed,-422
LCH11463,Bengaluru,ST854,2025-01-28,Ops-A,Complete,Complete,Passed,Ready,Ready,Pending,1467,857,83,171.2,SOP,Delayed,-539
LCH11464,Jaipur,ST603,2025-03-07,Ops-B,Complete,Complete,Passed,Ready,Ready,Complete,434,1367,100,31.7,None,Go-Live Ready,-501
LCH11465,Ahmedabad,ST736,2025-06-12,Ops-B,Complete,Complete,Passed,Ready,Ready,Complete,972,619,100,157.0,Capacity,Go-Live Ready,-404
LCH11466,Pune,ST917,2025-08-17,Ops-C,Complete,Complete,Passed,Ready,Ready,Complete,713,1037,100,68.8,None,Go-Live Ready,-338
LCH11467,Kochi,ST688,2025-09-18,Ops-E,Complete,Complete,Pending,Ready,Ready,Complete,168,957,83,17.6,Testing,Delayed,-306
LCH11468,Mumbai,ST411,2026-03-25,Ops-A,Complete,Complete,Passed,Ready,Ready,Complete,696,771,100,90.3,None,Go-Live Ready,-118
LCH11469,Chennai,ST569,2026-02-28,Ops-E,Complete,Complete,Passed,Pending,Ready,Complete,197,824,83,23.9,Inventory,Delayed,-143
LCH11470,Jaipur,ST924,2026-04-05,Ops-D,Complete,Complete,Passed,Ready,Ready,Complete,368,324,100,113.6,Capacity,Go-Live Ready,-107
LCH11471,Delhi NCR,ST808,2025-10-28,Ops-C,Complete,Complete,Passed,Ready,Pending,Complete,915,939,83,97.4,Staffing,Delayed,-266
LCH11472,Hyderabad,ST963,2025-10-30,Ops-C,Complete,Pending,Passed,Pending,Ready,Complete,1361,1480,67,92.0,Tech Setup,Delayed,-264
LCH11473,Kolkata,ST144,2025-10-14,Ops-D,Complete,Complete,Passed,Ready,Ready,Complete,180,1175,100,15.3,None,Go-Live Ready,-280
LCH11474,Jaipur,ST515,2026-01-30,Ops-A,Pending,Complete,Passed,Ready,Pending,Complete,408,473,67,86.3,Onboarding,Delayed,-172
LCH11475,Hyderabad,ST798,2025-01-10,Ops-D,Complete,Complete,Passed,Ready,Ready,Complete,1517,485,100,312.8,Capacity,Go-Live Ready,-557
LCH11476,Chennai,ST955,2025-09-27,Ops-A,Complete,Complete,Passed,Ready,Ready,Complete,457,1300,100,35.2,None,Go-Live Ready,-297
LCH11477,Kolkata,ST346,2025-12-27,Ops-B,Complete,Complete,Passed,Ready,Ready,Pending,1244,827,83,150.4,SOP,Delayed,-206
LCH11478,Kolkata,ST184,2025-09-14,Ops-C,Pending,Complete,Passed,Ready,Ready,Complete,456,1271,83,35.9,Onboarding,Delayed,-310
LCH11479,Pune,ST307,2025-05-13,Ops-A,Complete,Complete,Passed,Pending,Ready,Complete,717,983,83,72.9,Inventory,Delayed,-434
LCH11480,Jaipur,ST251,2025-10-03,Ops-E,Complete,Complete,Passed,Ready,Ready,Complete,1272,485,100,262.3,Capacity,Go-Live Ready,-291
LCH11481,Ahmedabad,ST768,2026-05-28,Ops-E,Complete,Complete,Passed,Ready,Ready,Complete,170,874,100,19.5,None,Go-Live Ready,-54
LCH11482,Bengaluru,ST628,2025-11-09,Ops-C,Complete,Complete,Passed,Ready,Pending,Complete,1179,608,83,193.9,Staffing,Delayed,-254
LCH11483,Bengaluru,ST265,2025-10-11,Ops-D,Complete,Pending,Passed,Ready,Ready,Complete,380,837,83,45.4,Tech Setup,Delayed,-283
LCH11484,Mumbai,ST245,2025-05-01,Ops-D,Complete,Pending,Passed,Ready,Ready,Complete,231,1157,83,20.0,Tech Setup,Delayed,-446
LCH11485,Delhi NCR,ST137,2025-04-17,Ops-A,Complete,Complete,Passed,Pending,Ready,Complete,1107,492,83,225.0,Inventory,Delayed,-460
LCH11486,Hyderabad,ST433,2025-07-23,Ops-D,Complete,Complete,Passed,Ready,Ready,Complete,366,1486,100,24.6,None,Go-Live Ready,-363
LCH11487,Jaipur,ST503,2025-06-14,Ops-C,Complete,Complete,Passed,Pending,Ready,Complete,484,352,83,137.5,Inventory,Delayed,-402
LCH11488,Kochi,ST514,2025-11-01,Ops-A,Complete,Complete,Passed,Ready,Pending,Complete,708,774,83,91.5,Staffing,Delayed,-262
LCH11489,Delhi NCR,ST145,2026-05-12,Ops-B,Complete,Complete,Passed,Ready,Ready,Complete,1013,473,100,214.2,Capacity,Go-Live Ready,-70
LCH11490,Pune,ST502,2025-06-05,Ops-D,Complete,Pending,Passed,Ready,Ready,Complete,1023,999,83,102.4,Tech Setup,Delayed,-411
LCH11491,Kolkata,ST306,2026-01-02,Ops-D,Complete,Pending,Passed,Ready,Ready,Complete,902,689,83,130.9,Tech Setup,Delayed,-200
LCH11492,Ahmedabad,ST162,2025-09-08,Ops-A,Complete,Complete,Passed,Pending,Ready,Complete,743,756,83,98.3,Inventory,Delayed,-316
LCH11493,Jaipur,ST520,2025-11-30,Ops-E,Complete,Complete,Passed,Ready,Ready,Complete,853,1352,100,63.1,None,Go-Live Ready,-233
LCH11494,Delhi NCR,ST968,2026-05-26,Ops-D,Complete,Complete,Passed,Ready,Ready,Complete,1074,421,100,255.1,Capacity,Go-Live Ready,-56
LCH11495,Delhi NCR,ST568,2025-10-20,Ops-C,Complete,Complete,Passed,Ready,Pending,Complete,702,717,83,97.9,Staffing,Delayed,-274
LCH11496,Ahmedabad,ST920,2025-01-20,Ops-D,Complete,Complete,Passed,Ready,Ready,Complete,932,458,100,203.5,Capacity,Go-Live Ready,-547
LCH11497,Mumbai,ST119,2025-10-09,Ops-B,Complete,Complete,Passed,Ready,Pending,Complete,236,897,83,26.3,Staffing,Delayed,-285
LCH11498,Hyderabad,ST465,2025-01-01,Ops-D,Complete,Complete,Pending,Ready,Pending,Pending,662,815,50,81.2,Testing,Delayed,-566
LCH11499,Hyderabad,ST400,2025-04-29,Ops-E,Complete,Complete,Passed,Ready,Pending,Pending,1133,1325,67,85.5,Staffing,Delayed,-448
LCH11500,Delhi NCR,ST107,2025-02-04,Ops-D,Complete,Pending,Passed,Ready,Ready,Complete,1158,1402,83,82.6,Tech Setup,Delayed,-532
LCH11501,Chennai,ST861,2025-07-17,Ops-A,Complete,Complete,Passed,Ready,Pending,Complete,736,958,83,76.8,Staffing,Delayed,-369
LCH11502,Delhi NCR,ST528,2026-04-30,Ops-D,Complete,Complete,Passed,Ready,Ready,Complete,647,977,100,66.2,None,Go-Live Ready,-82
LCH11503,Delhi NCR,ST217,2025-02-28,Ops-E,Complete,Complete,Passed,Ready,Ready,Complete,1056,614,100,172.0,Capacity,Go-Live Ready,-508
LCH11504,Ahmedabad,ST680,2025-06-10,Ops-A,Complete,Complete,Failed,Ready,Ready,Complete,1105,627,83,176.2,Testing,Delayed,-406
LCH11505,Kolkata,ST607,2025-07-25,Ops-C,Pending,Complete,Pending,Ready,Pending,Complete,892,575,50,155.1,Onboarding,Delayed,-361
LCH11506,Ahmedabad,ST646,2025-01-12,Ops-A,Complete,Complete,Passed,Ready,Ready,Complete,598,1015,100,58.9,None,Go-Live Ready,-555
LCH11507,Jaipur,ST806,2026-05-05,Ops-B,Complete,Pending,Passed,Ready,Ready,Complete,737,751,83,98.1,Tech Setup,Delayed,-77
LCH11508,Delhi NCR,ST425,2025-10-03,Ops-A,Complete,Complete,Passed,Ready,Ready,Complete,409,785,100,52.1,None,Go-Live Ready,-291
LCH11509,Hyderabad,ST155,2025-08-30,Ops-C,Complete,Complete,Passed,Ready,Ready,Complete,1373,1430,100,96.0,None,Go-Live Ready,-325
LCH11510,Kochi,ST878,2025-08-04,Ops-D,Complete,Complete,Passed,Ready,Ready,Complete,612,866,100,70.7,None,Go-Live Ready,-351
LCH11511,Hyderabad,ST142,2025-09-08,Ops-A,Complete,Complete,Passed,Ready,Ready,Complete,243,545,100,44.6,None,Go-Live Ready,-316
LCH11512,Bengaluru,ST397,2025-05-06,Ops-A,Complete,Complete,Passed,Ready,Ready,Complete,1170,1234,100,94.8,None,Go-Live Ready,-441
LCH11513,Mumbai,ST331,2025-08-05,Ops-A,Complete,Pending,Passed,Ready,Pending,Pending,1525,1188,50,128.4,Tech Setup,Delayed,-350
LCH11514,Pune,ST553,2025-11-02,Ops-A,Complete,Complete,Passed,Ready,Ready,Complete,1281,463,100,276.7,Capacity,Go-Live Ready,-261
LCH11515,Jaipur,ST990,2025-07-04,Ops-C,Complete,Complete,Failed,Ready,Pending,Pending,504,826,50,61.0,Testing,Delayed,-382
LCH11516,Jaipur,ST494,2025-02-08,Ops-E,Complete,Complete,Passed,Ready,Ready,Complete,618,300,100,206.0,Capacity,Go-Live Ready,-528
LCH11517,Mumbai,ST622,2025-08-11,Ops-E,Pending,Complete,Failed,Ready,Ready,Complete,244,1162,67,21.0,Onboarding,Delayed,-344
LCH11518,Kochi,ST458,2025-07-03,Ops-A,Complete,Complete,Passed,Ready,Ready,Complete,1017,436,100,233.3,Capacity,Go-Live Ready,-383
LCH11519,Pune,ST544,2026-05-10,Ops-C,Complete,Complete,Passed,Ready,Ready,Complete,240,450,100,53.3,None,Go-Live Ready,-72
LCH11520,Kolkata,ST228,2026-03-03,Ops-C,Complete,Complete,Passed,Pending,Ready,Complete,1217,1303,83,93.4,Inventory,Delayed,-140
LCH11521,Delhi NCR,ST791,2025-06-27,Ops-A,Complete,Complete,Passed,Ready,Ready,Complete,1104,1341,100,82.3,None,Go-Live Ready,-389
LCH11522,Pune,ST505,2026-03-04,Ops-B,Complete,Pending,Passed,Ready,Ready,Complete,533,1428,83,37.3,Tech Setup,Delayed,-139
LCH11523,Kochi,ST492,2025-10-21,Ops-A,Complete,Complete,Pending,Ready,Ready,Complete,172,1298,83,13.3,Testing,Delayed,-273
LCH11524,Chennai,ST293,2025-05-31,Ops-B,Complete,Pending,Failed,Ready,Ready,Complete,172,997,67,17.3,Tech Setup,Delayed,-416
LCH11525,Bengaluru,ST704,2026-01-19,Ops-A,Pending,Complete,Passed,Ready,Ready,Complete,1407,1388,83,101.4,Onboarding,Delayed,-183
LCH11526,Pune,ST981,2025-11-04,Ops-B,Complete,Pending,Passed,Ready,Ready,Complete,460,632,83,72.8,Tech Setup,Delayed,-259
LCH11527,Pune,ST843,2025-12-02,Ops-B,Complete,Complete,Passed,Ready,Ready,Complete,1590,671,100,237.0,Capacity,Go-Live Ready,-231
LCH11528,Bengaluru,ST178,2026-01-10,Ops-A,Complete,Complete,Passed,Ready,Ready,Complete,1506,880,100,171.1,Capacity,Go-Live Ready,-192
LCH11529,Delhi NCR,ST185,2025-01-08,Ops-B,Complete,Pending,Passed,Ready,Pending,Complete,724,1465,67,49.4,Tech Setup,Delayed,-559
LCH11530,Pune,ST130,2025-12-07,Ops-D,Complete,Complete,Passed,Ready,Ready,Complete,252,985,100,25.6,None,Go-Live Ready,-226
LCH11531,Bengaluru,ST825,2025-05-09,Ops-E,Complete,Pending,Passed,Ready,Ready,Complete,649,1008,83,64.4,Tech Setup,Delayed,-438
LCH11532,Bengaluru,ST149,2025-12-18,Ops-C,Complete,Pending,Passed,Ready,Ready,Complete,977,1227,83,79.6,Tech Setup,Delayed,-215
LCH11533,Bengaluru,ST877,2025-12-24,Ops-B,Complete,Complete,Passed,Pending,Ready,Complete,338,1039,83,32.5,Inventory,Delayed,-209
LCH11534,Ahmedabad,ST245,2026-06-01,Ops-B,Complete,Complete,Passed,Ready,Ready,Complete,609,570,100,106.8,Capacity,Go-Live Ready,-50
LCH11535,Kochi,ST169,2026-05-10,Ops-C,Complete,Complete,Passed,Pending,Ready,Complete,338,1010,83,33.5,Inventory,Delayed,-72
LCH11536,Ahmedabad,ST158,2025-03-27,Ops-B,Complete,Complete,Failed,Ready,Ready,Complete,500,624,83,80.1,Testing,Delayed,-481
LCH11537,Chennai,ST797,2025-06-24,Ops-C,Complete,Complete,Passed,Ready,Pending,Complete,730,1289,83,56.6,Staffing,Delayed,-392
LCH11538,Kolkata,ST674,2025-07-12,Ops-A,Complete,Complete,Pending,Ready,Ready,Complete,263,1097,83,24.0,Testing,Delayed,-374
LCH11539,Ahmedabad,ST579,2025-11-07,Ops-D,Complete,Complete,Pending,Ready,Ready,Complete,253,1219,83,20.8,Testing,Delayed,-256
LCH11540,Ahmedabad,ST920,2025-04-29,Ops-D,Complete,Pending,Failed,Ready,Ready,Complete,769,846,67,90.9,Tech Setup,Delayed,-448
LCH11541,Kochi,ST545,2025-08-06,Ops-E,Complete,Complete,Passed,Ready,Ready,Complete,1518,1392,100,109.1,Capacity,Go-Live Ready,-349
LCH11542,Kolkata,ST396,2026-03-03,Ops-B,Complete,Complete,Passed,Ready,Ready,Complete,1194,1207,100,98.9,None,Go-Live Ready,-140
LCH11543,Mumbai,ST778,2026-02-18,Ops-E,Complete,Pending,Pending,Ready,Ready,Pending,536,511,50,104.9,Tech Setup,Delayed,-153
LCH11544,Bengaluru,ST271,2025-04-24,Ops-A,Complete,Complete,Passed,Ready,Ready,Complete,1093,896,100,122.0,Capacity,Go-Live Ready,-453
LCH11545,Jaipur,ST675,2025-05-25,Ops-D,Complete,Complete,Passed,Ready,Ready,Pending,1004,347,83,289.3,SOP,Delayed,-422
LCH11546,Kolkata,ST247,2026-06-22,Ops-A,Complete,Complete,Failed,Ready,Pending,Complete,1382,530,67,260.8,Testing,Delayed,-29
LCH11547,Chennai,ST584,2025-10-30,Ops-A,Complete,Complete,Passed,Ready,Ready,Complete,632,878,100,72.0,None,Go-Live Ready,-264
LCH11548,Delhi NCR,ST406,2025-12-11,Ops-B,Complete,Complete,Failed,Ready,Ready,Complete,622,1249,83,49.8,Testing,Delayed,-222
LCH11549,Chennai,ST773,2025-01-01,Ops-A,Complete,Complete,Passed,Ready,Ready,Complete,1008,1412,100,71.4,None,Go-Live Ready,-566
LCH11550,Bengaluru,ST753,2025-05-27,Ops-D,Complete,Pending,Pending,Ready,Ready,Complete,1091,1231,67,88.6,Tech Setup,Delayed,-420
LCH11551,Kolkata,ST946,2025-10-14,Ops-E,Complete,Complete,Passed,Pending,Ready,Complete,542,351,83,154.4,Inventory,Delayed,-280
LCH11552,Chennai,ST709,2025-02-22,Ops-D,Complete,Complete,Passed,Ready,Ready,Complete,665,721,100,92.2,None,Go-Live Ready,-514
LCH11553,Chennai,ST546,2025-10-31,Ops-B,Complete,Complete,Passed,Ready,Ready,Complete,1361,910,100,149.6,Capacity,Go-Live Ready,-263
LCH11554,Mumbai,ST321,2025-03-10,Ops-D,Complete,Complete,Pending,Ready,Ready,Complete,495,745,83,66.4,Testing,Delayed,-498
LCH11555,Mumbai,ST655,2025-12-27,Ops-C,Complete,Pending,Passed,Ready,Ready,Complete,1525,1260,83,121.0,Tech Setup,Delayed,-206
LCH11556,Kolkata,ST904,2025-08-08,Ops-E,Complete,Complete,Pending,Ready,Ready,Complete,690,430,83,160.5,Testing,Delayed,-347
LCH11557,Bengaluru,ST478,2025-06-10,Ops-C,Complete,Complete,Passed,Ready,Ready,Complete,196,899,100,21.8,None,Go-Live Ready,-406
LCH11558,Ahmedabad,ST720,2025-03-30,Ops-C,Complete,Complete,Passed,Ready,Ready,Pending,1250,673,83,185.7,SOP,Delayed,-478
LCH11559,Hyderabad,ST366,2025-06-08,Ops-B,Complete,Complete,Passed,Ready,Ready,Complete,492,850,100,57.9,None,Go-Live Ready,-408
LCH11560,Pune,ST195,2026-05-04,Ops-A,Complete,Complete,Pending,Ready,Ready,Complete,1364,829,83,164.5,Testing,Delayed,-78
LCH11561,Jaipur,ST362,2025-11-20,Ops-C,Complete,Complete,Passed,Ready,Ready,Complete,692,1428,100,48.5,None,Go-Live Ready,-243
LCH11562,Pune,ST925,2026-01-16,Ops-D,Complete,Complete,Passed,Ready,Pending,Pending,968,686,67,141.1,Staffing,Delayed,-186
LCH11563,Kochi,ST997,2025-04-12,Ops-A,Complete,Complete,Passed,Ready,Ready,Complete,1209,635,100,190.4,Capacity,Go-Live Ready,-465
LCH11564,Mumbai,ST171,2026-05-09,Ops-D,Complete,Complete,Passed,Ready,Ready,Complete,906,1035,100,87.5,None,Go-Live Ready,-73
LCH11565,Kolkata,ST319,2025-01-19,Ops-D,Complete,Complete,Passed,Ready,Ready,Complete,1597,1440,100,110.9,Capacity,Go-Live Ready,-548
LCH11566,Pune,ST633,2026-03-30,Ops-A,Pending,Complete,Passed,Pending,Ready,Complete,500,1324,67,37.8,Onboarding,Delayed,-113
LCH11567,Bengaluru,ST192,2026-04-27,Ops-A,Complete,Complete,Passed,Ready,Ready,Complete,337,1195,100,28.2,None,Go-Live Ready,-85
LCH11568,Jaipur,ST227,2026-02-01,Ops-D,Complete,Complete,Passed,Ready,Ready,Complete,483,837,100,57.7,None,Go-Live Ready,-170
LCH11569,Pune,ST180,2025-10-06,Ops-B,Complete,Complete,Passed,Ready,Ready,Complete,632,795,100,79.5,None,Go-Live Ready,-288
LCH11570,Jaipur,ST924,2025-12-31,Ops-E,Pending,Complete,Passed,Ready,Pending,Pending,1389,1335,50,104.0,Onboarding,Delayed,-202
LCH11571,Delhi NCR,ST338,2025-11-27,Ops-E,Pending,Complete,Passed,Ready,Ready,Complete,1331,807,83,164.9,Onboarding,Delayed,-236
LCH11572,Bengaluru,ST472,2025-12-10,Ops-B,Complete,Complete,Passed,Ready,Ready,Pending,816,980,83,83.3,SOP,Delayed,-223
LCH11573,Hyderabad,ST586,2026-03-31,Ops-A,Complete,Complete,Passed,Ready,Ready,Complete,1414,864,100,163.7,Capacity,Go-Live Ready,-112
LCH11574,Chennai,ST794,2025-03-06,Ops-D,Complete,Complete,Passed,Ready,Pending,Complete,445,1080,83,41.2,Staffing,Delayed,-502
LCH11575,Jaipur,ST125,2025-03-17,Ops-E,Complete,Complete,Passed,Ready,Ready,Complete,194,1059,100,18.3,None,Go-Live Ready,-491
LCH11576,Bengaluru,ST256,2025-05-23,Ops-D,Complete,Complete,Pending,Ready,Ready,Complete,644,427,83,150.8,Testing,Delayed,-424
LCH11577,Jaipur,ST617,2026-04-18,Ops-B,Complete,Pending,Passed,Ready,Ready,Complete,324,1399,83,23.2,Tech Setup,Delayed,-94
LCH11578,Jaipur,ST732,2026-02-21,Ops-D,Complete,Complete,Passed,Pending,Ready,Complete,1153,445,83,259.1,Inventory,Delayed,-150
LCH11579,Ahmedabad,ST889,2025-11-01,Ops-B,Complete,Complete,Passed,Ready,Ready,Complete,1519,798,100,190.4,Capacity,Go-Live Ready,-262
LCH11580,Ahmedabad,ST630,2026-05-12,Ops-A,Complete,Complete,Passed,Ready,Ready,Complete,205,1265,100,16.2,None,Go-Live Ready,-70
LCH11581,Bengaluru,ST810,2025-10-18,Ops-B,Complete,Pending,Passed,Ready,Ready,Complete,490,859,83,57.0,Tech Setup,Delayed,-276
LCH11582,Ahmedabad,ST157,2025-04-12,Ops-B,Complete,Complete,Passed,Ready,Ready,Complete,1281,1223,100,104.7,Capacity,Go-Live Ready,-465
LCH11583,Kochi,ST705,2025-09-24,Ops-E,Complete,Complete,Passed,Ready,Ready,Complete,363,702,100,51.7,None,Go-Live Ready,-300
LCH11584,Hyderabad,ST119,2025-01-03,Ops-D,Complete,Complete,Passed,Ready,Ready,Complete,907,1275,100,71.1,None,Go-Live Ready,-564
LCH11585,Kolkata,ST484,2025-03-26,Ops-E,Complete,Complete,Passed,Pending,Ready,Complete,1570,641,83,244.9,Inventory,Delayed,-482
LCH11586,Bengaluru,ST965,2025-11-24,Ops-C,Complete,Complete,Passed,Ready,Ready,Complete,699,1371,100,51.0,None,Go-Live Ready,-239
LCH11587,Bengaluru,ST293,2026-03-26,Ops-B,Complete,Complete,Passed,Ready,Ready,Complete,646,840,100,76.9,None,Go-Live Ready,-117
LCH11588,Kochi,ST337,2026-03-30,Ops-C,Complete,Complete,Passed,Ready,Ready,Complete,322,1499,100,21.5,None,Go-Live Ready,-113
LCH11589,Mumbai,ST487,2025-08-09,Ops-E,Complete,Complete,Passed,Ready,Ready,Complete,254,810,100,31.4,None,Go-Live Ready,-346
LCH11590,Mumbai,ST526,2025-06-03,Ops-D,Complete,Pending,Passed,Pending,Ready,Complete,628,318,67,197.5,Tech Setup,Delayed,-413
LCH11591,Ahmedabad,ST377,2025-01-12,Ops-E,Complete,Complete,Passed,Ready,Ready,Complete,1572,794,100,198.0,Capacity,Go-Live Ready,-555
LCH11592,Kolkata,ST327,2025-05-13,Ops-D,Complete,Complete,Passed,Pending,Ready,Complete,583,654,83,89.1,Inventory,Delayed,-434
LCH11593,Ahmedabad,ST845,2025-10-31,Ops-D,Complete,Pending,Passed,Ready,Ready,Complete,791,858,83,92.2,Tech Setup,Delayed,-263
LCH11594,Delhi NCR,ST652,2025-10-20,Ops-A,Complete,Pending,Passed,Ready,Ready,Complete,842,644,83,130.7,Tech Setup,Delayed,-274
LCH11595,Delhi NCR,ST423,2025-10-27,Ops-B,Complete,Pending,Passed,Ready,Ready,Complete,1140,1383,83,82.4,Tech Setup,Delayed,-267
LCH11596,Chennai,ST253,2025-02-12,Ops-E,Complete,Complete,Passed,Ready,Ready,Complete,1071,987,100,108.5,Capacity,Go-Live Ready,-524
LCH11597,Delhi NCR,ST739,2025-12-09,Ops-D,Complete,Pending,Passed,Ready,Pending,Pending,343,528,50,65.0,Tech Setup,Delayed,-224
LCH11598,Mumbai,ST337,2025-11-22,Ops-E,Complete,Complete,Failed,Pending,Ready,Complete,992,446,67,222.4,Testing,Delayed,-241
LCH11599,Hyderabad,ST155,2026-05-13,Ops-E,Complete,Complete,Passed,Ready,Ready,Complete,950,631,100,150.6,Capacity,Go-Live Ready,-69
LCH11600,Delhi NCR,ST536,2025-12-30,Ops-D,Pending,Complete,Failed,Ready,Pending,Complete,1514,732,50,206.8,Onboarding,Delayed,-203
LCH11601,Ahmedabad,ST784,2026-03-03,Ops-C,Complete,Complete,Passed,Ready,Ready,Complete,208,698,100,29.8,None,Go-Live Ready,-140
LCH11602,Jaipur,ST209,2025-01-21,Ops-B,Complete,Complete,Passed,Ready,Ready,Complete,627,1135,100,55.2,None,Go-Live Ready,-546
LCH11603,Bengaluru,ST966,2026-02-11,Ops-B,Complete,Pending,Passed,Ready,Ready,Complete,1276,886,83,144.0,Tech Setup,Delayed,-160
LCH11604,Hyderabad,ST284,2025-12-02,Ops-A,Pending,Complete,Passed,Ready,Ready,Complete,682,898,83,75.9,Onboarding,Delayed,-231
LCH11605,Hyderabad,ST468,2025-04-27,Ops-A,Complete,Complete,Passed,Pending,Ready,Complete,741,1056,83,70.2,Inventory,Delayed,-450
LCH11606,Ahmedabad,ST298,2025-05-04,Ops-A,Complete,Complete,Passed,Ready,Ready,Complete,988,645,100,153.2,Capacity,Go-Live Ready,-443
LCH11607,Bengaluru,ST471,2026-02-03,Ops-B,Complete,Complete,Passed,Ready,Ready,Complete,1495,1336,100,111.9,Capacity,Go-Live Ready,-168
LCH11608,Mumbai,ST473,2025-02-20,Ops-C,Complete,Complete,Passed,Ready,Ready,Complete,698,1037,100,67.3,None,Go-Live Ready,-516
LCH11609,Hyderabad,ST597,2025-11-20,Ops-B,Complete,Complete,Passed,Ready,Ready,Complete,1187,679,100,174.8,Capacity,Go-Live Ready,-243
LCH11610,Chennai,ST699,2025-05-21,Ops-B,Complete,Complete,Failed,Ready,Pending,Complete,370,720,67,51.4,Testing,Delayed,-426
LCH11611,Ahmedabad,ST301,2026-04-15,Ops-B,Complete,Complete,Pending,Ready,Ready,Complete,1025,1310,83,78.2,Testing,Delayed,-97
LCH11612,Hyderabad,ST949,2025-11-30,Ops-B,Complete,Complete,Passed,Ready,Ready,Complete,1564,717,100,218.1,Capacity,Go-Live Ready,-233
LCH11613,Kolkata,ST609,2026-01-08,Ops-C,Complete,Complete,Pending,Ready,Ready,Complete,827,655,83,126.3,Testing,Delayed,-194
LCH11614,Bengaluru,ST422,2026-05-09,Ops-A,Complete,Complete,Pending,Ready,Ready,Complete,1346,315,83,427.3,Testing,Delayed,-73
LCH11615,Delhi NCR,ST375,2026-06-23,Ops-E,Complete,Complete,Passed,Ready,Ready,Complete,811,614,100,132.1,Capacity,Go-Live Ready,-28
LCH11616,Hyderabad,ST311,2025-06-05,Ops-A,Complete,Complete,Passed,Ready,Ready,Complete,833,832,100,100.1,Capacity,Go-Live Ready,-411
LCH11617,Ahmedabad,ST604,2025-10-18,Ops-A,Complete,Complete,Passed,Ready,Ready,Complete,1254,1339,100,93.7,None,Go-Live Ready,-276
LCH11618,Delhi NCR,ST218,2025-05-24,Ops-E,Complete,Complete,Passed,Ready,Ready,Complete,485,844,100,57.5,None,Go-Live Ready,-423
LCH11619,Chennai,ST803,2025-04-16,Ops-B,Complete,Complete,Passed,Ready,Ready,Complete,374,993,100,37.7,None,Go-Live Ready,-461
LCH11620,Delhi NCR,ST654,2026-02-24,Ops-C,Complete,Complete,Passed,Ready,Ready,Complete,1020,368,100,277.2,Capacity,Go-Live Ready,-147
LCH11621,Kolkata,ST142,2025-01-02,Ops-C,Complete,Complete,Passed,Ready,Ready,Complete,184,710,100,25.9,None,Go-Live Ready,-565
LCH11622,Mumbai,ST415,2025-03-31,Ops-A,Complete,Complete,Passed,Ready,Ready,Complete,337,1375,100,24.5,None,Go-Live Ready,-477
LCH11623,Hyderabad,ST888,2025-12-11,Ops-E,Complete,Complete,Passed,Ready,Ready,Complete,1397,1388,100,100.6,Capacity,Go-Live Ready,-222
LCH11624,Pune,ST429,2025-12-16,Ops-D,Complete,Pending,Passed,Ready,Ready,Complete,792,1111,83,71.3,Tech Setup,Delayed,-217
LCH11625,Pune,ST117,2026-04-04,Ops-B,Complete,Complete,Passed,Ready,Ready,Complete,1112,1218,100,91.3,None,Go-Live Ready,-108
LCH11626,Delhi NCR,ST383,2025-09-20,Ops-A,Pending,Complete,Pending,Ready,Pending,Pending,1117,1146,33,97.5,Onboarding,Delayed,-304
LCH11627,Kochi,ST358,2025-12-17,Ops-C,Complete,Complete,Passed,Pending,Ready,Complete,643,1039,83,61.9,Inventory,Delayed,-216
LCH11628,Bengaluru,ST675,2025-04-18,Ops-E,Complete,Complete,Passed,Ready,Ready,Complete,460,738,100,62.3,None,Go-Live Ready,-459
LCH11629,Pune,ST674,2025-02-08,Ops-E,Complete,Complete,Failed,Ready,Ready,Complete,670,829,83,80.8,Testing,Delayed,-528
LCH11630,Kochi,ST712,2025-06-08,Ops-A,Complete,Pending,Pending,Pending,Ready,Complete,518,1029,50,50.3,Tech Setup,Delayed,-408
LCH11631,Pune,ST119,2025-11-08,Ops-D,Complete,Complete,Passed,Ready,Ready,Complete,895,572,100,156.5,Capacity,Go-Live Ready,-255
LCH11632,Kochi,ST629,2025-08-29,Ops-C,Complete,Complete,Passed,Ready,Ready,Complete,180,758,100,23.7,None,Go-Live Ready,-326
LCH11633,Bengaluru,ST937,2026-03-21,Ops-A,Complete,Complete,Failed,Pending,Ready,Complete,1405,1119,67,125.6,Testing,Delayed,-122
LCH11634,Jaipur,ST523,2025-10-25,Ops-D,Complete,Complete,Passed,Pending,Ready,Complete,1147,1496,83,76.7,Inventory,Delayed,-269
LCH11635,Pune,ST566,2025-02-05,Ops-E,Complete,Complete,Passed,Ready,Ready,Complete,646,867,100,74.5,None,Go-Live Ready,-531
LCH11636,Kolkata,ST473,2025-03-25,Ops-B,Complete,Complete,Passed,Ready,Ready,Complete,1113,1160,100,95.9,None,Go-Live Ready,-483
LCH11637,Hyderabad,ST858,2026-03-28,Ops-C,Complete,Pending,Passed,Ready,Ready,Complete,1348,796,83,169.3,Tech Setup,Delayed,-115
LCH11638,Kochi,ST863,2026-01-20,Ops-C,Complete,Complete,Passed,Ready,Ready,Complete,447,1094,100,40.9,None,Go-Live Ready,-182
LCH11639,Hyderabad,ST181,2025-06-21,Ops-D,Complete,Pending,Passed,Pending,Ready,Pending,1538,1104,50,139.3,Tech Setup,Delayed,-395
LCH11640,Ahmedabad,ST651,2026-01-11,Ops-A,Complete,Pending,Failed,Ready,Ready,Complete,1259,1395,67,90.3,Tech Setup,Delayed,-191
LCH11641,Ahmedabad,ST648,2025-12-28,Ops-E,Complete,Complete,Passed,Ready,Ready,Complete,726,1233,100,58.9,None,Go-Live Ready,-205
LCH11642,Bengaluru,ST524,2025-05-21,Ops-D,Complete,Complete,Passed,Ready,Ready,Complete,1262,1291,100,97.8,None,Go-Live Ready,-426
LCH11643,Kochi,ST529,2025-04-28,Ops-B,Complete,Complete,Passed,Ready,Ready,Complete,203,1139,100,17.8,None,Go-Live Ready,-449
LCH11644,Chennai,ST488,2025-10-04,Ops-B,Complete,Complete,Failed,Ready,Ready,Complete,1534,1495,83,102.6,Testing,Delayed,-290
LCH11645,Ahmedabad,ST809,2025-08-08,Ops-B,Pending,Complete,Passed,Ready,Ready,Pending,378,934,67,40.5,Onboarding,Delayed,-347
LCH11646,Bengaluru,ST770,2025-01-26,Ops-D,Pending,Complete,Passed,Ready,Ready,Complete,928,902,83,102.9,Onboarding,Delayed,-541
LCH11647,Ahmedabad,ST304,2026-06-05,Ops-E,Complete,Complete,Pending,Ready,Ready,Complete,1134,1035,83,109.6,Testing,Delayed,-46
LCH11648,Ahmedabad,ST296,2025-01-10,Ops-C,Complete,Complete,Passed,Ready,Ready,Complete,522,1290,100,40.5,None,Go-Live Ready,-557
LCH11649,Chennai,ST828,2026-01-13,Ops-A,Complete,Complete,Passed,Ready,Ready,Complete,618,666,100,92.8,None,Go-Live Ready,-189
LCH11650,Pune,ST385,2025-06-01,Ops-C,Complete,Complete,Pending,Ready,Ready,Complete,569,555,83,102.5,Testing,Delayed,-415
LCH11651,Delhi NCR,ST296,2025-02-18,Ops-E,Complete,Complete,Failed,Ready,Pending,Complete,681,739,67,92.2,Testing,Delayed,-518
LCH11652,Jaipur,ST407,2025-06-03,Ops-C,Complete,Complete,Passed,Ready,Ready,Pending,1573,734,83,214.3,SOP,Delayed,-413
LCH11653,Ahmedabad,ST764,2025-10-20,Ops-D,Complete,Complete,Pending,Pending,Ready,Pending,1137,989,50,115.0,Testing,Delayed,-274
LCH11654,Ahmedabad,ST114,2025-02-19,Ops-B,Pending,Complete,Passed,Ready,Ready,Complete,1357,607,83,223.6,Onboarding,Delayed,-517
LCH11655,Kolkata,ST937,2026-06-15,Ops-E,Complete,Complete,Passed,Ready,Ready,Complete,711,1418,100,50.1,None,Go-Live Ready,-36
LCH11656,Jaipur,ST246,2025-03-01,Ops-E,Pending,Complete,Pending,Ready,Ready,Complete,239,708,67,33.8,Onboarding,Delayed,-507
LCH11657,Chennai,ST157,2025-06-16,Ops-C,Complete,Pending,Failed,Pending,Ready,Complete,1556,1125,50,138.3,Tech Setup,Delayed,-400
LCH11658,Hyderabad,ST823,2025-07-21,Ops-D,Complete,Complete,Passed,Ready,Ready,Pending,518,1491,83,34.7,SOP,Delayed,-365
LCH11659,Kochi,ST880,2025-05-26,Ops-C,Complete,Complete,Passed,Ready,Ready,Complete,1247,386,100,323.1,Capacity,Go-Live Ready,-421
LCH11660,Ahmedabad,ST310,2026-03-15,Ops-C,Complete,Complete,Passed,Ready,Ready,Complete,1442,302,100,477.5,Capacity,Go-Live Ready,-128
LCH11661,Delhi NCR,ST629,2025-08-30,Ops-E,Complete,Complete,Passed,Ready,Ready,Complete,164,671,100,24.4,None,Go-Live Ready,-325
LCH11662,Kochi,ST898,2026-04-28,Ops-C,Complete,Complete,Passed,Pending,Ready,Complete,1502,941,83,159.6,Inventory,Delayed,-84
LCH11663,Jaipur,ST444,2025-04-18,Ops-B,Complete,Complete,Passed,Ready,Pending,Complete,1565,1346,83,116.3,Staffing,Delayed,-459
LCH11664,Kochi,ST815,2025-08-14,Ops-C,Complete,Complete,Passed,Ready,Ready,Complete,493,397,100,124.2,Capacity,Go-Live Ready,-341
LCH11665,Pune,ST711,2026-03-08,Ops-B,Complete,Complete,Passed,Ready,Ready,Pending,1368,969,83,141.2,SOP,Delayed,-135
LCH11666,Ahmedabad,ST379,2026-02-23,Ops-E,Complete,Complete,Passed,Ready,Pending,Complete,1209,620,83,195.0,Staffing,Delayed,-148
LCH11667,Kochi,ST309,2026-03-31,Ops-D,Complete,Complete,Passed,Ready,Ready,Complete,1066,833,100,128.0,Capacity,Go-Live Ready,-112
LCH11668,Hyderabad,ST741,2025-06-09,Ops-B,Complete,Complete,Passed,Ready,Ready,Complete,354,1119,100,31.6,None,Go-Live Ready,-407
LCH11669,Hyderabad,ST435,2026-06-07,Ops-D,Complete,Pending,Passed,Pending,Ready,Complete,925,666,67,138.9,Tech Setup,Delayed,-44
LCH11670,Ahmedabad,ST388,2025-03-18,Ops-D,Complete,Complete,Pending,Ready,Pending,Complete,1230,716,67,171.8,Testing,Delayed,-490
LCH11671,Mumbai,ST352,2026-05-24,Ops-B,Complete,Complete,Passed,Ready,Pending,Complete,1283,1028,83,124.8,Staffing,Delayed,-58
LCH11672,Hyderabad,ST365,2026-03-17,Ops-E,Complete,Pending,Passed,Ready,Ready,Complete,835,1147,83,72.8,Tech Setup,Delayed,-126
LCH11673,Kochi,ST371,2025-09-11,Ops-A,Complete,Complete,Passed,Ready,Ready,Complete,867,969,100,89.5,None,Go-Live Ready,-313
LCH11674,Bengaluru,ST800,2025-11-16,Ops-D,Complete,Pending,Passed,Ready,Ready,Complete,374,432,83,86.6,Tech Setup,Delayed,-247
LCH11675,Hyderabad,ST519,2025-09-20,Ops-D,Complete,Complete,Passed,Ready,Ready,Complete,1559,352,100,442.9,Capacity,Go-Live Ready,-304
LCH11676,Jaipur,ST826,2026-01-09,Ops-E,Complete,Complete,Passed,Ready,Pending,Complete,213,1040,83,20.5,Staffing,Delayed,-193
LCH11677,Mumbai,ST895,2025-06-16,Ops-E,Complete,Complete,Passed,Ready,Pending,Complete,1097,994,83,110.4,Staffing,Delayed,-400
LCH11678,Kochi,ST311,2026-04-04,Ops-C,Pending,Pending,Passed,Ready,Ready,Complete,1110,322,67,344.7,Onboarding,Delayed,-108
LCH11679,Chennai,ST465,2025-10-07,Ops-E,Complete,Complete,Passed,Ready,Ready,Complete,1525,1429,100,106.7,Capacity,Go-Live Ready,-287
LCH11680,Kolkata,ST176,2025-10-29,Ops-D,Complete,Complete,Passed,Ready,Ready,Complete,469,759,100,61.8,None,Go-Live Ready,-265
LCH11681,Chennai,ST760,2026-06-15,Ops-B,Complete,Complete,Pending,Ready,Ready,Complete,506,949,83,53.3,Testing,Delayed,-36
LCH11682,Pune,ST421,2025-08-06,Ops-A,Complete,Complete,Passed,Ready,Ready,Complete,242,781,100,31.0,None,Go-Live Ready,-349
LCH11683,Kolkata,ST825,2025-04-12,Ops-C,Pending,Complete,Passed,Ready,Ready,Complete,844,419,83,201.4,Onboarding,Delayed,-465
LCH11684,Pune,ST533,2025-10-15,Ops-B,Complete,Complete,Passed,Ready,Ready,Complete,1473,972,100,151.5,Capacity,Go-Live Ready,-279
LCH11685,Kolkata,ST209,2025-06-16,Ops-A,Complete,Pending,Passed,Ready,Ready,Complete,1562,507,83,308.1,Tech Setup,Delayed,-400
LCH11686,Kolkata,ST741,2025-02-05,Ops-A,Complete,Complete,Pending,Ready,Ready,Complete,583,617,83,94.5,Testing,Delayed,-531
LCH11687,Bengaluru,ST622,2025-12-19,Ops-A,Complete,Complete,Passed,Ready,Ready,Complete,1275,637,100,200.2,Capacity,Go-Live Ready,-214
LCH11688,Delhi NCR,ST147,2025-03-14,Ops-B,Complete,Complete,Pending,Pending,Pending,Complete,990,454,50,218.1,Testing,Delayed,-494
LCH11689,Jaipur,ST479,2025-12-19,Ops-C,Complete,Pending,Passed,Ready,Ready,Complete,1551,1167,83,132.9,Tech Setup,Delayed,-214
LCH11690,Chennai,ST927,2025-03-11,Ops-C,Complete,Pending,Pending,Pending,Ready,Pending,1511,1478,33,102.2,Tech Setup,Delayed,-497
LCH11691,Hyderabad,ST196,2026-03-01,Ops-A,Complete,Complete,Passed,Ready,Ready,Complete,1173,693,100,169.3,Capacity,Go-Live Ready,-142
LCH11692,Kochi,ST203,2026-06-01,Ops-B,Complete,Pending,Passed,Ready,Pending,Complete,1047,804,67,130.2,Tech Setup,Delayed,-50
LCH11693,Mumbai,ST992,2026-03-04,Ops-A,Complete,Complete,Passed,Ready,Ready,Complete,1033,1270,100,81.3,None,Go-Live Ready,-139
LCH11694,Jaipur,ST954,2026-06-23,Ops-E,Complete,Complete,Passed,Ready,Ready,Complete,927,612,100,151.5,Capacity,Go-Live Ready,-28
LCH11695,Pune,ST246,2025-06-09,Ops-C,Complete,Complete,Passed,Pending,Ready,Complete,641,1480,83,43.3,Inventory,Delayed,-407
LCH11696,Bengaluru,ST980,2025-05-29,Ops-D,Complete,Complete,Passed,Ready,Ready,Complete,1233,313,100,393.9,Capacity,Go-Live Ready,-418
LCH11697,Pune,ST127,2025-08-18,Ops-A,Complete,Complete,Passed,Ready,Ready,Complete,962,376,100,255.9,Capacity,Go-Live Ready,-337
LCH11698,Delhi NCR,ST832,2025-03-08,Ops-E,Complete,Complete,Failed,Ready,Ready,Pending,541,708,67,76.4,Testing,Delayed,-500
LCH11699,Mumbai,ST630,2026-01-16,Ops-C,Complete,Complete,Passed,Ready,Ready,Complete,1292,693,100,186.4,Capacity,Go-Live Ready,-186
LCH11700,Bengaluru,ST779,2025-02-27,Ops-B,Complete,Complete,Passed,Ready,Pending,Complete,1501,519,83,289.2,Staffing,Delayed,-509
LCH11701,Pune,ST182,2025-09-16,Ops-C,Complete,Complete,Pending,Ready,Ready,Complete,170,1043,83,16.3,Testing,Delayed,-308
LCH11702,Delhi NCR,ST528,2025-12-08,Ops-B,Pending,Complete,Pending,Ready,Ready,Complete,1270,732,67,173.5,Onboarding,Delayed,-225
LCH11703,Kochi,ST684,2025-05-10,Ops-B,Complete,Pending,Passed,Ready,Ready,Complete,662,1105,83,59.9,Tech Setup,Delayed,-437
LCH11704,Kochi,ST922,2025-06-21,Ops-A,Complete,Complete,Passed,Ready,Ready,Complete,1057,1463,100,72.2,None,Go-Live Ready,-395
LCH11705,Pune,ST579,2025-07-28,Ops-A,Complete,Complete,Passed,Ready,Ready,Complete,864,1287,100,67.1,None,Go-Live Ready,-358
LCH11706,Jaipur,ST866,2025-12-20,Ops-C,Complete,Complete,Passed,Ready,Ready,Complete,1093,953,100,114.7,Capacity,Go-Live Ready,-213
LCH11707,Mumbai,ST262,2026-04-16,Ops-E,Complete,Complete,Passed,Ready,Ready,Complete,499,1116,100,44.7,None,Go-Live Ready,-96
LCH11708,Ahmedabad,ST939,2025-04-26,Ops-C,Pending,Complete,Passed,Ready,Pending,Complete,1305,1054,67,123.8,Onboarding,Delayed,-451
LCH11709,Jaipur,ST502,2025-09-21,Ops-D,Pending,Complete,Passed,Ready,Ready,Pending,695,975,67,71.3,Onboarding,Delayed,-303
LCH11710,Kochi,ST608,2026-03-18,Ops-B,Complete,Complete,Passed,Ready,Ready,Complete,748,1131,100,66.1,None,Go-Live Ready,-125
LCH11711,Mumbai,ST138,2026-07-02,Ops-B,Pending,Complete,Failed,Ready,Ready,Complete,181,1419,67,12.8,Onboarding,Delayed,-19
LCH11712,Delhi NCR,ST611,2026-03-29,Ops-A,Complete,Complete,Passed,Ready,Ready,Complete,408,327,100,124.8,Capacity,Go-Live Ready,-114
LCH11713,Bengaluru,ST493,2026-04-22,Ops-E,Complete,Complete,Passed,Ready,Ready,Pending,625,1287,83,48.6,SOP,Delayed,-90
LCH11714,Kolkata,ST813,2025-10-14,Ops-A,Complete,Complete,Passed,Ready,Ready,Pending,974,715,83,136.2,SOP,Delayed,-280
LCH11715,Pune,ST594,2025-10-30,Ops-D,Complete,Complete,Passed,Ready,Ready,Complete,1121,324,100,346.0,Capacity,Go-Live Ready,-264
LCH11716,Chennai,ST300,2025-11-07,Ops-C,Complete,Complete,Passed,Ready,Ready,Complete,1069,972,100,110.0,Capacity,Go-Live Ready,-256
LCH11717,Mumbai,ST355,2025-07-27,Ops-C,Complete,Complete,Passed,Ready,Ready,Complete,182,841,100,21.6,None,Go-Live Ready,-359
LCH11718,Hyderabad,ST279,2026-03-22,Ops-E,Complete,Complete,Pending,Pending,Ready,Complete,1048,464,67,225.9,Testing,Delayed,-121
LCH11719,Delhi NCR,ST647,2025-02-24,Ops-A,Complete,Complete,Passed,Ready,Ready,Complete,537,507,100,105.9,Capacity,Go-Live Ready,-512
LCH11720,Ahmedabad,ST694,2025-01-12,Ops-A,Complete,Complete,Passed,Ready,Pending,Complete,947,1248,83,75.9,Staffing,Delayed,-555
LCH11721,Kolkata,ST489,2026-02-04,Ops-D,Complete,Complete,Passed,Ready,Ready,Complete,605,1284,100,47.1,None,Go-Live Ready,-167
LCH11722,Hyderabad,ST498,2026-05-30,Ops-C,Complete,Complete,Passed,Ready,Ready,Complete,1317,913,100,144.2,Capacity,Go-Live Ready,-52
LCH11723,Ahmedabad,ST832,2026-06-26,Ops-A,Complete,Complete,Passed,Ready,Ready,Complete,373,672,100,55.5,None,Go-Live Ready,-25
LCH11724,Chennai,ST258,2025-08-25,Ops-E,Complete,Complete,Passed,Ready,Pending,Complete,366,917,83,39.9,Staffing,Delayed,-330
LCH11725,Kochi,ST104,2025-10-06,Ops-C,Complete,Complete,Passed,Ready,Ready,Complete,305,368,100,82.9,None,Go-Live Ready,-288
LCH11726,Jaipur,ST267,2025-12-14,Ops-D,Complete,Complete,Passed,Ready,Ready,Complete,938,400,100,234.5,Capacity,Go-Live Ready,-219
LCH11727,Pune,ST568,2025-04-14,Ops-E,Complete,Pending,Passed,Pending,Ready,Complete,185,300,67,61.7,Tech Setup,Delayed,-463
LCH11728,Bengaluru,ST509,2026-06-01,Ops-B,Complete,Complete,Passed,Ready,Ready,Complete,785,650,100,120.8,Capacity,Go-Live Ready,-50
LCH11729,Ahmedabad,ST512,2025-09-05,Ops-D,Pending,Complete,Passed,Ready,Ready,Complete,158,306,83,51.6,Onboarding,Delayed,-319
LCH11730,Kolkata,ST304,2025-12-30,Ops-E,Complete,Complete,Passed,Ready,Ready,Complete,1213,617,100,196.6,Capacity,Go-Live Ready,-203
LCH11731,Mumbai,ST294,2025-11-17,Ops-A,Pending,Complete,Passed,Ready,Ready,Complete,328,922,83,35.6,Onboarding,Delayed,-246
LCH11732,Kochi,ST335,2025-10-13,Ops-B,Complete,Complete,Passed,Ready,Ready,Complete,1108,808,100,137.1,Capacity,Go-Live Ready,-281
LCH11733,Mumbai,ST818,2025-05-29,Ops-D,Complete,Complete,Pending,Ready,Ready,Complete,650,485,83,134.0,Testing,Delayed,-418
LCH11734,Kolkata,ST250,2025-03-25,Ops-A,Complete,Complete,Passed,Ready,Pending,Complete,522,1027,83,50.8,Staffing,Delayed,-483
LCH11735,Mumbai,ST259,2026-02-10,Ops-B,Complete,Complete,Passed,Ready,Ready,Complete,1241,761,100,163.1,Capacity,Go-Live Ready,-161
LCH11736,Ahmedabad,ST379,2026-04-01,Ops-C,Complete,Complete,Passed,Ready,Ready,Complete,1119,642,100,174.3,Capacity,Go-Live Ready,-111
LCH11737,Delhi NCR,ST916,2025-06-10,Ops-A,Complete,Complete,Passed,Pending,Ready,Pending,1597,934,67,171.0,Inventory,Delayed,-406
LCH11738,Mumbai,ST504,2026-04-05,Ops-E,Complete,Complete,Passed,Ready,Ready,Complete,664,1012,100,65.6,None,Go-Live Ready,-107
LCH11739,Jaipur,ST993,2026-07-04,Ops-D,Complete,Complete,Passed,Ready,Ready,Complete,513,1331,100,38.5,None,Go-Live Ready,-17
LCH11740,Chennai,ST778,2026-05-15,Ops-B,Complete,Pending,Passed,Ready,Ready,Complete,926,875,83,105.8,Tech Setup,Delayed,-67
LCH11741,Bengaluru,ST411,2026-05-24,Ops-A,Complete,Complete,Passed,Ready,Ready,Complete,923,435,100,212.2,Capacity,Go-Live Ready,-58
LCH11742,Ahmedabad,ST168,2026-04-26,Ops-C,Complete,Complete,Passed,Ready,Ready,Complete,478,682,100,70.1,None,Go-Live Ready,-86
LCH11743,Hyderabad,ST563,2025-04-24,Ops-D,Complete,Complete,Passed,Ready,Ready,Complete,943,485,100,194.4,Capacity,Go-Live Ready,-453
LCH11744,Kolkata,ST188,2025-12-27,Ops-D,Complete,Pending,Passed,Ready,Ready,Complete,1111,938,83,118.4,Tech Setup,Delayed,-206
LCH11745,Kochi,ST317,2025-12-07,Ops-A,Complete,Complete,Passed,Ready,Pending,Complete,519,1227,83,42.3,Staffing,Delayed,-226
LCH11746,Ahmedabad,ST101,2026-03-25,Ops-C,Complete,Complete,Failed,Ready,Ready,Complete,746,1263,83,59.1,Testing,Delayed,-118
LCH11747,Delhi NCR,ST235,2025-06-29,Ops-B,Complete,Pending,Pending,Pending,Ready,Complete,1560,860,50,181.4,Tech Setup,Delayed,-387
LCH11748,Kochi,ST797,2026-02-11,Ops-A,Complete,Complete,Passed,Ready,Ready,Pending,1287,1489,83,86.4,SOP,Delayed,-160
LCH11749,Jaipur,ST451,2025-07-15,Ops-B,Complete,Complete,Passed,Ready,Ready,Complete,720,1197,100,60.2,None,Go-Live Ready,-371
LCH11750,Kolkata,ST240,2026-04-11,Ops-D,Complete,Complete,Passed,Ready,Ready,Complete,1211,938,100,129.1,Capacity,Go-Live Ready,-101
LCH11751,Kochi,ST718,2025-11-07,Ops-B,Complete,Complete,Pending,Ready,Pending,Complete,526,620,67,84.8,Testing,Delayed,-256
LCH11752,Mumbai,ST233,2025-09-19,Ops-C,Complete,Complete,Passed,Ready,Ready,Complete,1572,1480,100,106.2,Capacity,Go-Live Ready,-305
LCH11753,Ahmedabad,ST720,2026-02-23,Ops-E,Complete,Pending,Pending,Ready,Ready,Complete,1376,1157,67,118.9,Tech Setup,Delayed,-148
LCH11754,Chennai,ST278,2026-02-10,Ops-C,Complete,Complete,Passed,Ready,Ready,Complete,1375,1297,100,106.0,Capacity,Go-Live Ready,-161
LCH11755,Kolkata,ST910,2025-05-23,Ops-B,Complete,Complete,Passed,Ready,Ready,Complete,249,584,100,42.6,None,Go-Live Ready,-424
LCH11756,Pune,ST458,2025-12-08,Ops-A,Complete,Complete,Failed,Ready,Ready,Complete,1571,1351,83,116.3,Testing,Delayed,-225
LCH11757,Jaipur,ST480,2025-11-12,Ops-D,Complete,Complete,Passed,Ready,Ready,Complete,965,650,100,148.5,Capacity,Go-Live Ready,-251
LCH11758,Bengaluru,ST971,2025-04-11,Ops-E,Complete,Complete,Passed,Ready,Ready,Complete,267,382,100,69.9,None,Go-Live Ready,-466
LCH11759,Kolkata,ST758,2025-09-01,Ops-A,Complete,Complete,Passed,Pending,Ready,Complete,570,965,83,59.1,Inventory,Delayed,-323
LCH11760,Delhi NCR,ST550,2026-05-05,Ops-A,Complete,Complete,Passed,Ready,Ready,Complete,1416,840,100,168.6,Capacity,Go-Live Ready,-77
LCH11761,Ahmedabad,ST686,2025-01-12,Ops-C,Complete,Complete,Passed,Ready,Ready,Complete,690,779,100,88.6,None,Go-Live Ready,-555
LCH11762,Mumbai,ST563,2025-08-27,Ops-B,Complete,Complete,Passed,Ready,Ready,Complete,1400,512,100,273.4,Capacity,Go-Live Ready,-328
LCH11763,Bengaluru,ST208,2025-02-11,Ops-C,Complete,Complete,Passed,Pending,Ready,Complete,1386,1229,83,112.8,Inventory,Delayed,-525
LCH11764,Bengaluru,ST222,2026-03-05,Ops-B,Pending,Complete,Passed,Ready,Ready,Complete,1079,659,83,163.7,Onboarding,Delayed,-138
LCH11765,Jaipur,ST117,2025-06-07,Ops-C,Complete,Complete,Passed,Ready,Ready,Complete,848,513,100,165.3,Capacity,Go-Live Ready,-409
LCH11766,Kochi,ST296,2025-08-04,Ops-A,Complete,Complete,Failed,Ready,Ready,Complete,262,603,83,43.4,Testing,Delayed,-351
LCH11767,Delhi NCR,ST427,2026-04-07,Ops-D,Complete,Complete,Passed,Ready,Pending,Complete,522,1478,83,35.3,Staffing,Delayed,-105
LCH11768,Kochi,ST418,2025-05-14,Ops-B,Complete,Complete,Passed,Ready,Ready,Complete,448,499,100,89.8,None,Go-Live Ready,-433
LCH11769,Mumbai,ST909,2025-03-08,Ops-E,Complete,Complete,Passed,Pending,Ready,Complete,1192,537,83,222.0,Inventory,Delayed,-500
LCH11770,Bengaluru,ST579,2025-01-07,Ops-E,Complete,Complete,Passed,Ready,Ready,Complete,925,970,100,95.4,None,Go-Live Ready,-560
LCH11771,Delhi NCR,ST352,2026-06-10,Ops-A,Complete,Complete,Failed,Ready,Ready,Complete,820,1490,83,55.0,Testing,Delayed,-41
LCH11772,Delhi NCR,ST603,2025-03-14,Ops-C,Complete,Complete,Passed,Pending,Ready,Complete,160,1178,83,13.6,Inventory,Delayed,-494
LCH11773,Hyderabad,ST219,2026-02-03,Ops-C,Complete,Complete,Passed,Ready,Ready,Complete,157,550,100,28.5,None,Go-Live Ready,-168
LCH11774,Ahmedabad,ST774,2026-02-09,Ops-A,Complete,Complete,Passed,Ready,Ready,Complete,1326,775,100,171.1,Capacity,Go-Live Ready,-162
LCH11775,Bengaluru,ST810,2025-05-10,Ops-E,Complete,Complete,Passed,Pending,Ready,Complete,1308,797,83,164.1,Inventory,Delayed,-437
LCH11776,Bengaluru,ST598,2026-04-11,Ops-E,Complete,Complete,Pending,Ready,Pending,Complete,1546,1277,67,121.1,Testing,Delayed,-101
LCH11777,Delhi NCR,ST586,2025-07-25,Ops-C,Complete,Complete,Failed,Ready,Ready,Complete,610,1296,83,47.1,Testing,Delayed,-361
LCH11778,Kochi,ST145,2025-09-23,Ops-B,Complete,Complete,Passed,Ready,Ready,Complete,1408,1000,100,140.8,Capacity,Go-Live Ready,-301
LCH11779,Bengaluru,ST414,2026-06-21,Ops-D,Complete,Complete,Failed,Ready,Ready,Complete,404,1083,83,37.3,Testing,Delayed,-30
LCH11780,Delhi NCR,ST279,2025-09-10,Ops-B,Complete,Complete,Passed,Ready,Ready,Complete,735,728,100,101.0,Capacity,Go-Live Ready,-314
LCH11781,Bengaluru,ST994,2025-10-16,Ops-E,Complete,Complete,Passed,Ready,Ready,Complete,1501,838,100,179.1,Capacity,Go-Live Ready,-278
LCH11782,Delhi NCR,ST518,2025-06-13,Ops-B,Complete,Pending,Passed,Ready,Ready,Complete,511,1200,83,42.6,Tech Setup,Delayed,-403
LCH11783,Hyderabad,ST656,2025-04-05,Ops-D,Complete,Complete,Passed,Ready,Ready,Complete,1547,1267,100,122.1,Capacity,Go-Live Ready,-472
LCH11784,Ahmedabad,ST883,2025-04-20,Ops-B,Complete,Complete,Passed,Ready,Pending,Complete,1152,509,83,226.3,Staffing,Delayed,-457
LCH11785,Delhi NCR,ST178,2025-12-02,Ops-B,Complete,Complete,Pending,Ready,Ready,Complete,937,790,83,118.6,Testing,Delayed,-231
LCH11786,Bengaluru,ST426,2025-08-26,Ops-B,Complete,Complete,Passed,Ready,Pending,Complete,358,770,83,46.5,Staffing,Delayed,-329
LCH11787,Mumbai,ST790,2026-01-16,Ops-B,Complete,Complete,Passed,Pending,Ready,Complete,416,867,83,48.0,Inventory,Delayed,-186
LCH11788,Ahmedabad,ST457,2026-03-12,Ops-A,Complete,Complete,Passed,Ready,Ready,Complete,805,963,100,83.6,None,Go-Live Ready,-131
LCH11789,Hyderabad,ST516,2026-04-28,Ops-E,Complete,Complete,Passed,Ready,Ready,Complete,1146,849,100,135.0,Capacity,Go-Live Ready,-84
LCH11790,Delhi NCR,ST615,2025-01-25,Ops-D,Complete,Complete,Passed,Ready,Ready,Complete,703,497,100,141.4,Capacity,Go-Live Ready,-542
LCH11791,Mumbai,ST314,2025-04-27,Ops-E,Complete,Complete,Pending,Ready,Ready,Pending,885,820,67,107.9,Testing,Delayed,-450
LCH11792,Delhi NCR,ST954,2026-04-27,Ops-A,Complete,Complete,Passed,Ready,Ready,Complete,570,987,100,57.8,None,Go-Live Ready,-85
LCH11793,Kochi,ST174,2026-01-27,Ops-A,Complete,Complete,Passed,Pending,Ready,Complete,457,766,83,59.7,Inventory,Delayed,-175
LCH11794,Bengaluru,ST663,2026-06-21,Ops-A,Pending,Pending,Passed,Ready,Ready,Pending,286,895,50,32.0,Onboarding,Delayed,-30
LCH11795,Kolkata,ST679,2025-03-20,Ops-A,Complete,Complete,Pending,Ready,Ready,Pending,1592,438,67,363.5,Testing,Delayed,-488
LCH11796,Jaipur,ST609,2025-06-22,Ops-B,Complete,Complete,Passed,Ready,Ready,Complete,344,1314,100,26.2,None,Go-Live Ready,-394
LCH11797,Chennai,ST432,2025-01-12,Ops-E,Pending,Complete,Passed,Ready,Ready,Complete,1268,541,83,234.4,Onboarding,Delayed,-555
LCH11798,Kochi,ST193,2025-05-08,Ops-C,Complete,Complete,Passed,Ready,Ready,Pending,1431,615,83,232.7,SOP,Delayed,-439
LCH11799,Mumbai,ST788,2025-04-02,Ops-D,Complete,Complete,Passed,Ready,Ready,Complete,1198,966,100,124.0,Capacity,Go-Live Ready,-475
LCH11800,Kochi,ST757,2026-06-27,Ops-A,Complete,Complete,Pending,Ready,Ready,Complete,1405,1032,83,136.1,Testing,Delayed,-24
LCH11801,Pune,ST619,2026-06-16,Ops-E,Complete,Complete,Passed,Ready,Ready,Complete,1505,434,100,346.8,Capacity,Go-Live Ready,-35
LCH11802,Delhi NCR,ST369,2026-03-23,Ops-A,Complete,Complete,Passed,Ready,Ready,Pending,755,878,83,86.0,SOP,Delayed,-120
LCH11803,Delhi NCR,ST476,2026-01-25,Ops-A,Complete,Pending,Pending,Ready,Ready,Complete,1163,1392,67,83.5,Tech Setup,Delayed,-177
LCH11804,Chennai,ST934,2025-02-12,Ops-A,Complete,Complete,Passed,Ready,Ready,Complete,1011,738,100,137.0,Capacity,Go-Live Ready,-524
LCH11805,Chennai,ST104,2025-09-11,Ops-A,Complete,Pending,Passed,Ready,Ready,Complete,370,376,83,98.4,Tech Setup,Delayed,-313
LCH11806,Pune,ST238,2025-05-10,Ops-A,Complete,Complete,Passed,Ready,Ready,Complete,446,699,100,63.8,None,Go-Live Ready,-437
LCH11807,Bengaluru,ST331,2025-03-01,Ops-D,Complete,Pending,Passed,Ready,Ready,Pending,1376,673,67,204.5,Tech Setup,Delayed,-507
LCH11808,Jaipur,ST700,2026-04-12,Ops-E,Complete,Complete,Passed,Ready,Ready,Complete,1160,1335,100,86.9,None,Go-Live Ready,-100
LCH11809,Kolkata,ST629,2025-10-14,Ops-A,Complete,Complete,Passed,Ready,Ready,Complete,492,1057,100,46.5,None,Go-Live Ready,-280
LCH11810,Kolkata,ST152,2026-06-01,Ops-A,Complete,Complete,Pending,Ready,Ready,Complete,742,1048,83,70.8,Testing,Delayed,-50
LCH11811,Hyderabad,ST746,2026-04-12,Ops-A,Complete,Complete,Passed,Ready,Ready,Complete,1378,1063,100,129.6,Capacity,Go-Live Ready,-100
LCH11812,Hyderabad,ST823,2025-12-11,Ops-A,Complete,Complete,Passed,Ready,Pending,Complete,1041,716,83,145.4,Staffing,Delayed,-222
LCH11813,Bengaluru,ST425,2026-01-17,Ops-B,Complete,Complete,Passed,Ready,Ready,Complete,226,506,100,44.7,None,Go-Live Ready,-185
LCH11814,Hyderabad,ST831,2025-09-10,Ops-B,Complete,Complete,Passed,Pending,Ready,Complete,856,640,83,133.8,Inventory,Delayed,-314
LCH11815,Hyderabad,ST817,2025-02-25,Ops-C,Complete,Complete,Passed,Pending,Ready,Complete,1215,1020,83,119.1,Inventory,Delayed,-511
LCH11816,Pune,ST823,2026-04-08,Ops-A,Pending,Complete,Passed,Ready,Ready,Complete,1355,610,83,222.1,Onboarding,Delayed,-104
LCH11817,Pune,ST377,2026-04-02,Ops-C,Complete,Complete,Passed,Ready,Ready,Complete,906,924,100,98.1,None,Go-Live Ready,-110
LCH11818,Hyderabad,ST636,2025-03-24,Ops-D,Complete,Complete,Passed,Ready,Ready,Complete,1368,382,100,358.1,Capacity,Go-Live Ready,-484
LCH11819,Kochi,ST586,2025-04-09,Ops-C,Complete,Complete,Passed,Ready,Ready,Complete,739,1326,100,55.7,None,Go-Live Ready,-468
LCH11820,Ahmedabad,ST616,2025-05-29,Ops-E,Complete,Complete,Passed,Ready,Ready,Complete,537,1172,100,45.8,None,Go-Live Ready,-418
LCH11821,Ahmedabad,ST252,2025-11-25,Ops-B,Complete,Pending,Passed,Pending,Pending,Complete,1076,535,50,201.1,Tech Setup,Delayed,-238
LCH11822,Bengaluru,ST583,2025-06-05,Ops-B,Complete,Complete,Passed,Ready,Ready,Complete,786,688,100,114.2,Capacity,Go-Live Ready,-411
LCH11823,Kolkata,ST359,2025-07-09,Ops-A,Complete,Complete,Passed,Ready,Ready,Complete,290,692,100,41.9,None,Go-Live Ready,-377
LCH11824,Chennai,ST424,2026-05-09,Ops-A,Complete,Complete,Passed,Ready,Ready,Pending,1200,1046,83,114.7,SOP,Delayed,-73
LCH11825,Bengaluru,ST969,2025-09-20,Ops-D,Complete,Complete,Passed,Ready,Pending,Complete,1488,329,83,452.3,Staffing,Delayed,-304
LCH11826,Hyderabad,ST268,2025-03-21,Ops-D,Complete,Complete,Pending,Ready,Ready,Complete,1494,1281,83,116.6,Testing,Delayed,-487
LCH11827,Pune,ST788,2026-02-04,Ops-E,Complete,Complete,Passed,Ready,Ready,Complete,597,1471,100,40.6,None,Go-Live Ready,-167
LCH11828,Delhi NCR,ST410,2025-09-17,Ops-A,Complete,Complete,Passed,Ready,Ready,Complete,442,904,100,48.9,None,Go-Live Ready,-307
LCH11829,Kochi,ST903,2025-04-11,Ops-A,Complete,Complete,Passed,Ready,Ready,Complete,1409,582,100,242.1,Capacity,Go-Live Ready,-466
LCH11830,Mumbai,ST579,2025-12-25,Ops-D,Complete,Complete,Passed,Ready,Ready,Complete,864,537,100,160.9,Capacity,Go-Live Ready,-208
LCH11831,Pune,ST156,2026-01-15,Ops-D,Complete,Complete,Passed,Ready,Ready,Complete,606,1030,100,58.8,None,Go-Live Ready,-187
LCH11832,Ahmedabad,ST720,2025-08-09,Ops-D,Complete,Complete,Passed,Pending,Ready,Pending,1041,330,67,315.5,Inventory,Delayed,-346
LCH11833,Pune,ST573,2026-02-24,Ops-B,Complete,Complete,Passed,Ready,Ready,Complete,988,1277,100,77.4,None,Go-Live Ready,-147
LCH11834,Kochi,ST396,2025-05-04,Ops-C,Complete,Complete,Passed,Ready,Ready,Pending,803,1214,83,66.1,SOP,Delayed,-443
LCH11835,Chennai,ST561,2026-02-26,Ops-C,Complete,Complete,Passed,Ready,Ready,Complete,813,506,100,160.7,Capacity,Go-Live Ready,-145
LCH11836,Hyderabad,ST424,2025-08-19,Ops-A,Pending,Complete,Passed,Ready,Ready,Complete,914,1202,83,76.0,Onboarding,Delayed,-336
LCH11837,Delhi NCR,ST914,2025-03-04,Ops-B,Complete,Complete,Passed,Ready,Ready,Complete,1240,882,100,140.6,Capacity,Go-Live Ready,-504
LCH11838,Ahmedabad,ST946,2026-04-30,Ops-D,Complete,Complete,Passed,Ready,Ready,Complete,325,759,100,42.8,None,Go-Live Ready,-82
LCH11839,Ahmedabad,ST241,2026-04-28,Ops-A,Complete,Complete,Failed,Ready,Ready,Complete,659,435,83,151.5,Testing,Delayed,-84
LCH11840,Jaipur,ST767,2026-06-03,Ops-B,Complete,Complete,Pending,Ready,Pending,Complete,1264,1277,67,99.0,Testing,Delayed,-48
LCH11841,Kolkata,ST362,2025-06-04,Ops-E,Complete,Complete,Passed,Ready,Ready,Complete,854,583,100,146.5,Capacity,Go-Live Ready,-412
LCH11842,Chennai,ST885,2025-04-02,Ops-B,Complete,Complete,Passed,Ready,Ready,Complete,1339,1149,100,116.5,Capacity,Go-Live Ready,-475
LCH11843,Ahmedabad,ST520,2026-06-10,Ops-A,Complete,Complete,Passed,Pending,Ready,Complete,751,650,83,115.5,Inventory,Delayed,-41
LCH11844,Kolkata,ST844,2026-03-31,Ops-C,Complete,Complete,Passed,Ready,Ready,Complete,987,316,100,312.3,Capacity,Go-Live Ready,-112
LCH11845,Ahmedabad,ST341,2026-05-25,Ops-D,Complete,Complete,Passed,Pending,Ready,Pending,1151,713,67,161.4,Inventory,Delayed,-57
LCH11846,Hyderabad,ST455,2025-07-02,Ops-E,Complete,Complete,Passed,Ready,Ready,Complete,200,1418,100,14.1,None,Go-Live Ready,-384
LCH11847,Kolkata,ST949,2026-01-21,Ops-B,Complete,Complete,Passed,Pending,Ready,Complete,835,305,83,273.8,Inventory,Delayed,-181
LCH11848,Kochi,ST870,2026-02-09,Ops-A,Complete,Complete,Passed,Ready,Ready,Complete,415,1079,100,38.5,None,Go-Live Ready,-162
LCH11849,Jaipur,ST861,2025-09-03,Ops-A,Complete,Complete,Passed,Ready,Ready,Complete,1260,386,100,326.4,Capacity,Go-Live Ready,-321
LCH11850,Hyderabad,ST689,2026-04-16,Ops-D,Complete,Complete,Passed,Ready,Ready,Complete,755,488,100,154.7,Capacity,Go-Live Ready,-96
LCH11851,Kochi,ST280,2026-02-27,Ops-A,Complete,Complete,Pending,Ready,Ready,Complete,1225,719,83,170.4,Testing,Delayed,-144
LCH11852,Delhi NCR,ST166,2025-03-06,Ops-A,Complete,Complete,Passed,Ready,Ready,Complete,1352,1390,100,97.3,None,Go-Live Ready,-502
LCH11853,Chennai,ST920,2025-01-13,Ops-D,Complete,Pending,Passed,Ready,Ready,Complete,1451,547,83,265.3,Tech Setup,Delayed,-554
LCH11854,Chennai,ST448,2025-08-01,Ops-E,Complete,Complete,Passed,Ready,Ready,Complete,1412,1159,100,121.8,Capacity,Go-Live Ready,-354
LCH11855,Mumbai,ST271,2025-08-30,Ops-C,Complete,Complete,Passed,Ready,Ready,Complete,734,506,100,145.1,Capacity,Go-Live Ready,-325
LCH11856,Mumbai,ST574,2026-05-08,Ops-C,Pending,Complete,Passed,Ready,Ready,Complete,488,1406,83,34.7,Onboarding,Delayed,-74
LCH11857,Kolkata,ST634,2025-08-01,Ops-B,Complete,Complete,Passed,Ready,Ready,Complete,1245,723,100,172.2,Capacity,Go-Live Ready,-354
LCH11858,Chennai,ST467,2025-12-04,Ops-E,Complete,Complete,Passed,Ready,Ready,Complete,523,1405,100,37.2,None,Go-Live Ready,-229
LCH11859,Kolkata,ST207,2025-06-22,Ops-B,Complete,Complete,Pending,Ready,Pending,Complete,729,848,67,86.0,Testing,Delayed,-394
LCH11860,Mumbai,ST539,2025-06-13,Ops-C,Complete,Complete,Passed,Pending,Ready,Pending,666,786,67,84.7,Inventory,Delayed,-403
LCH11861,Delhi NCR,ST935,2026-04-10,Ops-D,Complete,Pending,Passed,Ready,Ready,Complete,1411,432,83,326.6,Tech Setup,Delayed,-102
LCH11862,Ahmedabad,ST327,2026-05-12,Ops-A,Complete,Complete,Passed,Ready,Ready,Complete,270,414,100,65.2,None,Go-Live Ready,-70
LCH11863,Kochi,ST544,2026-01-30,Ops-C,Complete,Complete,Passed,Ready,Pending,Complete,1586,676,83,234.6,Staffing,Delayed,-172
LCH11864,Pune,ST542,2025-11-04,Ops-E,Complete,Complete,Passed,Ready,Ready,Complete,986,1276,100,77.3,None,Go-Live Ready,-259
LCH11865,Kolkata,ST496,2025-07-02,Ops-C,Complete,Complete,Passed,Ready,Ready,Complete,719,510,100,141.0,Capacity,Go-Live Ready,-384
LCH11866,Delhi NCR,ST828,2026-05-25,Ops-E,Complete,Complete,Passed,Ready,Ready,Complete,192,431,100,44.5,None,Go-Live Ready,-57
LCH11867,Kochi,ST681,2026-06-30,Ops-E,Complete,Complete,Passed,Pending,Ready,Complete,1370,453,83,302.4,Inventory,Delayed,-21
LCH11868,Chennai,ST184,2025-08-15,Ops-E,Complete,Complete,Failed,Ready,Ready,Pending,221,1219,67,18.1,Testing,Delayed,-340
LCH11869,Ahmedabad,ST715,2026-03-12,Ops-B,Complete,Complete,Passed,Ready,Ready,Complete,240,1251,100,19.2,None,Go-Live Ready,-131
LCH11870,Kochi,ST651,2026-02-26,Ops-D,Pending,Complete,Passed,Ready,Ready,Complete,640,1105,83,57.9,Onboarding,Delayed,-145
LCH11871,Jaipur,ST113,2025-01-21,Ops-C,Complete,Complete,Passed,Ready,Ready,Complete,898,446,100,201.3,Capacity,Go-Live Ready,-546
LCH11872,Mumbai,ST909,2026-02-01,Ops-D,Complete,Pending,Passed,Ready,Ready,Complete,1147,1450,83,79.1,Tech Setup,Delayed,-170
LCH11873,Kochi,ST925,2025-04-15,Ops-A,Complete,Complete,Passed,Ready,Ready,Complete,532,1014,100,52.5,None,Go-Live Ready,-462
LCH11874,Pune,ST793,2025-07-11,Ops-C,Complete,Complete,Passed,Ready,Ready,Complete,954,1441,100,66.2,None,Go-Live Ready,-375
LCH11875,Delhi NCR,ST593,2025-01-17,Ops-D,Complete,Complete,Passed,Ready,Ready,Complete,1327,530,100,250.4,Capacity,Go-Live Ready,-550
LCH11876,Ahmedabad,ST368,2025-04-30,Ops-D,Complete,Complete,Passed,Ready,Ready,Complete,319,750,100,42.5,None,Go-Live Ready,-447
LCH11877,Hyderabad,ST625,2026-01-28,Ops-A,Complete,Complete,Passed,Ready,Ready,Complete,1445,1468,100,98.4,None,Go-Live Ready,-174
LCH11878,Kochi,ST220,2026-03-01,Ops-E,Complete,Complete,Passed,Ready,Ready,Complete,1067,1206,100,88.5,None,Go-Live Ready,-142
LCH11879,Bengaluru,ST453,2025-05-09,Ops-C,Complete,Complete,Passed,Ready,Ready,Complete,1283,1372,100,93.5,None,Go-Live Ready,-438
LCH11880,Pune,ST157,2025-05-10,Ops-C,Complete,Complete,Failed,Ready,Ready,Complete,300,406,83,73.9,Testing,Delayed,-437
LCH11881,Pune,ST140,2025-01-29,Ops-A,Complete,Complete,Passed,Ready,Ready,Complete,580,392,100,148.0,Capacity,Go-Live Ready,-538
LCH11882,Bengaluru,ST986,2025-04-07,Ops-E,Complete,Complete,Passed,Ready,Ready,Complete,600,1128,100,53.2,None,Go-Live Ready,-470
LCH11883,Jaipur,ST436,2025-01-10,Ops-C,Complete,Complete,Passed,Ready,Ready,Complete,792,439,100,180.4,Capacity,Go-Live Ready,-557
LCH11884,Hyderabad,ST740,2025-08-30,Ops-C,Complete,Complete,Pending,Ready,Pending,Complete,929,310,67,299.7,Testing,Delayed,-325
LCH11885,Mumbai,ST273,2025-08-20,Ops-C,Complete,Complete,Passed,Ready,Ready,Complete,172,747,100,23.0,None,Go-Live Ready,-335
LCH11886,Delhi NCR,ST647,2025-10-11,Ops-E,Complete,Pending,Passed,Ready,Ready,Complete,516,1226,83,42.1,Tech Setup,Delayed,-283
LCH11887,Ahmedabad,ST359,2025-07-19,Ops-A,Complete,Complete,Passed,Ready,Ready,Complete,800,694,100,115.3,Capacity,Go-Live Ready,-367
LCH11888,Delhi NCR,ST988,2025-03-20,Ops-C,Complete,Complete,Passed,Ready,Ready,Complete,969,677,100,143.1,Capacity,Go-Live Ready,-488
LCH11889,Hyderabad,ST617,2025-06-22,Ops-D,Complete,Complete,Passed,Ready,Ready,Complete,388,660,100,58.8,None,Go-Live Ready,-394
LCH11890,Delhi NCR,ST830,2026-04-12,Ops-E,Complete,Complete,Passed,Ready,Ready,Complete,583,982,100,59.4,None,Go-Live Ready,-100
LCH11891,Bengaluru,ST623,2026-02-20,Ops-B,Complete,Complete,Passed,Ready,Ready,Complete,853,1316,100,64.8,None,Go-Live Ready,-151
LCH11892,Pune,ST994,2026-03-25,Ops-A,Complete,Pending,Passed,Ready,Ready,Complete,1300,941,83,138.2,Tech Setup,Delayed,-118
LCH11893,Delhi NCR,ST939,2025-03-28,Ops-D,Complete,Pending,Passed,Ready,Ready,Complete,1091,872,83,125.1,Tech Setup,Delayed,-480
LCH11894,Kolkata,ST217,2025-04-11,Ops-C,Complete,Complete,Passed,Ready,Ready,Complete,690,1296,100,53.2,None,Go-Live Ready,-466
LCH11895,Kochi,ST284,2025-01-08,Ops-B,Complete,Complete,Passed,Ready,Ready,Pending,782,1222,83,64.0,SOP,Delayed,-559
LCH11896,Hyderabad,ST974,2025-07-19,Ops-A,Complete,Complete,Pending,Ready,Ready,Complete,347,695,83,49.9,Testing,Delayed,-367
LCH11897,Jaipur,ST216,2026-05-20,Ops-E,Complete,Complete,Pending,Ready,Ready,Complete,631,485,83,130.1,Testing,Delayed,-62
LCH11898,Kolkata,ST262,2025-03-28,Ops-B,Complete,Complete,Passed,Ready,Pending,Complete,1352,1498,83,90.3,Staffing,Delayed,-480
LCH11899,Bengaluru,ST679,2025-02-12,Ops-B,Complete,Complete,Passed,Ready,Ready,Pending,1018,670,83,151.9,SOP,Delayed,-524
LCH11900,Chennai,ST812,2026-01-20,Ops-D,Complete,Complete,Passed,Ready,Ready,Complete,672,907,100,74.1,None,Go-Live Ready,-182
LCH11901,Bengaluru,ST643,2026-03-11,Ops-A,Complete,Complete,Passed,Ready,Ready,Complete,800,581,100,137.7,Capacity,Go-Live Ready,-132
LCH11902,Jaipur,ST687,2026-02-12,Ops-D,Complete,Complete,Passed,Pending,Ready,Complete,1108,1356,83,81.7,Inventory,Delayed,-159
LCH11903,Jaipur,ST337,2026-04-28,Ops-D,Complete,Complete,Passed,Ready,Ready,Complete,586,381,100,153.8,Capacity,Go-Live Ready,-84
LCH11904,Kolkata,ST939,2025-01-17,Ops-C,Complete,Complete,Pending,Pending,Ready,Complete,1006,447,67,225.1,Testing,Delayed,-550
LCH11905,Kochi,ST166,2025-05-28,Ops-E,Pending,Complete,Pending,Ready,Ready,Complete,463,1264,67,36.6,Onboarding,Delayed,-419
LCH11906,Hyderabad,ST170,2025-10-04,Ops-B,Complete,Complete,Passed,Ready,Ready,Complete,168,1291,100,13.0,None,Go-Live Ready,-290
LCH11907,Mumbai,ST909,2025-08-20,Ops-A,Complete,Complete,Passed,Ready,Ready,Complete,1333,1247,100,106.9,Capacity,Go-Live Ready,-335
LCH11908,Pune,ST547,2026-01-01,Ops-E,Complete,Complete,Pending,Ready,Ready,Complete,967,794,83,121.8,Testing,Delayed,-201
LCH11909,Kolkata,ST516,2025-08-16,Ops-E,Complete,Complete,Pending,Ready,Ready,Complete,271,1493,83,18.2,Testing,Delayed,-339
LCH11910,Jaipur,ST632,2026-03-12,Ops-A,Complete,Complete,Failed,Ready,Ready,Complete,221,1022,83,21.6,Testing,Delayed,-131
LCH11911,Chennai,ST541,2026-02-03,Ops-E,Complete,Pending,Passed,Ready,Ready,Complete,1228,1002,83,122.6,Tech Setup,Delayed,-168
LCH11912,Ahmedabad,ST838,2025-07-30,Ops-C,Complete,Complete,Passed,Ready,Ready,Complete,609,1330,100,45.8,None,Go-Live Ready,-356
LCH11913,Jaipur,ST564,2026-01-26,Ops-E,Complete,Complete,Passed,Ready,Ready,Complete,318,1125,100,28.3,None,Go-Live Ready,-176
LCH11914,Kochi,ST496,2026-05-14,Ops-C,Complete,Complete,Passed,Ready,Ready,Complete,731,733,100,99.7,None,Go-Live Ready,-68
LCH11915,Kochi,ST811,2026-06-24,Ops-B,Complete,Pending,Passed,Ready,Ready,Complete,1322,1357,83,97.4,Tech Setup,Delayed,-27
LCH11916,Jaipur,ST651,2026-05-06,Ops-B,Complete,Complete,Passed,Ready,Ready,Complete,778,862,100,90.3,None,Go-Live Ready,-76
LCH11917,Kochi,ST757,2026-03-18,Ops-D,Complete,Pending,Pending,Ready,Ready,Complete,175,437,67,40.0,Tech Setup,Delayed,-125
LCH11918,Kolkata,ST657,2025-09-18,Ops-C,Complete,Complete,Pending,Ready,Ready,Complete,1421,666,83,213.4,Testing,Delayed,-306
LCH11919,Jaipur,ST495,2025-12-16,Ops-B,Complete,Pending,Passed,Pending,Ready,Complete,870,405,67,214.8,Tech Setup,Delayed,-217
LCH11920,Jaipur,ST426,2025-12-18,Ops-E,Complete,Complete,Pending,Ready,Ready,Complete,1400,1093,83,128.1,Testing,Delayed,-215
LCH11921,Hyderabad,ST993,2026-06-04,Ops-A,Complete,Complete,Passed,Ready,Ready,Complete,1183,1355,100,87.3,None,Go-Live Ready,-47
LCH11922,Pune,ST191,2025-11-16,Ops-A,Complete,Complete,Passed,Ready,Ready,Pending,1268,935,83,135.6,SOP,Delayed,-247
LCH11923,Chennai,ST850,2025-05-18,Ops-C,Complete,Pending,Passed,Ready,Ready,Complete,270,1286,83,21.0,Tech Setup,Delayed,-429
LCH11924,Kochi,ST170,2026-07-04,Ops-D,Complete,Complete,Passed,Ready,Ready,Complete,275,1257,100,21.9,None,Go-Live Ready,-17
LCH11925,Hyderabad,ST266,2026-01-03,Ops-E,Complete,Complete,Passed,Ready,Ready,Complete,698,1491,100,46.8,None,Go-Live Ready,-199
LCH11926,Mumbai,ST742,2025-08-08,Ops-C,Complete,Complete,Passed,Ready,Pending,Complete,1242,1154,83,107.6,Staffing,Delayed,-347
LCH11927,Mumbai,ST314,2025-12-03,Ops-A,Complete,Complete,Passed,Ready,Ready,Complete,446,377,100,118.3,Capacity,Go-Live Ready,-230
LCH11928,Delhi NCR,ST952,2025-08-11,Ops-C,Complete,Complete,Passed,Ready,Pending,Complete,835,508,83,164.4,Staffing,Delayed,-344
LCH11929,Kolkata,ST701,2025-12-26,Ops-E,Pending,Pending,Failed,Pending,Ready,Complete,1122,307,33,365.5,Onboarding,Delayed,-207
LCH11930,Kolkata,ST435,2025-11-25,Ops-B,Complete,Complete,Passed,Ready,Pending,Pending,1218,1036,67,117.6,Staffing,Delayed,-238
LCH11931,Bengaluru,ST864,2026-04-08,Ops-E,Complete,Complete,Passed,Ready,Ready,Complete,784,526,100,149.0,Capacity,Go-Live Ready,-104
LCH11932,Chennai,ST469,2026-01-17,Ops-B,Complete,Complete,Passed,Ready,Ready,Complete,531,474,100,112.0,Capacity,Go-Live Ready,-185
LCH11933,Jaipur,ST961,2025-06-18,Ops-B,Complete,Complete,Passed,Ready,Ready,Complete,1200,380,100,315.8,Capacity,Go-Live Ready,-398
LCH11934,Kochi,ST684,2025-08-05,Ops-B,Complete,Complete,Passed,Ready,Pending,Complete,854,1380,83,61.9,Staffing,Delayed,-350
LCH11935,Chennai,ST777,2026-01-13,Ops-C,Complete,Complete,Passed,Ready,Ready,Complete,646,1458,100,44.3,None,Go-Live Ready,-189
LCH11936,Delhi NCR,ST149,2025-04-29,Ops-A,Complete,Complete,Passed,Ready,Ready,Complete,1001,537,100,186.4,Capacity,Go-Live Ready,-448
LCH11937,Bengaluru,ST152,2025-07-09,Ops-C,Pending,Complete,Passed,Pending,Ready,Complete,1309,1349,67,97.0,Onboarding,Delayed,-377
LCH11938,Hyderabad,ST389,2026-01-05,Ops-A,Complete,Complete,Passed,Ready,Ready,Complete,856,486,100,176.1,Capacity,Go-Live Ready,-197
LCH11939,Chennai,ST890,2025-05-29,Ops-E,Complete,Complete,Passed,Ready,Ready,Complete,1222,929,100,131.5,Capacity,Go-Live Ready,-418
LCH11940,Hyderabad,ST726,2026-05-03,Ops-D,Pending,Pending,Passed,Ready,Ready,Complete,270,1439,67,18.8,Onboarding,Delayed,-79
LCH11941,Mumbai,ST339,2026-01-09,Ops-E,Complete,Complete,Pending,Ready,Pending,Complete,1390,1313,67,105.9,Testing,Delayed,-193
LCH11942,Kochi,ST233,2025-06-09,Ops-C,Pending,Complete,Passed,Ready,Pending,Complete,775,1114,67,69.6,Onboarding,Delayed,-407
LCH11943,Delhi NCR,ST886,2025-12-17,Ops-C,Pending,Complete,Passed,Ready,Ready,Complete,675,913,83,73.9,Onboarding,Delayed,-216
LCH11944,Jaipur,ST266,2025-10-15,Ops-A,Complete,Complete,Pending,Ready,Ready,Complete,1216,1191,83,102.1,Testing,Delayed,-279
LCH11945,Kochi,ST474,2025-10-15,Ops-C,Complete,Complete,Passed,Ready,Ready,Complete,901,1486,100,60.6,None,Go-Live Ready,-279
LCH11946,Pune,ST473,2025-08-14,Ops-B,Complete,Complete,Passed,Ready,Ready,Complete,245,477,100,51.4,None,Go-Live Ready,-341
LCH11947,Kolkata,ST905,2026-06-07,Ops-C,Complete,Complete,Failed,Ready,Ready,Complete,176,1284,83,13.7,Testing,Delayed,-44
LCH11948,Delhi NCR,ST578,2026-06-06,Ops-A,Pending,Complete,Passed,Ready,Ready,Complete,985,579,83,170.1,Onboarding,Delayed,-45
LCH11949,Chennai,ST855,2025-09-30,Ops-A,Complete,Complete,Passed,Ready,Ready,Complete,1415,1097,100,129.0,Capacity,Go-Live Ready,-294
LCH11950,Kochi,ST579,2026-02-06,Ops-B,Complete,Pending,Pending,Ready,Ready,Pending,636,1377,50,46.2,Tech Setup,Delayed,-165
LCH11951,Ahmedabad,ST932,2025-07-02,Ops-A,Complete,Complete,Pending,Ready,Pending,Complete,389,366,67,106.3,Testing,Delayed,-384
LCH11952,Kolkata,ST750,2026-05-03,Ops-D,Complete,Pending,Passed,Ready,Ready,Complete,1477,843,83,175.2,Tech Setup,Delayed,-79
LCH11953,Kolkata,ST691,2025-05-04,Ops-E,Complete,Complete,Passed,Ready,Pending,Pending,216,819,67,26.4,Staffing,Delayed,-443
LCH11954,Ahmedabad,ST782,2026-02-18,Ops-C,Complete,Complete,Passed,Ready,Ready,Pending,1454,798,83,182.2,SOP,Delayed,-153
LCH11955,Bengaluru,ST735,2025-06-21,Ops-D,Complete,Complete,Passed,Ready,Ready,Complete,1365,1245,100,109.6,Capacity,Go-Live Ready,-395
LCH11956,Bengaluru,ST788,2025-10-15,Ops-C,Complete,Complete,Passed,Ready,Ready,Complete,1292,1026,100,125.9,Capacity,Go-Live Ready,-279
LCH11957,Ahmedabad,ST400,2026-03-11,Ops-D,Pending,Complete,Passed,Ready,Ready,Pending,1325,1369,67,96.8,Onboarding,Delayed,-132
LCH11958,Pune,ST182,2025-04-23,Ops-C,Complete,Complete,Passed,Ready,Ready,Complete,1565,1358,100,115.2,Capacity,Go-Live Ready,-454
LCH11959,Mumbai,ST187,2025-05-02,Ops-B,Complete,Complete,Pending,Ready,Ready,Complete,380,488,83,77.9,Testing,Delayed,-445
LCH11960,Ahmedabad,ST325,2026-06-28,Ops-A,Complete,Complete,Pending,Ready,Ready,Complete,500,1412,83,35.4,Testing,Delayed,-23
LCH11961,Mumbai,ST116,2025-08-10,Ops-A,Complete,Pending,Failed,Ready,Ready,Complete,910,1246,67,73.0,Tech Setup,Delayed,-345
LCH11962,Kochi,ST922,2025-02-08,Ops-B,Complete,Complete,Pending,Ready,Ready,Complete,1344,435,83,309.0,Testing,Delayed,-528
LCH11963,Pune,ST458,2026-05-12,Ops-D,Pending,Complete,Passed,Ready,Ready,Complete,1012,845,83,119.8,Onboarding,Delayed,-70
LCH11964,Delhi NCR,ST263,2025-08-21,Ops-E,Complete,Complete,Passed,Ready,Ready,Complete,1305,1092,100,119.5,Capacity,Go-Live Ready,-334
LCH11965,Mumbai,ST710,2026-06-14,Ops-D,Complete,Complete,Passed,Ready,Ready,Complete,506,1436,100,35.2,None,Go-Live Ready,-37
LCH11966,Kolkata,ST768,2025-05-29,Ops-A,Complete,Complete,Passed,Ready,Ready,Complete,1215,1495,100,81.3,None,Go-Live Ready,-418
LCH11967,Kochi,ST614,2026-02-01,Ops-E,Complete,Complete,Passed,Ready,Ready,Complete,1478,854,100,173.1,Capacity,Go-Live Ready,-170
LCH11968,Kolkata,ST450,2025-10-29,Ops-C,Complete,Complete,Passed,Ready,Pending,Complete,1179,1193,83,98.8,Staffing,Delayed,-265
LCH11969,Pune,ST781,2025-12-26,Ops-E,Complete,Complete,Pending,Ready,Ready,Complete,478,1245,83,38.4,Testing,Delayed,-207
LCH11970,Mumbai,ST564,2025-08-26,Ops-D,Complete,Complete,Passed,Ready,Ready,Complete,1343,824,100,163.0,Capacity,Go-Live Ready,-329
LCH11971,Hyderabad,ST927,2025-08-24,Ops-B,Complete,Complete,Passed,Ready,Ready,Complete,1060,473,100,224.1,Capacity,Go-Live Ready,-331
LCH11972,Pune,ST937,2025-07-22,Ops-C,Complete,Pending,Passed,Ready,Ready,Complete,487,936,83,52.0,Tech Setup,Delayed,-364
LCH11973,Pune,ST475,2025-09-13,Ops-D,Complete,Complete,Passed,Ready,Ready,Complete,1242,506,100,245.5,Capacity,Go-Live Ready,-311
LCH11974,Hyderabad,ST192,2025-08-23,Ops-C,Complete,Complete,Passed,Ready,Ready,Complete,1031,1248,100,82.6,None,Go-Live Ready,-332
LCH11975,Kochi,ST281,2025-12-11,Ops-E,Complete,Pending,Passed,Ready,Ready,Complete,688,403,83,170.7,Tech Setup,Delayed,-222
LCH11976,Mumbai,ST843,2026-06-18,Ops-A,Pending,Complete,Passed,Ready,Ready,Complete,886,1363,83,65.0,Onboarding,Delayed,-33
LCH11977,Mumbai,ST401,2026-04-11,Ops-D,Complete,Complete,Passed,Ready,Ready,Complete,592,1346,100,44.0,None,Go-Live Ready,-101
LCH11978,Kolkata,ST760,2026-06-25,Ops-B,Complete,Complete,Passed,Ready,Ready,Complete,1073,589,100,182.2,Capacity,Go-Live Ready,-26
LCH11979,Pune,ST892,2025-08-01,Ops-E,Pending,Complete,Passed,Ready,Ready,Complete,1069,1478,83,72.3,Onboarding,Delayed,-354
LCH11980,Pune,ST289,2026-04-08,Ops-D,Complete,Pending,Failed,Ready,Pending,Complete,200,866,50,23.1,Tech Setup,Delayed,-104
LCH11981,Jaipur,ST959,2026-03-12,Ops-B,Complete,Complete,Passed,Ready,Ready,Complete,298,1429,100,20.9,None,Go-Live Ready,-131
LCH11982,Delhi NCR,ST962,2025-10-10,Ops-D,Complete,Complete,Pending,Ready,Ready,Complete,1265,1263,83,100.2,Testing,Delayed,-284
LCH11983,Pune,ST414,2026-04-08,Ops-E,Complete,Complete,Passed,Ready,Ready,Complete,517,1137,100,45.5,None,Go-Live Ready,-104
LCH11984,Chennai,ST593,2026-02-11,Ops-D,Complete,Pending,Passed,Ready,Ready,Complete,729,710,83,102.7,Tech Setup,Delayed,-160
LCH11985,Delhi NCR,ST228,2025-03-29,Ops-C,Complete,Complete,Passed,Ready,Ready,Complete,805,1181,100,68.2,None,Go-Live Ready,-479
LCH11986,Chennai,ST619,2025-02-13,Ops-E,Complete,Complete,Passed,Ready,Ready,Complete,225,1440,100,15.6,None,Go-Live Ready,-523
LCH11987,Mumbai,ST526,2026-04-06,Ops-D,Complete,Pending,Passed,Ready,Ready,Complete,1259,1185,83,106.2,Tech Setup,Delayed,-106
LCH11988,Delhi NCR,ST659,2025-10-05,Ops-A,Pending,Complete,Passed,Ready,Ready,Pending,376,723,67,52.0,Onboarding,Delayed,-289
LCH11989,Pune,ST665,2026-02-25,Ops-D,Complete,Complete,Failed,Ready,Ready,Complete,1536,454,83,338.3,Testing,Delayed,-146
LCH11990,Hyderabad,ST287,2025-12-19,Ops-C,Complete,Complete,Passed,Ready,Ready,Complete,1108,450,100,246.2,Capacity,Go-Live Ready,-214
LCH11991,Kolkata,ST650,2026-05-30,Ops-B,Complete,Complete,Passed,Ready,Pending,Complete,741,511,83,145.0,Staffing,Delayed,-52
LCH11992,Chennai,ST553,2025-01-19,Ops-B,Complete,Complete,Passed,Ready,Pending,Complete,173,1180,83,14.7,Staffing,Delayed,-548
LCH11993,Delhi NCR,ST571,2025-01-23,Ops-B,Complete,Complete,Passed,Ready,Ready,Complete,177,1054,100,16.8,None,Go-Live Ready,-544
LCH11994,Pune,ST838,2026-02-17,Ops-A,Pending,Complete,Passed,Ready,Ready,Pending,270,1421,67,19.0,Onboarding,Delayed,-154
LCH11995,Delhi NCR,ST665,2025-01-30,Ops-C,Complete,Complete,Passed,Ready,Ready,Complete,1002,840,100,119.3,Capacity,Go-Live Ready,-537
LCH11996,Pune,ST324,2025-04-18,Ops-E,Complete,Complete,Passed,Ready,Ready,Complete,773,1000,100,77.3,None,Go-Live Ready,-459
LCH11997,Pune,ST254,2026-01-02,Ops-B,Complete,Complete,Passed,Ready,Pending,Complete,1039,471,83,220.6,Staffing,Delayed,-200
LCH11998,Pune,ST660,2025-10-08,Ops-C,Complete,Complete,Passed,Ready,Ready,Complete,1518,670,100,226.6,Capacity,Go-Live Ready,-286
LCH11999,Jaipur,ST451,2025-05-08,Ops-D,Complete,Pending,Passed,Ready,Ready,Complete,180,1478,83,12.2,Tech Setup,Delayed,-439
LCH12000,Kolkata,ST247,2025-08-17,Ops-A,Complete,Complete,Passed,Ready,Ready,Complete,1400,1463,100,95.7,None,Go-Live Ready,-338
LCH12001,Hyderabad,ST676,2025-04-21,Ops-C,Complete,Pending,Passed,Ready,Ready,Pending,1019,1212,67,84.1,Tech Setup,Delayed,-456
LCH12002,Hyderabad,ST449,2025-05-16,Ops-C,Complete,Complete,Passed,Ready,Pending,Complete,1423,1101,83,129.2,Staffing,Delayed,-431
LCH12003,Delhi NCR,ST282,2025-12-28,Ops-E,Complete,Complete,Passed,Ready,Ready,Complete,199,555,100,35.9,None,Go-Live Ready,-205
LCH12004,Delhi NCR,ST737,2025-07-05,Ops-C,Complete,Complete,Passed,Ready,Ready,Complete,875,1289,100,67.9,None,Go-Live Ready,-381
LCH12005,Pune,ST279,2025-05-09,Ops-E,Complete,Complete,Passed,Ready,Ready,Complete,538,975,100,55.2,None,Go-Live Ready,-438
LCH12006,Jaipur,ST139,2025-09-18,Ops-A,Complete,Complete,Passed,Ready,Ready,Complete,1093,1163,100,94.0,None,Go-Live Ready,-306
LCH12007,Pune,ST872,2026-05-30,Ops-A,Complete,Complete,Passed,Ready,Ready,Complete,1461,715,100,204.3,Capacity,Go-Live Ready,-52
LCH12008,Jaipur,ST994,2026-03-25,Ops-D,Complete,Pending,Passed,Ready,Pending,Complete,1164,628,67,185.4,Tech Setup,Delayed,-118
LCH12009,Pune,ST103,2025-04-14,Ops-E,Complete,Complete,Passed,Ready,Ready,Complete,624,1217,100,51.3,None,Go-Live Ready,-463
LCH12010,Chennai,ST164,2026-04-28,Ops-E,Complete,Complete,Passed,Ready,Ready,Complete,905,1462,100,61.9,None,Go-Live Ready,-84
LCH12011,Chennai,ST129,2025-08-12,Ops-B,Complete,Pending,Passed,Ready,Ready,Complete,752,1261,83,59.6,Tech Setup,Delayed,-343
LCH12012,Mumbai,ST472,2026-05-06,Ops-B,Complete,Pending,Passed,Ready,Ready,Complete,1075,1123,83,95.7,Tech Setup,Delayed,-76
LCH12013,Pune,ST623,2026-04-18,Ops-D,Pending,Pending,Passed,Pending,Pending,Complete,1179,548,33,215.1,Onboarding,Delayed,-94
LCH12014,Kolkata,ST197,2025-01-10,Ops-A,Complete,Complete,Passed,Ready,Ready,Pending,942,1044,83,90.2,SOP,Delayed,-557
LCH12015,Mumbai,ST970,2026-02-09,Ops-B,Complete,Complete,Passed,Pending,Ready,Pending,561,607,67,92.4,Inventory,Delayed,-162
LCH12016,Delhi NCR,ST542,2025-10-29,Ops-C,Complete,Complete,Passed,Ready,Ready,Complete,811,872,100,93.0,None,Go-Live Ready,-265
LCH12017,Kochi,ST303,2025-08-19,Ops-A,Complete,Complete,Passed,Ready,Ready,Complete,1497,1097,100,136.5,Capacity,Go-Live Ready,-336
LCH12018,Pune,ST511,2025-03-07,Ops-C,Complete,Complete,Passed,Ready,Ready,Complete,1572,1300,100,120.9,Capacity,Go-Live Ready,-501
LCH12019,Chennai,ST121,2025-04-22,Ops-E,Complete,Complete,Passed,Ready,Ready,Complete,1455,1060,100,137.3,Capacity,Go-Live Ready,-455
LCH12020,Kochi,ST651,2025-01-13,Ops-A,Complete,Complete,Passed,Ready,Pending,Complete,340,592,83,57.4,Staffing,Delayed,-554
LCH12021,Jaipur,ST835,2026-01-28,Ops-D,Pending,Complete,Passed,Ready,Ready,Complete,935,709,83,131.9,Onboarding,Delayed,-174
LCH12022,Kochi,ST202,2026-05-15,Ops-E,Complete,Complete,Passed,Ready,Ready,Complete,734,497,100,147.7,Capacity,Go-Live Ready,-67
LCH12023,Kolkata,ST146,2025-08-22,Ops-E,Complete,Complete,Passed,Ready,Ready,Complete,1108,379,100,292.3,Capacity,Go-Live Ready,-333
LCH12024,Pune,ST166,2025-11-10,Ops-C,Complete,Complete,Passed,Ready,Ready,Complete,649,436,100,148.9,Capacity,Go-Live Ready,-253
LCH12025,Hyderabad,ST703,2025-01-12,Ops-E,Complete,Complete,Passed,Ready,Ready,Complete,729,512,100,142.4,Capacity,Go-Live Ready,-555
LCH12026,Kochi,ST264,2025-07-28,Ops-B,Complete,Complete,Passed,Ready,Ready,Complete,965,918,100,105.1,Capacity,Go-Live Ready,-358
LCH12027,Hyderabad,ST211,2025-01-14,Ops-A,Complete,Complete,Failed,Ready,Ready,Complete,1236,1259,83,98.2,Testing,Delayed,-553
LCH12028,Jaipur,ST438,2026-02-22,Ops-B,Complete,Complete,Passed,Ready,Ready,Complete,1480,1456,100,101.6,Capacity,Go-Live Ready,-149
LCH12029,Mumbai,ST223,2026-03-13,Ops-C,Complete,Complete,Passed,Ready,Ready,Complete,929,465,100,199.8,Capacity,Go-Live Ready,-130
LCH12030,Hyderabad,ST805,2026-01-12,Ops-C,Complete,Complete,Passed,Ready,Ready,Complete,1092,729,100,149.8,Capacity,Go-Live Ready,-190
LCH12031,Mumbai,ST547,2025-01-20,Ops-A,Pending,Complete,Passed,Ready,Ready,Complete,1299,420,83,309.3,Onboarding,Delayed,-547
LCH12032,Chennai,ST711,2025-03-11,Ops-E,Complete,Complete,Passed,Ready,Ready,Complete,414,1497,100,27.7,None,Go-Live Ready,-497
LCH12033,Pune,ST391,2025-07-30,Ops-D,Complete,Complete,Passed,Ready,Ready,Complete,156,630,100,24.8,None,Go-Live Ready,-356
LCH12034,Kochi,ST771,2025-04-11,Ops-C,Complete,Complete,Passed,Ready,Ready,Complete,1586,1391,100,114.0,Capacity,Go-Live Ready,-466
LCH12035,Chennai,ST512,2025-05-12,Ops-A,Complete,Complete,Pending,Ready,Ready,Complete,1379,1461,83,94.4,Testing,Delayed,-435
LCH12036,Chennai,ST715,2026-01-16,Ops-D,Complete,Complete,Passed,Ready,Ready,Complete,1352,1399,100,96.6,None,Go-Live Ready,-186
LCH12037,Ahmedabad,ST997,2025-05-12,Ops-E,Complete,Complete,Passed,Ready,Ready,Complete,844,1474,100,57.3,None,Go-Live Ready,-435
LCH12038,Bengaluru,ST381,2025-01-20,Ops-C,Complete,Complete,Passed,Ready,Pending,Pending,1141,919,67,124.2,Staffing,Delayed,-547
LCH12039,Kolkata,ST143,2026-06-20,Ops-A,Complete,Complete,Pending,Ready,Ready,Complete,1067,336,83,317.6,Testing,Delayed,-31
LCH12040,Mumbai,ST586,2025-08-15,Ops-A,Complete,Complete,Passed,Ready,Ready,Complete,1401,1263,100,110.9,Capacity,Go-Live Ready,-340
LCH12041,Ahmedabad,ST696,2025-06-03,Ops-A,Complete,Complete,Passed,Ready,Pending,Complete,897,1144,83,78.4,Staffing,Delayed,-413
LCH12042,Bengaluru,ST803,2026-04-14,Ops-C,Pending,Complete,Passed,Pending,Ready,Pending,295,1449,50,20.4,Onboarding,Delayed,-98
LCH12043,Kolkata,ST151,2026-02-09,Ops-D,Complete,Complete,Passed,Ready,Pending,Complete,1469,1096,83,134.0,Staffing,Delayed,-162
LCH12044,Mumbai,ST998,2025-07-21,Ops-A,Complete,Complete,Passed,Ready,Ready,Complete,390,585,100,66.7,None,Go-Live Ready,-365
LCH12045,Pune,ST310,2025-02-07,Ops-E,Complete,Complete,Passed,Pending,Ready,Complete,1006,1186,83,84.8,Inventory,Delayed,-529
LCH12046,Kolkata,ST226,2025-07-07,Ops-A,Complete,Complete,Passed,Ready,Ready,Complete,436,519,100,84.0,None,Go-Live Ready,-379
LCH12047,Kochi,ST592,2025-02-26,Ops-D,Complete,Complete,Passed,Pending,Ready,Complete,1101,1330,83,82.8,Inventory,Delayed,-510
LCH12048,Chennai,ST609,2025-01-20,Ops-C,Pending,Complete,Passed,Ready,Ready,Complete,175,515,83,34.0,Onboarding,Delayed,-547
LCH12049,Bengaluru,ST681,2025-09-30,Ops-A,Complete,Complete,Passed,Ready,Ready,Complete,601,980,100,61.3,None,Go-Live Ready,-294
LCH12050,Bengaluru,ST877,2025-04-29,Ops-A,Complete,Complete,Passed,Ready,Ready,Complete,255,592,100,43.1,None,Go-Live Ready,-448
LCH12051,Bengaluru,ST358,2026-05-31,Ops-E,Complete,Complete,Passed,Ready,Ready,Complete,389,342,100,113.7,Capacity,Go-Live Ready,-51
LCH12052,Mumbai,ST288,2025-08-09,Ops-E,Complete,Complete,Passed,Ready,Ready,Complete,1591,1416,100,112.4,Capacity,Go-Live Ready,-346
LCH12053,Kochi,ST330,2026-06-10,Ops-A,Complete,Complete,Passed,Ready,Ready,Complete,481,992,100,48.5,None,Go-Live Ready,-41
LCH12054,Kolkata,ST289,2026-05-30,Ops-A,Complete,Pending,Passed,Ready,Ready,Complete,1061,1258,83,84.3,Tech Setup,Delayed,-52
LCH12055,Chennai,ST515,2025-12-02,Ops-E,Complete,Complete,Passed,Ready,Ready,Complete,1215,413,100,294.2,Capacity,Go-Live Ready,-231
LCH12056,Kochi,ST110,2025-02-24,Ops-D,Complete,Complete,Passed,Ready,Ready,Complete,794,1220,100,65.1,None,Go-Live Ready,-512
LCH12057,Ahmedabad,ST214,2026-05-15,Ops-B,Complete,Complete,Pending,Ready,Ready,Complete,184,1448,83,12.7,Testing,Delayed,-67
LCH12058,Pune,ST176,2026-06-20,Ops-B,Complete,Complete,Passed,Pending,Ready,Complete,1025,1428,83,71.8,Inventory,Delayed,-31
LCH12059,Hyderabad,ST776,2025-06-11,Ops-A,Complete,Pending,Passed,Ready,Ready,Complete,1520,536,83,283.6,Tech Setup,Delayed,-405
LCH12060,Kochi,ST602,2025-06-08,Ops-E,Complete,Complete,Passed,Ready,Pending,Complete,533,952,83,56.0,Staffing,Delayed,-408
LCH12061,Ahmedabad,ST185,2025-07-07,Ops-C,Complete,Complete,Passed,Ready,Ready,Complete,960,457,100,210.1,Capacity,Go-Live Ready,-379
LCH12062,Chennai,ST149,2025-03-01,Ops-C,Complete,Complete,Passed,Ready,Ready,Complete,1461,1207,100,121.0,Capacity,Go-Live Ready,-507
LCH12063,Hyderabad,ST595,2025-11-15,Ops-B,Pending,Complete,Passed,Ready,Ready,Pending,897,1260,67,71.2,Onboarding,Delayed,-248
LCH12064,Hyderabad,ST938,2025-07-30,Ops-D,Complete,Complete,Passed,Ready,Ready,Complete,1108,1152,100,96.2,None,Go-Live Ready,-356
LCH12065,Kochi,ST789,2026-02-10,Ops-B,Complete,Complete,Pending,Ready,Ready,Complete,1206,1440,83,83.8,Testing,Delayed,-161
LCH12066,Bengaluru,ST487,2025-04-19,Ops-A,Complete,Complete,Passed,Ready,Pending,Complete,244,1185,83,20.6,Staffing,Delayed,-458
LCH12067,Delhi NCR,ST489,2025-03-17,Ops-D,Complete,Complete,Passed,Ready,Ready,Complete,1169,359,100,325.6,Capacity,Go-Live Ready,-491
LCH12068,Chennai,ST318,2026-06-26,Ops-C,Complete,Pending,Pending,Ready,Ready,Pending,354,700,50,50.6,Tech Setup,Delayed,-25
LCH12069,Bengaluru,ST801,2025-11-10,Ops-E,Complete,Complete,Pending,Ready,Ready,Complete,983,1127,83,87.2,Testing,Delayed,-253
LCH12070,Chennai,ST446,2025-04-27,Ops-E,Complete,Complete,Passed,Ready,Ready,Complete,179,775,100,23.1,None,Go-Live Ready,-450
LCH12071,Delhi NCR,ST330,2025-01-19,Ops-A,Complete,Pending,Passed,Ready,Ready,Complete,415,954,83,43.5,Tech Setup,Delayed,-548
LCH12072,Pune,ST355,2026-03-08,Ops-B,Complete,Complete,Passed,Ready,Ready,Complete,172,1144,100,15.0,None,Go-Live Ready,-135
LCH12073,Delhi NCR,ST336,2025-12-16,Ops-A,Complete,Complete,Passed,Ready,Ready,Complete,758,1223,100,62.0,None,Go-Live Ready,-217
LCH12074,Jaipur,ST126,2025-07-02,Ops-E,Complete,Complete,Passed,Ready,Ready,Complete,188,937,100,20.1,None,Go-Live Ready,-384
LCH12075,Kochi,ST684,2025-04-23,Ops-C,Complete,Complete,Passed,Pending,Ready,Complete,322,948,83,34.0,Inventory,Delayed,-454
LCH12076,Kochi,ST361,2025-07-02,Ops-E,Complete,Complete,Passed,Ready,Ready,Complete,909,512,100,177.5,Capacity,Go-Live Ready,-384
LCH12077,Ahmedabad,ST866,2026-04-26,Ops-D,Complete,Complete,Passed,Ready,Ready,Complete,1586,1289,100,123.0,Capacity,Go-Live Ready,-86
LCH12078,Bengaluru,ST371,2025-05-26,Ops-E,Complete,Complete,Passed,Ready,Pending,Pending,563,1103,67,51.0,Staffing,Delayed,-421
LCH12079,Ahmedabad,ST223,2025-04-23,Ops-E,Complete,Complete,Passed,Pending,Ready,Complete,841,427,83,197.0,Inventory,Delayed,-454
LCH12080,Jaipur,ST756,2026-04-21,Ops-D,Complete,Complete,Passed,Ready,Ready,Complete,764,1251,100,61.1,None,Go-Live Ready,-91
LCH12081,Delhi NCR,ST357,2025-10-30,Ops-B,Complete,Complete,Passed,Ready,Ready,Complete,358,516,100,69.4,None,Go-Live Ready,-264
LCH12082,Kochi,ST756,2025-04-28,Ops-E,Complete,Complete,Passed,Ready,Ready,Complete,171,1010,100,16.9,None,Go-Live Ready,-449
LCH12083,Mumbai,ST521,2025-06-10,Ops-A,Complete,Complete,Passed,Ready,Ready,Complete,154,319,100,48.3,None,Go-Live Ready,-406
LCH12084,Delhi NCR,ST359,2026-02-05,Ops-E,Pending,Pending,Passed,Ready,Ready,Complete,800,1383,67,57.8,Onboarding,Delayed,-166
LCH12085,Delhi NCR,ST147,2025-07-17,Ops-A,Complete,Complete,Passed,Ready,Ready,Complete,363,974,100,37.3,None,Go-Live Ready,-369
LCH12086,Jaipur,ST963,2025-09-17,Ops-D,Complete,Complete,Passed,Ready,Ready,Complete,1069,1013,100,105.5,Capacity,Go-Live Ready,-307
LCH12087,Pune,ST625,2025-02-16,Ops-E,Complete,Complete,Passed,Ready,Ready,Complete,1056,1038,100,101.7,Capacity,Go-Live Ready,-520
LCH12088,Chennai,ST988,2026-02-03,Ops-D,Complete,Pending,Passed,Ready,Ready,Complete,1312,1452,83,90.4,Tech Setup,Delayed,-168
LCH12089,Jaipur,ST308,2025-03-19,Ops-D,Complete,Pending,Passed,Ready,Ready,Complete,821,856,83,95.9,Tech Setup,Delayed,-489
LCH12090,Chennai,ST411,2025-05-04,Ops-B,Complete,Complete,Passed,Ready,Ready,Complete,816,496,100,164.5,Capacity,Go-Live Ready,-443
LCH12091,Kochi,ST847,2025-03-16,Ops-E,Complete,Pending,Passed,Ready,Ready,Complete,949,1235,83,76.8,Tech Setup,Delayed,-492
LCH12092,Jaipur,ST249,2025-05-17,Ops-A,Complete,Complete,Passed,Ready,Ready,Complete,466,977,100,47.7,None,Go-Live Ready,-430
LCH12093,Chennai,ST934,2026-02-04,Ops-A,Complete,Pending,Passed,Ready,Ready,Complete,942,803,83,117.3,Tech Setup,Delayed,-167
LCH12094,Ahmedabad,ST538,2026-05-20,Ops-E,Complete,Complete,Passed,Ready,Ready,Pending,725,1037,83,69.9,SOP,Delayed,-62
LCH12095,Jaipur,ST255,2026-05-15,Ops-B,Pending,Complete,Passed,Pending,Ready,Complete,1329,1091,67,121.8,Onboarding,Delayed,-67
LCH12096,Kochi,ST778,2025-05-18,Ops-B,Complete,Complete,Passed,Ready,Ready,Pending,1597,496,83,322.0,SOP,Delayed,-429
LCH12097,Jaipur,ST190,2025-02-19,Ops-B,Complete,Complete,Passed,Ready,Ready,Complete,240,1430,100,16.8,None,Go-Live Ready,-517
LCH12098,Kochi,ST798,2025-09-11,Ops-A,Complete,Complete,Passed,Ready,Ready,Complete,1215,1080,100,112.5,Capacity,Go-Live Ready,-313
LCH12099,Jaipur,ST930,2026-03-02,Ops-D,Complete,Complete,Passed,Ready,Pending,Complete,910,1043,83,87.2,Staffing,Delayed,-141
LCH12100,Chennai,ST458,2026-07-01,Ops-B,Complete,Pending,Passed,Pending,Ready,Complete,1468,1483,67,99.0,Tech Setup,Delayed,-20
LCH12101,Pune,ST274,2025-10-29,Ops-A,Complete,Complete,Pending,Ready,Ready,Pending,919,721,67,127.5,Testing,Delayed,-265
LCH12102,Kolkata,ST317,2025-12-15,Ops-A,Complete,Complete,Pending,Ready,Ready,Complete,1510,731,83,206.6,Testing,Delayed,-218
LCH12103,Chennai,ST556,2025-02-18,Ops-D,Complete,Complete,Passed,Pending,Ready,Complete,150,1225,83,12.2,Inventory,Delayed,-518
LCH12104,Bengaluru,ST876,2025-03-15,Ops-E,Complete,Complete,Passed,Ready,Ready,Complete,258,534,100,48.3,None,Go-Live Ready,-493
LCH12105,Hyderabad,ST709,2025-09-18,Ops-E,Complete,Complete,Passed,Ready,Ready,Complete,1077,626,100,172.0,Capacity,Go-Live Ready,-306
LCH12106,Pune,ST729,2025-12-22,Ops-B,Complete,Complete,Pending,Ready,Pending,Complete,1298,1233,67,105.3,Testing,Delayed,-211
LCH12107,Ahmedabad,ST299,2025-09-17,Ops-B,Pending,Complete,Passed,Ready,Ready,Complete,1237,778,83,159.0,Onboarding,Delayed,-307
LCH12108,Delhi NCR,ST932,2025-10-22,Ops-D,Complete,Complete,Passed,Pending,Pending,Complete,355,727,67,48.8,Inventory,Delayed,-272
LCH12109,Chennai,ST586,2025-11-09,Ops-B,Complete,Complete,Passed,Ready,Pending,Complete,1588,965,83,164.6,Staffing,Delayed,-254
LCH12110,Jaipur,ST633,2025-07-01,Ops-D,Complete,Pending,Passed,Pending,Ready,Complete,999,1423,67,70.2,Tech Setup,Delayed,-385
LCH12111,Chennai,ST300,2025-12-30,Ops-A,Complete,Complete,Passed,Pending,Ready,Complete,1417,1430,83,99.1,Inventory,Delayed,-203
LCH12112,Mumbai,ST471,2025-07-07,Ops-B,Complete,Pending,Passed,Ready,Ready,Complete,739,1157,83,63.9,Tech Setup,Delayed,-379
LCH12113,Pune,ST953,2026-06-27,Ops-A,Complete,Complete,Passed,Ready,Ready,Complete,772,941,100,82.0,None,Go-Live Ready,-24
LCH12114,Kolkata,ST548,2026-07-02,Ops-C,Complete,Complete,Passed,Ready,Ready,Complete,1389,1110,100,125.1,Capacity,Go-Live Ready,-19
LCH12115,Ahmedabad,ST348,2026-02-12,Ops-D,Complete,Pending,Pending,Ready,Ready,Complete,1114,1366,67,81.6,Tech Setup,Delayed,-159
LCH12116,Mumbai,ST888,2026-02-18,Ops-C,Complete,Complete,Passed,Ready,Ready,Complete,1114,874,100,127.5,Capacity,Go-Live Ready,-153
LCH12117,Kochi,ST364,2025-12-08,Ops-B,Complete,Complete,Passed,Ready,Ready,Pending,802,1396,83,57.4,SOP,Delayed,-225
LCH12118,Mumbai,ST158,2025-08-08,Ops-A,Complete,Complete,Passed,Ready,Ready,Complete,1553,1318,100,117.8,Capacity,Go-Live Ready,-347
LCH12119,Chennai,ST402,2025-06-12,Ops-B,Complete,Complete,Passed,Pending,Ready,Complete,228,1328,83,17.2,Inventory,Delayed,-404
LCH12120,Ahmedabad,ST131,2025-08-08,Ops-C,Pending,Complete,Passed,Ready,Ready,Complete,564,1102,83,51.2,Onboarding,Delayed,-347
LCH12121,Chennai,ST598,2025-09-27,Ops-B,Complete,Complete,Passed,Ready,Ready,Complete,1322,699,100,189.1,Capacity,Go-Live Ready,-297
LCH12122,Kochi,ST349,2026-02-04,Ops-E,Complete,Pending,Passed,Ready,Pending,Complete,788,894,67,88.1,Tech Setup,Delayed,-167
LCH12123,Delhi NCR,ST705,2025-07-01,Ops-C,Complete,Complete,Passed,Ready,Ready,Complete,940,1430,100,65.7,None,Go-Live Ready,-385
LCH12124,Ahmedabad,ST877,2025-07-24,Ops-B,Complete,Complete,Passed,Ready,Ready,Complete,1211,416,100,291.1,Capacity,Go-Live Ready,-362
LCH12125,Delhi NCR,ST371,2025-08-16,Ops-A,Complete,Complete,Failed,Ready,Ready,Complete,1330,682,83,195.0,Testing,Delayed,-339
LCH12126,Pune,ST706,2025-09-07,Ops-B,Complete,Complete,Passed,Ready,Ready,Complete,482,1158,100,41.6,None,Go-Live Ready,-317
LCH12127,Pune,ST766,2026-03-17,Ops-A,Complete,Pending,Passed,Ready,Ready,Complete,437,381,83,114.7,Tech Setup,Delayed,-126
LCH12128,Delhi NCR,ST494,2026-06-17,Ops-E,Complete,Complete,Passed,Ready,Ready,Pending,1285,1131,83,113.6,SOP,Delayed,-34
LCH12129,Pune,ST897,2025-07-15,Ops-B,Complete,Complete,Passed,Ready,Ready,Complete,1264,1172,100,107.8,Capacity,Go-Live Ready,-371
LCH12130,Ahmedabad,ST602,2026-06-03,Ops-E,Complete,Complete,Passed,Pending,Ready,Complete,1222,952,83,128.4,Inventory,Delayed,-48
LCH12131,Jaipur,ST692,2025-03-11,Ops-C,Complete,Complete,Passed,Ready,Pending,Complete,310,1033,83,30.0,Staffing,Delayed,-497
LCH12132,Bengaluru,ST904,2026-02-03,Ops-A,Complete,Complete,Passed,Ready,Ready,Complete,1575,369,100,426.8,Capacity,Go-Live Ready,-168
LCH12133,Pune,ST184,2025-07-22,Ops-C,Complete,Complete,Passed,Ready,Ready,Complete,469,686,100,68.4,None,Go-Live Ready,-364
LCH12134,Pune,ST465,2025-05-28,Ops-A,Complete,Complete,Passed,Ready,Ready,Complete,1073,823,100,130.4,Capacity,Go-Live Ready,-419
LCH12135,Chennai,ST986,2026-04-17,Ops-E,Complete,Complete,Passed,Ready,Pending,Complete,513,596,83,86.1,Staffing,Delayed,-95
LCH12136,Delhi NCR,ST649,2025-07-18,Ops-D,Complete,Complete,Pending,Pending,Ready,Complete,624,916,67,68.1,Testing,Delayed,-368
LCH12137,Hyderabad,ST442,2026-03-02,Ops-B,Complete,Complete,Passed,Ready,Ready,Pending,1172,1018,83,115.1,SOP,Delayed,-141
LCH12138,Kolkata,ST939,2026-05-07,Ops-E,Complete,Complete,Passed,Ready,Ready,Complete,915,1388,100,65.9,None,Go-Live Ready,-75
LCH12139,Mumbai,ST507,2025-05-22,Ops-A,Complete,Complete,Passed,Ready,Ready,Pending,751,477,83,157.4,SOP,Delayed,-425
LCH12140,Pune,ST525,2025-11-09,Ops-A,Complete,Complete,Passed,Ready,Ready,Complete,461,1331,100,34.6,None,Go-Live Ready,-254
LCH12141,Mumbai,ST844,2025-06-14,Ops-A,Complete,Complete,Passed,Ready,Ready,Complete,738,1482,100,49.8,None,Go-Live Ready,-402
LCH12142,Ahmedabad,ST193,2025-11-10,Ops-A,Complete,Pending,Pending,Ready,Ready,Complete,1393,310,67,449.4,Tech Setup,Delayed,-253
LCH12143,Hyderabad,ST948,2025-01-21,Ops-B,Complete,Complete,Passed,Ready,Pending,Complete,492,1084,83,45.4,Staffing,Delayed,-546
LCH12144,Kolkata,ST714,2025-03-23,Ops-C,Complete,Complete,Passed,Ready,Ready,Pending,1055,710,83,148.6,SOP,Delayed,-485
LCH12145,Delhi NCR,ST512,2025-05-11,Ops-D,Complete,Complete,Passed,Ready,Ready,Complete,1267,1191,100,106.4,Capacity,Go-Live Ready,-436
LCH12146,Bengaluru,ST532,2025-11-01,Ops-B,Complete,Complete,Passed,Ready,Ready,Complete,1306,906,100,144.2,Capacity,Go-Live Ready,-262
LCH12147,Kolkata,ST778,2026-01-06,Ops-A,Complete,Complete,Passed,Ready,Ready,Pending,321,454,83,70.7,SOP,Delayed,-196
LCH12148,Kolkata,ST259,2026-01-19,Ops-B,Complete,Complete,Passed,Pending,Ready,Complete,775,1438,83,53.9,Inventory,Delayed,-183
LCH12149,Bengaluru,ST114,2026-03-21,Ops-E,Complete,Complete,Passed,Ready,Ready,Complete,1182,898,100,131.6,Capacity,Go-Live Ready,-122
LCH12150,Jaipur,ST473,2026-03-01,Ops-A,Complete,Complete,Failed,Ready,Ready,Complete,831,1123,83,74.0,Testing,Delayed,-142
LCH12151,Delhi NCR,ST325,2025-06-10,Ops-D,Pending,Complete,Passed,Ready,Ready,Complete,1494,649,83,230.2,Onboarding,Delayed,-406
LCH12152,Chennai,ST605,2025-06-27,Ops-A,Pending,Complete,Passed,Ready,Ready,Complete,1271,1421,83,89.4,Onboarding,Delayed,-389
LCH12153,Mumbai,ST173,2026-05-05,Ops-D,Complete,Complete,Passed,Ready,Ready,Complete,1342,1242,100,108.1,Capacity,Go-Live Ready,-77
LCH12154,Pune,ST349,2025-11-23,Ops-D,Complete,Complete,Passed,Ready,Ready,Complete,460,318,100,144.7,Capacity,Go-Live Ready,-240
LCH12155,Kolkata,ST611,2025-10-16,Ops-C,Complete,Complete,Passed,Ready,Ready,Complete,1063,612,100,173.7,Capacity,Go-Live Ready,-278
LCH12156,Ahmedabad,ST703,2025-12-20,Ops-C,Complete,Complete,Passed,Ready,Ready,Complete,1516,1226,100,123.7,Capacity,Go-Live Ready,-213
LCH12157,Bengaluru,ST316,2025-01-28,Ops-B,Complete,Complete,Passed,Ready,Ready,Complete,579,827,100,70.0,None,Go-Live Ready,-539
LCH12158,Mumbai,ST702,2025-02-12,Ops-B,Pending,Complete,Passed,Ready,Ready,Complete,1007,856,83,117.6,Onboarding,Delayed,-524
LCH12159,Hyderabad,ST641,2026-02-27,Ops-D,Complete,Complete,Passed,Ready,Ready,Complete,434,744,100,58.3,None,Go-Live Ready,-144
LCH12160,Bengaluru,ST917,2025-06-26,Ops-A,Complete,Complete,Passed,Ready,Ready,Complete,1433,530,100,270.4,Capacity,Go-Live Ready,-390
LCH12161,Hyderabad,ST320,2026-06-13,Ops-E,Complete,Complete,Passed,Ready,Ready,Complete,644,924,100,69.7,None,Go-Live Ready,-38
LCH12162,Delhi NCR,ST940,2026-05-09,Ops-E,Complete,Complete,Failed,Ready,Ready,Complete,504,1310,83,38.5,Testing,Delayed,-73
LCH12163,Kolkata,ST827,2025-07-17,Ops-A,Complete,Complete,Passed,Ready,Ready,Complete,363,1188,100,30.6,None,Go-Live Ready,-369
LCH12164,Ahmedabad,ST321,2026-06-01,Ops-A,Complete,Complete,Passed,Ready,Ready,Complete,966,658,100,146.8,Capacity,Go-Live Ready,-50
LCH12165,Pune,ST489,2026-05-29,Ops-C,Complete,Complete,Passed,Ready,Pending,Complete,349,343,83,101.7,Staffing,Delayed,-53
LCH12166,Hyderabad,ST654,2025-01-22,Ops-E,Complete,Complete,Passed,Ready,Ready,Pending,1409,1176,83,119.8,SOP,Delayed,-545
LCH12167,Mumbai,ST747,2025-04-22,Ops-D,Complete,Complete,Passed,Ready,Ready,Complete,1002,1434,100,69.9,None,Go-Live Ready,-455
LCH12168,Jaipur,ST142,2025-02-26,Ops-B,Complete,Complete,Passed,Ready,Ready,Complete,285,522,100,54.6,None,Go-Live Ready,-510
LCH12169,Delhi NCR,ST776,2025-03-07,Ops-C,Complete,Complete,Pending,Pending,Pending,Complete,1097,1201,50,91.3,Testing,Delayed,-501
LCH12170,Jaipur,ST973,2025-04-08,Ops-E,Complete,Complete,Pending,Pending,Ready,Complete,777,570,67,136.3,Testing,Delayed,-469
LCH12171,Delhi NCR,ST383,2025-05-24,Ops-A,Complete,Complete,Passed,Ready,Ready,Complete,1066,511,100,208.6,Capacity,Go-Live Ready,-423
LCH12172,Chennai,ST158,2026-03-11,Ops-E,Complete,Complete,Passed,Pending,Ready,Complete,1595,546,83,292.1,Inventory,Delayed,-132
LCH12173,Mumbai,ST914,2025-03-27,Ops-D,Complete,Complete,Passed,Ready,Ready,Complete,1514,1247,100,121.4,Capacity,Go-Live Ready,-481
LCH12174,Jaipur,ST934,2025-12-10,Ops-C,Complete,Complete,Passed,Ready,Pending,Complete,491,1120,83,43.8,Staffing,Delayed,-223
LCH12175,Ahmedabad,ST637,2025-10-21,Ops-A,Complete,Pending,Passed,Ready,Ready,Complete,537,371,83,144.7,Tech Setup,Delayed,-273
LCH12176,Kolkata,ST173,2025-08-31,Ops-D,Complete,Complete,Passed,Ready,Ready,Complete,153,594,100,25.8,None,Go-Live Ready,-324
LCH12177,Bengaluru,ST985,2025-02-01,Ops-B,Pending,Complete,Passed,Ready,Ready,Pending,826,470,67,175.7,Onboarding,Delayed,-535
LCH12178,Pune,ST229,2026-01-26,Ops-C,Complete,Complete,Passed,Ready,Ready,Pending,548,545,83,100.6,SOP,Delayed,-176
LCH12179,Kolkata,ST699,2025-10-04,Ops-D,Complete,Complete,Passed,Pending,Ready,Complete,1595,1464,83,108.9,Inventory,Delayed,-290
LCH12180,Kolkata,ST942,2026-06-16,Ops-D,Complete,Complete,Passed,Ready,Ready,Complete,560,916,100,61.1,None,Go-Live Ready,-35
LCH12181,Delhi NCR,ST526,2025-06-03,Ops-A,Complete,Complete,Passed,Ready,Ready,Complete,362,539,100,67.2,None,Go-Live Ready,-413
LCH12182,Ahmedabad,ST765,2026-01-18,Ops-B,Complete,Complete,Passed,Pending,Ready,Complete,709,610,83,116.2,Inventory,Delayed,-184
LCH12183,Delhi NCR,ST794,2025-03-09,Ops-D,Complete,Complete,Passed,Ready,Ready,Complete,707,697,100,101.4,Capacity,Go-Live Ready,-499
LCH12184,Kochi,ST225,2025-08-02,Ops-C,Complete,Complete,Passed,Ready,Ready,Complete,707,1222,100,57.9,None,Go-Live Ready,-353
LCH12185,Hyderabad,ST167,2026-01-11,Ops-D,Complete,Pending,Passed,Ready,Ready,Complete,1221,1091,83,111.9,Tech Setup,Delayed,-191
LCH12186,Pune,ST106,2025-08-01,Ops-E,Complete,Complete,Passed,Ready,Pending,Complete,1360,321,83,423.7,Staffing,Delayed,-354
LCH12187,Hyderabad,ST737,2025-03-20,Ops-C,Complete,Pending,Passed,Ready,Ready,Complete,651,1401,83,46.5,Tech Setup,Delayed,-488
LCH12188,Bengaluru,ST414,2026-01-16,Ops-C,Complete,Complete,Passed,Ready,Ready,Complete,793,1112,100,71.3,None,Go-Live Ready,-186
LCH12189,Kochi,ST426,2025-02-27,Ops-D,Complete,Complete,Passed,Ready,Ready,Complete,680,1203,100,56.5,None,Go-Live Ready,-509
LCH12190,Mumbai,ST665,2025-01-26,Ops-A,Complete,Complete,Passed,Ready,Ready,Complete,1102,1131,100,97.4,None,Go-Live Ready,-541
LCH12191,Bengaluru,ST678,2026-03-23,Ops-C,Complete,Pending,Passed,Ready,Ready,Complete,936,1344,83,69.6,Tech Setup,Delayed,-120
LCH12192,Bengaluru,ST926,2025-03-07,Ops-E,Pending,Complete,Failed,Ready,Ready,Pending,624,806,50,77.4,Onboarding,Delayed,-501
LCH12193,Chennai,ST606,2025-09-11,Ops-A,Complete,Complete,Passed,Ready,Ready,Complete,191,459,100,41.6,None,Go-Live Ready,-313
LCH12194,Pune,ST182,2025-02-13,Ops-A,Complete,Complete,Pending,Ready,Ready,Complete,753,1043,83,72.2,Testing,Delayed,-523
LCH12195,Delhi NCR,ST699,2025-04-07,Ops-A,Complete,Complete,Pending,Pending,Pending,Complete,1434,1112,50,129.0,Testing,Delayed,-470
LCH12196,Ahmedabad,ST102,2025-08-15,Ops-C,Complete,Complete,Passed,Ready,Ready,Complete,197,479,100,41.1,None,Go-Live Ready,-340
LCH12197,Hyderabad,ST304,2026-03-12,Ops-A,Complete,Pending,Passed,Ready,Pending,Complete,877,512,67,171.3,Tech Setup,Delayed,-131
LCH12198,Bengaluru,ST762,2026-01-14,Ops-D,Complete,Complete,Passed,Pending,Ready,Complete,370,829,83,44.6,Inventory,Delayed,-188
LCH12199,Hyderabad,ST905,2025-06-27,Ops-A,Complete,Complete,Passed,Ready,Ready,Complete,1089,326,100,334.0,Capacity,Go-Live Ready,-389
LCH12200,Hyderabad,ST504,2026-03-03,Ops-E,Complete,Complete,Passed,Ready,Ready,Complete,492,1238,100,39.7,None,Go-Live Ready,-140
LCH12201,Mumbai,ST203,2025-11-03,Ops-B,Complete,Complete,Passed,Ready,Ready,Complete,1411,1169,100,120.7,Capacity,Go-Live Ready,-260
LCH12202,Pune,ST636,2026-05-19,Ops-E,Complete,Complete,Passed,Ready,Ready,Complete,304,737,100,41.2,None,Go-Live Ready,-63
LCH12203,Pune,ST468,2025-09-25,Ops-C,Complete,Complete,Passed,Ready,Ready,Complete,1087,584,100,186.1,Capacity,Go-Live Ready,-299
LCH12204,Jaipur,ST312,2025-01-08,Ops-A,Complete,Complete,Passed,Ready,Ready,Complete,990,960,100,103.1,Capacity,Go-Live Ready,-559
LCH12205,Kolkata,ST677,2026-05-23,Ops-A,Complete,Complete,Pending,Ready,Ready,Complete,1229,948,83,129.6,Testing,Delayed,-59
LCH12206,Pune,ST309,2026-04-21,Ops-D,Pending,Complete,Passed,Ready,Ready,Complete,536,488,83,109.8,Onboarding,Delayed,-91
LCH12207,Hyderabad,ST863,2025-10-24,Ops-A,Complete,Complete,Passed,Pending,Ready,Complete,1043,1425,83,73.2,Inventory,Delayed,-270
LCH12208,Delhi NCR,ST997,2025-06-13,Ops-E,Complete,Complete,Passed,Ready,Ready,Complete,1488,778,100,191.3,Capacity,Go-Live Ready,-403
LCH12209,Hyderabad,ST217,2026-04-30,Ops-C,Complete,Complete,Passed,Ready,Ready,Complete,187,902,100,20.7,None,Go-Live Ready,-82
LCH12210,Delhi NCR,ST728,2025-03-13,Ops-B,Complete,Complete,Passed,Ready,Ready,Complete,1514,1314,100,115.2,Capacity,Go-Live Ready,-495
LCH12211,Jaipur,ST849,2025-08-26,Ops-A,Pending,Complete,Pending,Ready,Ready,Complete,1000,816,67,122.5,Onboarding,Delayed,-329
LCH12212,Delhi NCR,ST578,2025-04-14,Ops-B,Complete,Complete,Passed,Ready,Ready,Pending,878,1215,83,72.3,SOP,Delayed,-463
LCH12213,Pune,ST205,2025-07-29,Ops-A,Complete,Complete,Pending,Pending,Ready,Complete,380,529,67,71.8,Testing,Delayed,-357
LCH12214,Mumbai,ST595,2026-04-13,Ops-C,Complete,Complete,Passed,Pending,Ready,Complete,601,1168,83,51.5,Inventory,Delayed,-99
LCH12215,Delhi NCR,ST871,2026-03-30,Ops-E,Complete,Complete,Passed,Ready,Ready,Complete,1515,1437,100,105.4,Capacity,Go-Live Ready,-113
LCH12216,Hyderabad,ST146,2025-09-25,Ops-C,Complete,Complete,Passed,Ready,Ready,Complete,406,1058,100,38.4,None,Go-Live Ready,-299
LCH12217,Ahmedabad,ST923,2026-01-21,Ops-B,Complete,Complete,Passed,Ready,Ready,Complete,583,333,100,175.1,Capacity,Go-Live Ready,-181
LCH12218,Pune,ST431,2026-01-22,Ops-A,Complete,Complete,Pending,Pending,Pending,Complete,358,595,50,60.2,Testing,Delayed,-180
LCH12219,Ahmedabad,ST316,2025-09-16,Ops-B,Complete,Complete,Passed,Ready,Ready,Complete,1374,752,100,182.7,Capacity,Go-Live Ready,-308
LCH12220,Kochi,ST592,2025-10-10,Ops-E,Pending,Complete,Passed,Ready,Ready,Complete,286,1450,83,19.7,Onboarding,Delayed,-284
LCH12221,Kochi,ST913,2025-02-09,Ops-C,Complete,Complete,Passed,Ready,Ready,Complete,714,441,100,161.9,Capacity,Go-Live Ready,-527
LCH12222,Hyderabad,ST945,2026-05-01,Ops-B,Complete,Pending,Passed,Ready,Ready,Complete,1005,947,83,106.1,Tech Setup,Delayed,-81
LCH12223,Kochi,ST549,2025-08-08,Ops-B,Complete,Complete,Passed,Pending,Ready,Complete,1567,427,83,367.0,Inventory,Delayed,-347
LCH12224,Kolkata,ST636,2025-05-09,Ops-E,Complete,Complete,Passed,Ready,Ready,Complete,870,1134,100,76.7,None,Go-Live Ready,-438
LCH12225,Jaipur,ST611,2026-06-04,Ops-A,Complete,Complete,Passed,Ready,Ready,Complete,994,1224,100,81.2,None,Go-Live Ready,-47
LCH12226,Pune,ST558,2025-09-17,Ops-B,Complete,Complete,Passed,Ready,Ready,Pending,185,1029,83,18.0,SOP,Delayed,-307
LCH12227,Ahmedabad,ST647,2026-01-01,Ops-E,Complete,Complete,Passed,Ready,Ready,Complete,1388,762,100,182.2,Capacity,Go-Live Ready,-201
LCH12228,Hyderabad,ST636,2026-06-28,Ops-A,Complete,Complete,Passed,Ready,Ready,Complete,176,863,100,20.4,None,Go-Live Ready,-23
LCH12229,Kolkata,ST640,2026-06-08,Ops-A,Pending,Complete,Passed,Ready,Pending,Complete,167,813,67,20.5,Onboarding,Delayed,-43
LCH12230,Hyderabad,ST584,2025-01-16,Ops-C,Complete,Complete,Pending,Ready,Ready,Complete,779,300,83,259.7,Testing,Delayed,-551
LCH12231,Kolkata,ST116,2025-05-09,Ops-E,Complete,Complete,Passed,Ready,Ready,Complete,1310,1378,100,95.1,None,Go-Live Ready,-438
LCH12232,Kochi,ST671,2025-04-19,Ops-A,Complete,Complete,Passed,Ready,Ready,Complete,728,637,100,114.3,Capacity,Go-Live Ready,-458
LCH12233,Kochi,ST343,2026-06-17,Ops-C,Complete,Complete,Pending,Ready,Ready,Complete,1052,1207,83,87.2,Testing,Delayed,-34
LCH12234,Delhi NCR,ST307,2025-09-26,Ops-D,Complete,Complete,Passed,Pending,Ready,Complete,1124,1117,83,100.6,Inventory,Delayed,-298
LCH12235,Chennai,ST371,2025-06-11,Ops-E,Complete,Complete,Passed,Ready,Pending,Complete,1203,1333,83,90.2,Staffing,Delayed,-405
LCH12236,Hyderabad,ST861,2025-09-17,Ops-D,Complete,Complete,Passed,Ready,Ready,Complete,1246,1427,100,87.3,None,Go-Live Ready,-307
LCH12237,Delhi NCR,ST879,2025-04-12,Ops-A,Complete,Complete,Passed,Ready,Ready,Complete,272,644,100,42.2,None,Go-Live Ready,-465
LCH12238,Pune,ST805,2026-05-21,Ops-E,Complete,Pending,Passed,Ready,Pending,Complete,1106,1276,67,86.7,Tech Setup,Delayed,-61
LCH12239,Delhi NCR,ST947,2025-09-04,Ops-C,Complete,Complete,Passed,Pending,Ready,Complete,1150,1182,83,97.3,Inventory,Delayed,-320
LCH12240,Bengaluru,ST830,2026-06-21,Ops-A,Complete,Complete,Passed,Ready,Ready,Complete,1136,497,100,228.6,Capacity,Go-Live Ready,-30
LCH12241,Kochi,ST215,2025-05-11,Ops-E,Complete,Complete,Passed,Ready,Ready,Complete,1401,1337,100,104.8,Capacity,Go-Live Ready,-436
LCH12242,Bengaluru,ST680,2025-12-19,Ops-E,Complete,Complete,Passed,Ready,Ready,Complete,487,1171,100,41.6,None,Go-Live Ready,-214
LCH12243,Hyderabad,ST399,2025-07-15,Ops-D,Complete,Pending,Passed,Ready,Ready,Complete,1140,841,83,135.6,Tech Setup,Delayed,-371
LCH12244,Ahmedabad,ST937,2026-01-17,Ops-A,Complete,Complete,Passed,Ready,Pending,Complete,422,756,83,55.8,Staffing,Delayed,-185
LCH12245,Ahmedabad,ST583,2025-08-15,Ops-C,Complete,Complete,Passed,Ready,Ready,Complete,1051,1049,100,100.2,Capacity,Go-Live Ready,-340
LCH12246,Pune,ST497,2026-04-21,Ops-C,Complete,Complete,Passed,Ready,Ready,Complete,188,665,100,28.3,None,Go-Live Ready,-91
LCH12247,Delhi NCR,ST494,2026-04-22,Ops-A,Complete,Complete,Passed,Ready,Ready,Complete,831,700,100,118.7,Capacity,Go-Live Ready,-90
LCH12248,Ahmedabad,ST175,2025-09-22,Ops-A,Complete,Complete,Passed,Ready,Ready,Complete,575,873,100,65.9,None,Go-Live Ready,-302
LCH12249,Kolkata,ST582,2026-01-07,Ops-B,Complete,Complete,Pending,Ready,Ready,Complete,464,781,83,59.4,Testing,Delayed,-195
LCH12250,Kolkata,ST203,2026-05-01,Ops-D,Pending,Pending,Pending,Pending,Ready,Complete,763,409,33,186.6,Onboarding,Delayed,-81
LCH12251,Pune,ST397,2026-03-10,Ops-A,Complete,Complete,Passed,Pending,Ready,Pending,904,1318,67,68.6,Inventory,Delayed,-133
LCH12252,Jaipur,ST278,2025-07-30,Ops-A,Complete,Complete,Passed,Ready,Ready,Complete,306,705,100,43.4,None,Go-Live Ready,-356
LCH12253,Kochi,ST315,2026-01-12,Ops-B,Complete,Complete,Passed,Ready,Ready,Complete,1021,608,100,167.9,Capacity,Go-Live Ready,-190
LCH12254,Delhi NCR,ST415,2026-01-30,Ops-B,Pending,Complete,Pending,Ready,Ready,Complete,926,459,67,201.7,Onboarding,Delayed,-172
LCH12255,Hyderabad,ST139,2026-03-26,Ops-E,Complete,Complete,Passed,Ready,Ready,Complete,406,1143,100,35.5,None,Go-Live Ready,-117
LCH12256,Mumbai,ST359,2025-12-30,Ops-C,Complete,Complete,Passed,Ready,Ready,Complete,1004,354,100,283.6,Capacity,Go-Live Ready,-203
LCH12257,Mumbai,ST816,2026-04-02,Ops-D,Complete,Complete,Passed,Ready,Ready,Complete,784,1060,100,74.0,None,Go-Live Ready,-110
LCH12258,Mumbai,ST107,2025-08-14,Ops-E,Complete,Complete,Passed,Ready,Ready,Complete,605,555,100,109.0,Capacity,Go-Live Ready,-341
LCH12259,Ahmedabad,ST149,2025-05-11,Ops-A,Pending,Complete,Passed,Ready,Ready,Complete,196,833,83,23.5,Onboarding,Delayed,-436
LCH12260,Jaipur,ST638,2026-04-21,Ops-B,Complete,Complete,Passed,Ready,Ready,Complete,1505,721,100,208.7,Capacity,Go-Live Ready,-91
LCH12261,Jaipur,ST261,2025-10-04,Ops-C,Complete,Pending,Passed,Ready,Ready,Complete,159,1245,83,12.8,Tech Setup,Delayed,-290
LCH12262,Delhi NCR,ST969,2025-06-05,Ops-E,Complete,Complete,Passed,Ready,Ready,Complete,293,1261,100,23.2,None,Go-Live Ready,-411
LCH12263,Delhi NCR,ST276,2025-08-06,Ops-C,Complete,Complete,Passed,Ready,Ready,Complete,1325,1112,100,119.2,Capacity,Go-Live Ready,-349
LCH12264,Jaipur,ST691,2025-07-09,Ops-B,Complete,Complete,Passed,Ready,Ready,Complete,636,1186,100,53.6,None,Go-Live Ready,-377
LCH12265,Pune,ST102,2026-02-21,Ops-E,Complete,Complete,Passed,Ready,Ready,Complete,1309,563,100,232.5,Capacity,Go-Live Ready,-150
LCH12266,Delhi NCR,ST995,2026-06-30,Ops-E,Complete,Complete,Passed,Ready,Ready,Complete,1199,1047,100,114.5,Capacity,Go-Live Ready,-21
LCH12267,Pune,ST555,2025-02-10,Ops-C,Complete,Complete,Passed,Ready,Ready,Complete,1180,1132,100,104.2,Capacity,Go-Live Ready,-526
LCH12268,Bengaluru,ST744,2025-11-03,Ops-B,Complete,Pending,Passed,Ready,Ready,Complete,740,532,83,139.1,Tech Setup,Delayed,-260
LCH12269,Kolkata,ST376,2025-12-04,Ops-A,Complete,Complete,Passed,Ready,Ready,Pending,1188,979,83,121.3,SOP,Delayed,-229
LCH12270,Kochi,ST598,2025-11-10,Ops-E,Complete,Pending,Passed,Ready,Ready,Complete,1048,532,83,197.0,Tech Setup,Delayed,-253
LCH12271,Delhi NCR,ST729,2025-03-16,Ops-A,Complete,Complete,Passed,Ready,Ready,Pending,1573,1368,83,115.0,SOP,Delayed,-492
LCH12272,Jaipur,ST776,2025-10-06,Ops-B,Complete,Complete,Passed,Ready,Ready,Complete,356,857,100,41.5,None,Go-Live Ready,-288
LCH12273,Kolkata,ST900,2025-06-25,Ops-E,Complete,Complete,Passed,Ready,Ready,Complete,1059,1212,100,87.4,None,Go-Live Ready,-391
LCH12274,Kolkata,ST128,2025-09-30,Ops-E,Complete,Complete,Passed,Ready,Ready,Complete,1389,980,100,141.7,Capacity,Go-Live Ready,-294
LCH12275,Chennai,ST433,2025-10-16,Ops-A,Complete,Complete,Passed,Ready,Ready,Complete,408,634,100,64.4,None,Go-Live Ready,-278
LCH12276,Jaipur,ST101,2025-09-29,Ops-D,Complete,Complete,Passed,Ready,Ready,Complete,1502,703,100,213.7,Capacity,Go-Live Ready,-295
LCH12277,Kochi,ST288,2025-03-07,Ops-A,Complete,Complete,Passed,Ready,Ready,Complete,603,1487,100,40.6,None,Go-Live Ready,-501
LCH12278,Jaipur,ST156,2026-04-28,Ops-A,Complete,Complete,Passed,Ready,Pending,Complete,948,555,83,170.8,Staffing,Delayed,-84
LCH12279,Delhi NCR,ST647,2025-09-05,Ops-D,Complete,Complete,Passed,Ready,Ready,Complete,524,1389,100,37.7,None,Go-Live Ready,-319
LCH12280,Hyderabad,ST212,2025-06-05,Ops-B,Pending,Complete,Passed,Ready,Pending,Complete,613,1319,67,46.5,Onboarding,Delayed,-411
LCH12281,Bengaluru,ST898,2025-02-16,Ops-B,Complete,Complete,Passed,Ready,Ready,Pending,224,1240,83,18.1,SOP,Delayed,-520
LCH12282,Pune,ST410,2026-03-30,Ops-E,Pending,Complete,Passed,Ready,Ready,Complete,391,1071,83,36.5,Onboarding,Delayed,-113
LCH12283,Hyderabad,ST136,2025-07-20,Ops-C,Complete,Complete,Passed,Ready,Ready,Complete,1190,1245,100,95.6,None,Go-Live Ready,-366
LCH12284,Bengaluru,ST539,2025-05-04,Ops-C,Complete,Complete,Pending,Ready,Ready,Complete,1432,1411,83,101.5,Testing,Delayed,-443
LCH12285,Hyderabad,ST829,2025-01-01,Ops-E,Complete,Complete,Pending,Ready,Ready,Pending,272,610,67,44.6,Testing,Delayed,-566
LCH12286,Pune,ST692,2025-07-10,Ops-C,Complete,Complete,Passed,Ready,Ready,Complete,1484,981,100,151.3,Capacity,Go-Live Ready,-376
LCH12287,Ahmedabad,ST926,2026-05-31,Ops-A,Complete,Pending,Passed,Ready,Ready,Pending,260,428,67,60.7,Tech Setup,Delayed,-51
LCH12288,Jaipur,ST695,2026-03-18,Ops-A,Complete,Complete,Passed,Ready,Ready,Complete,1429,1080,100,132.3,Capacity,Go-Live Ready,-125
LCH12289,Hyderabad,ST677,2025-05-23,Ops-D,Complete,Pending,Passed,Ready,Ready,Complete,383,625,83,61.3,Tech Setup,Delayed,-424
LCH12290,Delhi NCR,ST425,2025-07-10,Ops-D,Complete,Complete,Passed,Ready,Pending,Complete,1117,1089,83,102.6,Staffing,Delayed,-376
LCH12291,Kochi,ST740,2026-06-17,Ops-E,Complete,Complete,Passed,Ready,Ready,Complete,646,316,100,204.4,Capacity,Go-Live Ready,-34
LCH12292,Mumbai,ST407,2025-08-15,Ops-E,Complete,Complete,Pending,Ready,Ready,Complete,1213,998,83,121.5,Testing,Delayed,-340
LCH12293,Delhi NCR,ST634,2025-11-09,Ops-E,Complete,Complete,Passed,Ready,Ready,Complete,1295,1308,100,99.0,None,Go-Live Ready,-254
LCH12294,Pune,ST828,2025-10-29,Ops-A,Complete,Pending,Passed,Ready,Ready,Complete,876,641,83,136.7,Tech Setup,Delayed,-265
LCH12295,Kochi,ST719,2026-04-05,Ops-C,Complete,Complete,Passed,Ready,Ready,Complete,241,1302,100,18.5,None,Go-Live Ready,-107
LCH12296,Delhi NCR,ST209,2026-02-05,Ops-E,Complete,Complete,Passed,Ready,Ready,Complete,1534,1137,100,134.9,Capacity,Go-Live Ready,-166
LCH12297,Kolkata,ST472,2026-01-28,Ops-E,Complete,Complete,Pending,Ready,Ready,Complete,1296,927,83,139.8,Testing,Delayed,-174
LCH12298,Jaipur,ST457,2025-07-26,Ops-A,Complete,Complete,Passed,Pending,Ready,Complete,486,1070,83,45.4,Inventory,Delayed,-360
LCH12299,Kochi,ST281,2025-07-29,Ops-A,Complete,Complete,Passed,Ready,Ready,Complete,662,1177,100,56.2,None,Go-Live Ready,-357
LCH12300,Kolkata,ST456,2025-04-25,Ops-A,Complete,Complete,Passed,Ready,Ready,Complete,752,1009,100,74.5,None,Go-Live Ready,-452
LCH12301,Delhi NCR,ST776,2025-09-08,Ops-C,Complete,Complete,Passed,Ready,Pending,Pending,577,1148,67,50.3,Staffing,Delayed,-316
LCH12302,Bengaluru,ST168,2025-08-07,Ops-E,Complete,Pending,Passed,Pending,Pending,Complete,156,1038,50,15.0,Tech Setup,Delayed,-348
LCH12303,Chennai,ST392,2026-02-11,Ops-B,Complete,Complete,Passed,Pending,Ready,Complete,269,476,83,56.5,Inventory,Delayed,-160
LCH12304,Bengaluru,ST792,2026-03-19,Ops-B,Complete,Complete,Passed,Ready,Ready,Complete,536,1245,100,43.1,None,Go-Live Ready,-124
LCH12305,Jaipur,ST281,2025-12-20,Ops-E,Complete,Complete,Passed,Ready,Ready,Complete,1523,656,100,232.2,Capacity,Go-Live Ready,-213
LCH12306,Kochi,ST566,2026-07-04,Ops-E,Complete,Complete,Passed,Ready,Ready,Complete,790,794,100,99.5,None,Go-Live Ready,-17
LCH12307,Kochi,ST534,2025-05-22,Ops-E,Complete,Pending,Passed,Ready,Ready,Complete,1271,334,83,380.5,Tech Setup,Delayed,-425
LCH12308,Jaipur,ST564,2026-05-16,Ops-E,Complete,Complete,Pending,Ready,Ready,Complete,1216,1117,83,108.9,Testing,Delayed,-66
LCH12309,Kolkata,ST781,2026-07-01,Ops-C,Complete,Complete,Passed,Ready,Ready,Complete,332,309,100,107.4,Capacity,Go-Live Ready,-20
LCH12310,Chennai,ST634,2026-06-26,Ops-B,Pending,Complete,Passed,Ready,Ready,Complete,846,1285,83,65.8,Onboarding,Delayed,-25
LCH12311,Delhi NCR,ST166,2026-05-22,Ops-D,Complete,Complete,Failed,Ready,Ready,Complete,714,830,83,86.0,Testing,Delayed,-60
LCH12312,Pune,ST121,2025-10-08,Ops-B,Complete,Complete,Pending,Ready,Ready,Pending,1408,394,67,357.4,Testing,Delayed,-286
LCH12313,Bengaluru,ST712,2026-02-28,Ops-B,Complete,Complete,Passed,Ready,Ready,Pending,595,875,83,68.0,SOP,Delayed,-143
LCH12314,Bengaluru,ST484,2025-09-27,Ops-A,Complete,Complete,Passed,Ready,Ready,Complete,349,749,100,46.6,None,Go-Live Ready,-297
LCH12315,Mumbai,ST912,2025-06-03,Ops-E,Complete,Complete,Passed,Ready,Ready,Complete,1097,1317,100,83.3,None,Go-Live Ready,-413
LCH12316,Chennai,ST715,2025-03-24,Ops-E,Complete,Complete,Passed,Ready,Ready,Complete,662,395,100,167.6,Capacity,Go-Live Ready,-484
LCH12317,Pune,ST659,2026-03-02,Ops-E,Complete,Complete,Passed,Ready,Ready,Complete,1139,1164,100,97.9,None,Go-Live Ready,-141
LCH12318,Bengaluru,ST139,2025-10-02,Ops-A,Complete,Complete,Passed,Ready,Ready,Complete,362,968,100,37.4,None,Go-Live Ready,-292
LCH12319,Pune,ST385,2025-10-11,Ops-C,Complete,Complete,Passed,Ready,Ready,Complete,1551,506,100,306.5,Capacity,Go-Live Ready,-283
LCH12320,Delhi NCR,ST922,2025-06-22,Ops-C,Complete,Complete,Passed,Ready,Ready,Complete,695,1149,100,60.5,None,Go-Live Ready,-394
LCH12321,Kochi,ST702,2025-11-23,Ops-D,Complete,Complete,Failed,Ready,Ready,Complete,635,545,83,116.5,Testing,Delayed,-240
LCH12322,Pune,ST697,2025-03-04,Ops-C,Pending,Complete,Passed,Ready,Ready,Complete,1534,1183,83,129.7,Onboarding,Delayed,-504
LCH12323,Bengaluru,ST885,2025-03-14,Ops-C,Complete,Pending,Passed,Ready,Ready,Complete,317,382,83,83.0,Tech Setup,Delayed,-494
LCH12324,Kolkata,ST436,2026-01-10,Ops-E,Complete,Complete,Passed,Pending,Ready,Complete,1039,616,83,168.7,Inventory,Delayed,-192
LCH12325,Chennai,ST288,2026-05-23,Ops-B,Complete,Complete,Failed,Ready,Ready,Complete,1080,944,83,114.4,Testing,Delayed,-59
LCH12326,Jaipur,ST771,2026-02-02,Ops-C,Complete,Complete,Passed,Ready,Pending,Pending,1577,1428,67,110.4,Staffing,Delayed,-169
LCH12327,Hyderabad,ST343,2025-04-30,Ops-C,Complete,Complete,Passed,Ready,Ready,Complete,977,669,100,146.0,Capacity,Go-Live Ready,-447
LCH12328,Ahmedabad,ST173,2026-03-13,Ops-A,Complete,Complete,Pending,Ready,Ready,Complete,286,1048,83,27.3,Testing,Delayed,-130
LCH12329,Ahmedabad,ST579,2026-04-10,Ops-D,Complete,Pending,Passed,Pending,Ready,Complete,1406,929,67,151.3,Tech Setup,Delayed,-102
LCH12330,Hyderabad,ST661,2025-10-13,Ops-A,Complete,Complete,Passed,Ready,Ready,Complete,264,479,100,55.1,None,Go-Live Ready,-281
LCH12331,Pune,ST201,2025-09-22,Ops-E,Complete,Complete,Pending,Ready,Ready,Complete,1425,901,83,158.2,Testing,Delayed,-302
LCH12332,Chennai,ST614,2025-11-16,Ops-B,Complete,Complete,Failed,Ready,Ready,Complete,1462,899,83,162.6,Testing,Delayed,-247
LCH12333,Pune,ST856,2026-01-11,Ops-D,Complete,Complete,Passed,Ready,Ready,Complete,1222,1406,100,86.9,None,Go-Live Ready,-191
LCH12334,Jaipur,ST276,2025-03-30,Ops-A,Complete,Complete,Passed,Ready,Ready,Complete,665,1140,100,58.3,None,Go-Live Ready,-478
LCH12335,Chennai,ST338,2025-07-22,Ops-C,Complete,Complete,Passed,Ready,Ready,Complete,837,647,100,129.4,Capacity,Go-Live Ready,-364
LCH12336,Hyderabad,ST159,2025-11-30,Ops-C,Complete,Complete,Passed,Ready,Ready,Complete,1169,630,100,185.6,Capacity,Go-Live Ready,-233
LCH12337,Pune,ST965,2025-08-10,Ops-D,Complete,Complete,Passed,Pending,Ready,Complete,1445,909,83,159.0,Inventory,Delayed,-345
LCH12338,Mumbai,ST199,2025-02-10,Ops-C,Complete,Complete,Passed,Ready,Ready,Complete,1199,1043,100,115.0,Capacity,Go-Live Ready,-526
LCH12339,Bengaluru,ST971,2025-03-09,Ops-A,Complete,Complete,Passed,Pending,Ready,Complete,1243,868,83,143.2,Inventory,Delayed,-499
LCH12340,Kolkata,ST595,2026-05-29,Ops-A,Complete,Complete,Passed,Ready,Ready,Pending,442,688,83,64.2,SOP,Delayed,-53
LCH12341,Kochi,ST614,2025-05-07,Ops-C,Complete,Complete,Passed,Ready,Pending,Complete,1579,1270,83,124.3,Staffing,Delayed,-440
LCH12342,Kolkata,ST855,2025-09-12,Ops-C,Complete,Complete,Passed,Pending,Ready,Complete,1407,1046,83,134.5,Inventory,Delayed,-312
LCH12343,Jaipur,ST397,2025-01-16,Ops-E,Complete,Complete,Passed,Pending,Ready,Complete,380,436,83,87.2,Inventory,Delayed,-551
LCH12344,Pune,ST311,2026-04-22,Ops-B,Pending,Complete,Passed,Ready,Ready,Complete,1436,581,83,247.2,Onboarding,Delayed,-90
LCH12345,Delhi NCR,ST223,2025-03-03,Ops-D,Complete,Complete,Passed,Ready,Ready,Complete,1087,1318,100,82.5,None,Go-Live Ready,-505
LCH12346,Chennai,ST329,2026-03-08,Ops-A,Complete,Complete,Passed,Ready,Ready,Complete,1294,1043,100,124.1,Capacity,Go-Live Ready,-135
LCH12347,Pune,ST694,2025-09-25,Ops-D,Complete,Complete,Passed,Ready,Ready,Complete,667,830,100,80.4,None,Go-Live Ready,-299
LCH12348,Chennai,ST756,2025-02-04,Ops-E,Complete,Complete,Passed,Ready,Ready,Complete,1197,315,100,380.0,Capacity,Go-Live Ready,-532
LCH12349,Kochi,ST488,2026-05-09,Ops-A,Complete,Complete,Passed,Ready,Ready,Complete,855,1304,100,65.6,None,Go-Live Ready,-73
LCH12350,Mumbai,ST240,2026-04-14,Ops-E,Complete,Complete,Passed,Ready,Pending,Pending,526,867,67,60.7,Staffing,Delayed,-98
LCH12351,Kolkata,ST641,2025-11-21,Ops-E,Complete,Complete,Passed,Ready,Ready,Complete,586,1437,100,40.8,None,Go-Live Ready,-242
LCH12352,Bengaluru,ST491,2025-10-31,Ops-C,Complete,Complete,Passed,Ready,Ready,Complete,1002,1391,100,72.0,None,Go-Live Ready,-263
LCH12353,Kochi,ST370,2025-10-03,Ops-D,Complete,Complete,Passed,Ready,Ready,Complete,1119,329,100,340.1,Capacity,Go-Live Ready,-291
LCH12354,Kochi,ST859,2025-07-20,Ops-D,Complete,Complete,Failed,Ready,Ready,Complete,648,963,83,67.3,Testing,Delayed,-366
LCH12355,Kolkata,ST112,2026-03-21,Ops-C,Complete,Complete,Passed,Ready,Ready,Complete,1347,1298,100,103.8,Capacity,Go-Live Ready,-122
LCH12356,Kochi,ST967,2025-11-20,Ops-D,Complete,Complete,Passed,Ready,Ready,Complete,749,1174,100,63.8,None,Go-Live Ready,-243
LCH12357,Delhi NCR,ST489,2025-02-04,Ops-C,Complete,Complete,Passed,Ready,Ready,Complete,927,321,100,288.8,Capacity,Go-Live Ready,-532
LCH12358,Delhi NCR,ST437,2026-04-27,Ops-A,Complete,Complete,Passed,Ready,Ready,Complete,1483,1353,100,109.6,Capacity,Go-Live Ready,-85
LCH12359,Ahmedabad,ST606,2026-04-25,Ops-E,Complete,Complete,Passed,Ready,Ready,Complete,219,1255,100,17.5,None,Go-Live Ready,-87
LCH12360,Ahmedabad,ST206,2025-03-06,Ops-E,Complete,Complete,Passed,Ready,Pending,Complete,354,959,83,36.9,Staffing,Delayed,-502
LCH12361,Delhi NCR,ST132,2025-01-08,Ops-D,Complete,Complete,Passed,Ready,Ready,Complete,490,1372,100,35.7,None,Go-Live Ready,-559
LCH12362,Hyderabad,ST174,2025-10-28,Ops-B,Complete,Complete,Passed,Ready,Pending,Complete,1205,624,83,193.1,Staffing,Delayed,-266
LCH12363,Mumbai,ST271,2025-12-09,Ops-E,Complete,Complete,Passed,Ready,Pending,Complete,1216,480,83,253.3,Staffing,Delayed,-224
LCH12364,Chennai,ST949,2026-03-07,Ops-C,Complete,Complete,Passed,Ready,Ready,Complete,267,421,100,63.4,None,Go-Live Ready,-136
LCH12365,Mumbai,ST169,2026-02-28,Ops-B,Complete,Pending,Passed,Pending,Ready,Complete,1038,423,67,245.4,Tech Setup,Delayed,-143
LCH12366,Jaipur,ST913,2025-11-28,Ops-B,Complete,Complete,Passed,Ready,Ready,Complete,164,565,100,29.0,None,Go-Live Ready,-235
LCH12367,Kochi,ST462,2026-03-14,Ops-E,Complete,Complete,Passed,Ready,Ready,Complete,1495,327,100,457.2,Capacity,Go-Live Ready,-129
LCH12368,Bengaluru,ST749,2025-06-23,Ops-E,Complete,Complete,Passed,Ready,Ready,Complete,1060,376,100,281.9,Capacity,Go-Live Ready,-393
LCH12369,Kochi,ST533,2026-06-11,Ops-E,Complete,Complete,Passed,Ready,Ready,Complete,776,731,100,106.2,Capacity,Go-Live Ready,-40
LCH12370,Mumbai,ST200,2025-01-26,Ops-C,Complete,Complete,Failed,Ready,Ready,Complete,1510,1178,83,128.2,Testing,Delayed,-541
LCH12371,Delhi NCR,ST758,2026-02-10,Ops-B,Complete,Complete,Passed,Ready,Ready,Pending,839,1193,83,70.3,SOP,Delayed,-161
LCH12372,Kolkata,ST109,2025-08-20,Ops-D,Complete,Complete,Passed,Pending,Ready,Complete,923,1358,83,68.0,Inventory,Delayed,-335
LCH12373,Jaipur,ST674,2026-06-17,Ops-C,Complete,Complete,Passed,Ready,Ready,Complete,1554,735,100,211.4,Capacity,Go-Live Ready,-34
LCH12374,Delhi NCR,ST797,2026-07-04,Ops-A,Complete,Complete,Passed,Ready,Ready,Complete,1062,1437,100,73.9,None,Go-Live Ready,-17
LCH12375,Mumbai,ST129,2026-05-20,Ops-E,Pending,Complete,Passed,Ready,Ready,Complete,269,1385,83,19.4,Onboarding,Delayed,-62
LCH12376,Kolkata,ST993,2025-06-28,Ops-B,Complete,Complete,Passed,Ready,Ready,Complete,175,351,100,49.9,None,Go-Live Ready,-388
LCH12377,Bengaluru,ST214,2025-05-12,Ops-C,Complete,Complete,Pending,Ready,Ready,Pending,213,415,67,51.3,Testing,Delayed,-435
LCH12378,Mumbai,ST562,2026-03-31,Ops-A,Complete,Pending,Passed,Ready,Ready,Complete,609,346,83,176.0,Tech Setup,Delayed,-112
LCH12379,Chennai,ST243,2025-12-14,Ops-C,Complete,Complete,Passed,Ready,Pending,Pending,463,737,67,62.8,Staffing,Delayed,-219
LCH12380,Pune,ST490,2026-06-24,Ops-C,Complete,Complete,Passed,Ready,Ready,Complete,954,400,100,238.5,Capacity,Go-Live Ready,-27
LCH12381,Kolkata,ST732,2026-02-10,Ops-D,Complete,Complete,Passed,Ready,Ready,Complete,1389,406,100,342.1,Capacity,Go-Live Ready,-161
LCH12382,Mumbai,ST782,2025-03-17,Ops-D,Complete,Complete,Passed,Ready,Ready,Complete,1135,1282,100,88.5,None,Go-Live Ready,-491
LCH12383,Delhi NCR,ST257,2026-05-07,Ops-C,Complete,Complete,Passed,Ready,Ready,Pending,885,1358,83,65.2,SOP,Delayed,-75
LCH12384,Chennai,ST435,2025-07-13,Ops-A,Complete,Complete,Passed,Ready,Ready,Complete,1038,1300,100,79.8,None,Go-Live Ready,-373
LCH12385,Hyderabad,ST961,2025-06-11,Ops-B,Complete,Complete,Passed,Pending,Ready,Complete,1131,658,83,171.9,Inventory,Delayed,-405
LCH12386,Kolkata,ST360,2025-12-13,Ops-B,Complete,Complete,Passed,Ready,Ready,Complete,728,1186,100,61.4,None,Go-Live Ready,-220
LCH12387,Chennai,ST182,2025-12-27,Ops-E,Complete,Complete,Passed,Ready,Ready,Complete,1532,1099,100,139.4,Capacity,Go-Live Ready,-206
LCH12388,Delhi NCR,ST854,2025-03-28,Ops-E,Complete,Complete,Passed,Ready,Ready,Complete,1299,1325,100,98.0,None,Go-Live Ready,-480
LCH12389,Mumbai,ST541,2025-09-19,Ops-B,Complete,Complete,Passed,Ready,Ready,Complete,1121,1467,100,76.4,None,Go-Live Ready,-305
LCH12390,Kochi,ST272,2025-08-02,Ops-C,Pending,Complete,Pending,Ready,Ready,Complete,1010,734,67,137.6,Onboarding,Delayed,-353
LCH12391,Bengaluru,ST331,2025-09-19,Ops-C,Complete,Complete,Passed,Ready,Ready,Complete,856,903,100,94.8,None,Go-Live Ready,-305
LCH12392,Kochi,ST820,2025-10-10,Ops-D,Complete,Complete,Pending,Ready,Ready,Complete,1260,865,83,145.7,Testing,Delayed,-284
LCH12393,Pune,ST175,2026-04-12,Ops-D,Complete,Complete,Passed,Ready,Ready,Complete,1516,1215,100,124.8,Capacity,Go-Live Ready,-100
LCH12394,Chennai,ST370,2026-01-15,Ops-E,Complete,Complete,Passed,Ready,Ready,Complete,544,527,100,103.2,Capacity,Go-Live Ready,-187
LCH12395,Pune,ST726,2025-12-28,Ops-B,Complete,Complete,Passed,Ready,Ready,Complete,633,844,100,75.0,None,Go-Live Ready,-205
LCH12396,Bengaluru,ST162,2026-03-25,Ops-C,Complete,Complete,Pending,Ready,Ready,Complete,815,947,83,86.1,Testing,Delayed,-118
LCH12397,Chennai,ST974,2026-03-17,Ops-B,Complete,Complete,Passed,Ready,Ready,Complete,605,547,100,110.6,Capacity,Go-Live Ready,-126
LCH12398,Ahmedabad,ST420,2025-04-03,Ops-A,Complete,Complete,Passed,Ready,Ready,Complete,359,1376,100,26.1,None,Go-Live Ready,-474
LCH12399,Delhi NCR,ST202,2026-02-28,Ops-B,Complete,Complete,Passed,Ready,Pending,Complete,674,613,83,110.0,Staffing,Delayed,-143
LCH12400,Chennai,ST529,2025-05-22,Ops-A,Complete,Complete,Pending,Pending,Ready,Complete,825,336,67,245.5,Testing,Delayed,-425
LCH12401,Delhi NCR,ST974,2025-10-18,Ops-D,Complete,Complete,Pending,Ready,Ready,Complete,1151,1023,83,112.5,Testing,Delayed,-276
LCH12402,Kochi,ST822,2026-03-08,Ops-D,Pending,Pending,Failed,Ready,Ready,Complete,1045,1279,50,81.7,Onboarding,Delayed,-135
LCH12403,Jaipur,ST355,2025-02-18,Ops-E,Complete,Pending,Failed,Ready,Ready,Complete,1153,383,67,301.0,Tech Setup,Delayed,-518
LCH12404,Kolkata,ST632,2025-10-29,Ops-B,Complete,Complete,Passed,Ready,Ready,Complete,456,1199,100,38.0,None,Go-Live Ready,-265
LCH12405,Jaipur,ST670,2025-07-09,Ops-B,Complete,Pending,Passed,Pending,Ready,Complete,1249,1417,67,88.1,Tech Setup,Delayed,-377
LCH12406,Mumbai,ST212,2025-05-16,Ops-A,Complete,Complete,Passed,Ready,Ready,Complete,1195,1018,100,117.4,Capacity,Go-Live Ready,-431
LCH12407,Kolkata,ST413,2026-02-08,Ops-D,Complete,Complete,Passed,Ready,Ready,Complete,209,849,100,24.6,None,Go-Live Ready,-163
LCH12408,Kolkata,ST561,2025-12-07,Ops-A,Complete,Complete,Passed,Ready,Ready,Complete,535,1014,100,52.8,None,Go-Live Ready,-226
LCH12409,Hyderabad,ST808,2025-11-14,Ops-D,Complete,Complete,Pending,Ready,Pending,Complete,205,886,67,23.1,Testing,Delayed,-249
LCH12410,Kolkata,ST987,2025-12-29,Ops-A,Complete,Complete,Passed,Ready,Ready,Complete,317,1451,100,21.8,None,Go-Live Ready,-204
LCH12411,Bengaluru,ST562,2026-01-17,Ops-D,Complete,Complete,Passed,Ready,Ready,Complete,1585,451,100,351.4,Capacity,Go-Live Ready,-185
LCH12412,Jaipur,ST965,2025-08-21,Ops-A,Complete,Complete,Pending,Ready,Ready,Complete,866,1361,83,63.6,Testing,Delayed,-334
LCH12413,Kochi,ST192,2025-12-10,Ops-D,Complete,Complete,Passed,Ready,Ready,Complete,1014,1428,100,71.0,None,Go-Live Ready,-223
LCH12414,Delhi NCR,ST152,2026-07-03,Ops-A,Complete,Complete,Passed,Ready,Ready,Complete,1364,464,100,294.0,Capacity,Go-Live Ready,-18
LCH12415,Mumbai,ST905,2026-06-13,Ops-B,Complete,Complete,Passed,Ready,Ready,Complete,631,1237,100,51.0,None,Go-Live Ready,-38
LCH12416,Kolkata,ST620,2025-07-02,Ops-E,Complete,Complete,Passed,Ready,Ready,Complete,1589,511,100,311.0,Capacity,Go-Live Ready,-384
LCH12417,Mumbai,ST912,2025-02-10,Ops-A,Complete,Complete,Passed,Ready,Ready,Complete,489,825,100,59.3,None,Go-Live Ready,-526
LCH12418,Kochi,ST198,2026-02-01,Ops-E,Complete,Pending,Passed,Ready,Ready,Complete,945,1041,83,90.8,Tech Setup,Delayed,-170
LCH12419,Mumbai,ST336,2026-05-09,Ops-B,Complete,Complete,Passed,Ready,Ready,Complete,1041,431,100,241.5,Capacity,Go-Live Ready,-73
LCH12420,Kochi,ST474,2025-11-29,Ops-B,Complete,Complete,Failed,Ready,Ready,Complete,925,1475,83,62.7,Testing,Delayed,-234
LCH12421,Kolkata,ST681,2025-05-07,Ops-D,Complete,Complete,Passed,Ready,Ready,Complete,1432,395,100,362.5,Capacity,Go-Live Ready,-440
LCH12422,Kochi,ST657,2025-01-01,Ops-E,Complete,Complete,Passed,Ready,Pending,Complete,1523,1312,83,116.1,Staffing,Delayed,-566
LCH12423,Kolkata,ST749,2025-06-17,Ops-C,Complete,Complete,Failed,Ready,Ready,Complete,750,821,83,91.4,Testing,Delayed,-399
LCH12424,Hyderabad,ST334,2025-01-19,Ops-D,Complete,Pending,Passed,Ready,Ready,Complete,586,673,83,87.1,Tech Setup,Delayed,-548
LCH12425,Hyderabad,ST132,2025-11-28,Ops-E,Pending,Complete,Passed,Ready,Ready,Complete,1395,1339,83,104.2,Onboarding,Delayed,-235
LCH12426,Kochi,ST389,2026-04-01,Ops-A,Complete,Complete,Passed,Pending,Ready,Complete,1586,907,83,174.9,Inventory,Delayed,-111
LCH12427,Hyderabad,ST738,2025-04-19,Ops-A,Complete,Complete,Passed,Ready,Ready,Complete,1523,317,100,480.4,Capacity,Go-Live Ready,-458
LCH12428,Delhi NCR,ST679,2025-09-25,Ops-B,Pending,Complete,Passed,Ready,Ready,Complete,1232,1330,83,92.6,Onboarding,Delayed,-299
LCH12429,Delhi NCR,ST642,2026-03-21,Ops-C,Complete,Complete,Passed,Ready,Ready,Complete,301,1277,100,23.6,None,Go-Live Ready,-122
LCH12430,Hyderabad,ST214,2025-08-28,Ops-A,Complete,Complete,Passed,Ready,Ready,Complete,1083,1178,100,91.9,None,Go-Live Ready,-327
LCH12431,Hyderabad,ST304,2025-10-28,Ops-E,Complete,Complete,Passed,Ready,Ready,Complete,689,893,100,77.2,None,Go-Live Ready,-266
LCH12432,Ahmedabad,ST129,2025-04-13,Ops-E,Complete,Complete,Passed,Ready,Ready,Complete,374,942,100,39.7,None,Go-Live Ready,-464
LCH12433,Ahmedabad,ST743,2025-09-07,Ops-A,Complete,Complete,Passed,Ready,Ready,Complete,1491,428,100,348.4,Capacity,Go-Live Ready,-317
LCH12434,Kolkata,ST574,2026-03-29,Ops-E,Pending,Complete,Passed,Ready,Ready,Pending,712,1100,67,64.7,Onboarding,Delayed,-114
LCH12435,Kochi,ST797,2026-06-04,Ops-E,Complete,Complete,Pending,Ready,Ready,Complete,1452,754,83,192.6,Testing,Delayed,-47
LCH12436,Pune,ST353,2025-06-02,Ops-B,Complete,Complete,Passed,Ready,Ready,Complete,707,1175,100,60.2,None,Go-Live Ready,-414
LCH12437,Pune,ST898,2025-06-23,Ops-C,Complete,Complete,Passed,Ready,Pending,Pending,767,870,67,88.2,Staffing,Delayed,-393
LCH12438,Hyderabad,ST486,2025-12-09,Ops-B,Complete,Complete,Passed,Ready,Ready,Complete,173,1395,100,12.4,None,Go-Live Ready,-224
LCH12439,Mumbai,ST162,2026-03-07,Ops-C,Complete,Complete,Passed,Ready,Ready,Complete,517,1313,100,39.4,None,Go-Live Ready,-136
LCH12440,Hyderabad,ST615,2025-11-20,Ops-E,Complete,Complete,Passed,Ready,Ready,Complete,1148,1483,100,77.4,None,Go-Live Ready,-243
LCH12441,Ahmedabad,ST530,2026-02-24,Ops-C,Complete,Complete,Passed,Ready,Ready,Complete,484,1410,100,34.3,None,Go-Live Ready,-147
LCH12442,Kolkata,ST680,2026-04-30,Ops-E,Complete,Complete,Passed,Ready,Ready,Complete,152,700,100,21.7,None,Go-Live Ready,-82
LCH12443,Hyderabad,ST637,2026-02-16,Ops-E,Pending,Complete,Passed,Ready,Pending,Complete,1157,761,67,152.0,Onboarding,Delayed,-155
LCH12444,Jaipur,ST791,2025-03-25,Ops-B,Complete,Complete,Passed,Ready,Ready,Pending,1431,388,83,368.8,SOP,Delayed,-483
LCH12445,Mumbai,ST241,2025-04-23,Ops-B,Complete,Complete,Passed,Ready,Ready,Complete,412,1122,100,36.7,None,Go-Live Ready,-454
LCH12446,Jaipur,ST843,2025-11-28,Ops-D,Complete,Complete,Passed,Ready,Ready,Complete,270,305,100,88.5,None,Go-Live Ready,-235
LCH12447,Kolkata,ST400,2026-01-13,Ops-A,Complete,Pending,Passed,Ready,Ready,Complete,170,1244,83,13.7,Tech Setup,Delayed,-189
LCH12448,Kolkata,ST775,2025-02-10,Ops-D,Complete,Complete,Passed,Ready,Ready,Complete,1054,383,100,275.2,Capacity,Go-Live Ready,-526
LCH12449,Delhi NCR,ST411,2025-04-15,Ops-D,Complete,Complete,Passed,Ready,Ready,Complete,289,1395,100,20.7,None,Go-Live Ready,-462
LCH12450,Chennai,ST571,2025-07-21,Ops-C,Complete,Complete,Passed,Ready,Ready,Complete,1462,920,100,158.9,Capacity,Go-Live Ready,-365
LCH12451,Jaipur,ST493,2026-03-26,Ops-E,Complete,Complete,Passed,Ready,Ready,Complete,355,1435,100,24.7,None,Go-Live Ready,-117
LCH12452,Delhi NCR,ST742,2025-09-23,Ops-E,Pending,Complete,Passed,Ready,Ready,Complete,192,471,83,40.8,Onboarding,Delayed,-301
LCH12453,Ahmedabad,ST545,2025-07-29,Ops-E,Complete,Complete,Passed,Ready,Pending,Complete,999,998,83,100.1,Staffing,Delayed,-357
LCH12454,Bengaluru,ST858,2025-04-28,Ops-A,Pending,Complete,Passed,Pending,Ready,Complete,1291,572,67,225.7,Onboarding,Delayed,-449
LCH12455,Mumbai,ST909,2026-01-12,Ops-C,Complete,Complete,Passed,Ready,Ready,Complete,1178,829,100,142.1,Capacity,Go-Live Ready,-190
LCH12456,Bengaluru,ST272,2026-06-24,Ops-C,Complete,Complete,Passed,Ready,Ready,Complete,356,618,100,57.6,None,Go-Live Ready,-27
LCH12457,Kochi,ST676,2025-03-25,Ops-E,Complete,Pending,Passed,Ready,Ready,Complete,784,1405,83,55.8,Tech Setup,Delayed,-483
LCH12458,Ahmedabad,ST131,2026-03-30,Ops-D,Complete,Complete,Passed,Ready,Ready,Complete,494,1398,100,35.3,None,Go-Live Ready,-113
LCH12459,Ahmedabad,ST147,2026-05-29,Ops-A,Complete,Complete,Failed,Ready,Ready,Complete,1315,728,83,180.6,Testing,Delayed,-53
LCH12460,Bengaluru,ST230,2026-01-22,Ops-D,Complete,Complete,Pending,Ready,Ready,Complete,521,1146,83,45.5,Testing,Delayed,-180
LCH12461,Jaipur,ST452,2025-12-16,Ops-B,Complete,Pending,Pending,Ready,Pending,Complete,1405,548,50,256.4,Tech Setup,Delayed,-217
LCH12462,Chennai,ST945,2025-10-23,Ops-C,Pending,Complete,Pending,Ready,Ready,Complete,1337,686,67,194.9,Onboarding,Delayed,-271
LCH12463,Jaipur,ST722,2025-09-15,Ops-C,Complete,Complete,Passed,Ready,Ready,Complete,696,662,100,105.1,Capacity,Go-Live Ready,-309
LCH12464,Bengaluru,ST681,2025-03-22,Ops-D,Complete,Complete,Passed,Ready,Ready,Complete,1537,367,100,418.8,Capacity,Go-Live Ready,-486
LCH12465,Kochi,ST158,2025-09-25,Ops-A,Complete,Complete,Passed,Ready,Ready,Complete,1133,737,100,153.7,Capacity,Go-Live Ready,-299
LCH12466,Jaipur,ST206,2026-02-23,Ops-C,Complete,Complete,Passed,Ready,Pending,Complete,484,1315,83,36.8,Staffing,Delayed,-148
LCH12467,Pune,ST912,2025-08-23,Ops-D,Complete,Pending,Pending,Ready,Ready,Pending,160,1456,50,11.0,Tech Setup,Delayed,-332
LCH12468,Jaipur,ST430,2025-11-07,Ops-A,Complete,Complete,Passed,Ready,Ready,Complete,1581,595,100,265.7,Capacity,Go-Live Ready,-256
LCH12469,Kolkata,ST868,2025-12-23,Ops-D,Complete,Complete,Failed,Ready,Ready,Pending,224,946,67,23.7,Testing,Delayed,-210
LCH12470,Delhi NCR,ST924,2025-08-01,Ops-A,Complete,Complete,Passed,Ready,Ready,Complete,1473,332,100,443.7,Capacity,Go-Live Ready,-354
LCH12471,Mumbai,ST783,2025-02-18,Ops-E,Complete,Complete,Passed,Ready,Ready,Complete,1096,331,100,331.1,Capacity,Go-Live Ready,-518
LCH12472,Jaipur,ST483,2025-05-07,Ops-A,Complete,Complete,Passed,Ready,Ready,Complete,1062,854,100,124.4,Capacity,Go-Live Ready,-440
LCH12473,Chennai,ST262,2025-08-11,Ops-B,Complete,Pending,Passed,Ready,Pending,Complete,1554,604,67,257.3,Tech Setup,Delayed,-344
LCH12474,Chennai,ST386,2025-10-06,Ops-E,Complete,Complete,Passed,Pending,Ready,Complete,859,1092,83,78.7,Inventory,Delayed,-288
LCH12475,Jaipur,ST171,2026-02-12,Ops-D,Pending,Pending,Passed,Ready,Ready,Complete,1002,1431,67,70.0,Onboarding,Delayed,-159
LCH12476,Hyderabad,ST867,2026-05-20,Ops-E,Complete,Complete,Pending,Ready,Ready,Complete,925,395,83,234.2,Testing,Delayed,-62
LCH12477,Ahmedabad,ST554,2025-10-21,Ops-E,Complete,Complete,Passed,Ready,Ready,Complete,1035,1389,100,74.5,None,Go-Live Ready,-273
LCH12478,Jaipur,ST986,2025-10-04,Ops-D,Complete,Complete,Passed,Ready,Ready,Complete,885,820,100,107.9,Capacity,Go-Live Ready,-290
LCH12479,Ahmedabad,ST667,2026-03-14,Ops-D,Complete,Complete,Passed,Ready,Ready,Complete,783,529,100,148.0,Capacity,Go-Live Ready,-129
LCH12480,Pune,ST935,2025-04-17,Ops-B,Pending,Complete,Failed,Pending,Ready,Complete,1201,1032,50,116.4,Onboarding,Delayed,-460
LCH12481,Bengaluru,ST497,2026-02-24,Ops-D,Complete,Complete,Passed,Pending,Ready,Complete,545,657,83,83.0,Inventory,Delayed,-147
LCH12482,Pune,ST615,2026-03-05,Ops-C,Complete,Complete,Passed,Ready,Ready,Complete,832,701,100,118.7,Capacity,Go-Live Ready,-138
LCH12483,Jaipur,ST126,2026-01-10,Ops-C,Pending,Complete,Passed,Ready,Ready,Complete,1549,1089,83,142.2,Onboarding,Delayed,-192
LCH12484,Chennai,ST413,2025-03-14,Ops-B,Complete,Complete,Passed,Pending,Ready,Complete,570,398,83,143.2,Inventory,Delayed,-494
LCH12485,Hyderabad,ST226,2025-01-30,Ops-A,Complete,Complete,Passed,Ready,Ready,Complete,513,570,100,90.0,None,Go-Live Ready,-537
LCH12486,Kochi,ST508,2025-07-07,Ops-A,Complete,Complete,Passed,Ready,Ready,Complete,1389,661,100,210.1,Capacity,Go-Live Ready,-379
LCH12487,Ahmedabad,ST665,2025-12-30,Ops-C,Complete,Complete,Pending,Ready,Ready,Complete,1274,1487,83,85.7,Testing,Delayed,-203
LCH12488,Delhi NCR,ST298,2026-03-27,Ops-D,Complete,Complete,Pending,Ready,Ready,Complete,242,827,83,29.3,Testing,Delayed,-116
LCH12489,Ahmedabad,ST911,2025-07-14,Ops-B,Complete,Complete,Passed,Ready,Ready,Complete,415,1492,100,27.8,None,Go-Live Ready,-372
LCH12490,Kolkata,ST288,2025-06-05,Ops-A,Pending,Complete,Failed,Ready,Ready,Complete,355,1344,67,26.4,Onboarding,Delayed,-411
LCH12491,Mumbai,ST798,2025-06-21,Ops-A,Complete,Complete,Passed,Ready,Ready,Complete,1253,839,100,149.3,Capacity,Go-Live Ready,-395
LCH12492,Jaipur,ST917,2025-02-10,Ops-E,Pending,Complete,Passed,Ready,Ready,Complete,186,894,83,20.8,Onboarding,Delayed,-526
LCH12493,Pune,ST910,2025-03-04,Ops-C,Complete,Complete,Passed,Ready,Pending,Complete,1184,1132,83,104.6,Staffing,Delayed,-504
LCH12494,Delhi NCR,ST816,2025-01-23,Ops-D,Complete,Complete,Passed,Ready,Ready,Complete,1263,696,100,181.5,Capacity,Go-Live Ready,-544
LCH12495,Chennai,ST584,2025-12-26,Ops-B,Complete,Complete,Passed,Ready,Ready,Complete,893,1359,100,65.7,None,Go-Live Ready,-207
LCH12496,Chennai,ST550,2025-03-16,Ops-A,Complete,Complete,Passed,Ready,Ready,Complete,168,794,100,21.2,None,Go-Live Ready,-492
LCH12497,Chennai,ST623,2025-04-28,Ops-E,Complete,Pending,Passed,Ready,Ready,Complete,523,613,83,85.3,Tech Setup,Delayed,-449
LCH12498,Kochi,ST971,2026-01-15,Ops-C,Complete,Complete,Passed,Ready,Ready,Complete,243,789,100,30.8,None,Go-Live Ready,-187
LCH12499,Kolkata,ST454,2025-10-17,Ops-C,Complete,Complete,Passed,Ready,Pending,Complete,181,532,83,34.0,Staffing,Delayed,-277
LCH12500,Chennai,ST758,2026-03-16,Ops-B,Complete,Complete,Passed,Ready,Ready,Complete,289,1329,100,21.7,None,Go-Live Ready,-127
